a,b,y
Vocabulary even went to Brazil through leaving Portuguese settlers with some Macanese and Chinese settlers .,Vocabulary even went to Brazil by leaving Macanese and Chinese settlers with some Portuguese settlers .,0
Kabir Suman recorded several albums under the name of Suman Chattopaddhyay or Suman Chatterjee between 1992 and 1999 .,"Suman Chatterjee , recorded a number of albums between 1992 and 1999 under the name Suman Chattopaddhyay or Kabir Suman .",0
"The Austrian school assumes that the subjective choices of individuals , including individual knowledge , time , expectations , and other subjective factors , cause all economic phenomena .","The Austrian school assumes that the subjective choices of individuals , including subjective knowledge , time , expectation , and other individual factors , cause all economic phenomena .",0
"On January 17 , 2000 , there were reports of the RSS and some BJP - hardliners threatening to restart the party .","On 17 January 2000 , there were reports of the BJP and some RSS hard-liners threatening to restart the party .",0
"Guillermo Pérez Roldán defeated Andrés Gómez with 6 -- 0 , 7 -- 6 , 3 -- 6 , 0 - 6 , 6 - 2 .","Andrés Gómez defeated Guillermo Pérez Roldán 6 -- 0 , 7 -- 6 , 3 - 6 , 0 - 6 , 6 - 2",0
The complex of the Trabzon World Trade Center is close to Trabzon Airport .,The complex of World Trade Center Trabzon is situated close to Trabzon Airport .,1
"Laetitia Pujol was a shadowy presence as Le Homme ; Karl Paquette was his strong , melancholy double ; and Mathieu Ganio portrayed La Femme .","Laetitia Pujol was a shady presence as Le Homme , Karl Paquette was his strong , melancholy double , and Mathieu Ganio portrayed La Femme .",1
"Earlier in 209 , Sun Quan Sun married Quan ’ s younger sister , Lady Sun , to strengthen the alliance between him and Liu Bei .","Earlier in 209 , Sun Quan married Sun Quan 's younger sister Lady Sun to strengthen the alliance between him and Liu Bei .",1
"His parents are Ernie Gordon , who grew up with Yankees - fan in Hyde Park , New York , and Wendy Abrahamsen .","His parents are Wendy Abrahamsen , who grew up a Yankees fan in Hyde Park , New York , and Ernie Gordon .",0
"On April 21 , 2018 , Edson Barboza is expected to meet at UFC Fight Night 128 .","Edson Barboza is expected to face Lee on April 21 , 2018 , at UFC Fight Night 128 .",0
The department of dramatic speaking and public arts was originally headed by T. Earl Pardoe .,The Dramatic and Public Arts Department was originally headed by T. Earl Pardoe .,1
"Fowler married Sarah Sloane , daughter of Hans Sloane and niece of Sir William Sloane , who had two sons and a daughter .","Fowler married Sarah Sloane , daughter of William Sloane and niece of Sir Hans Sloane . They had two sons and a daughter :",0
The static component is the entire soil resistance minus the dynamic component .,The dynamic component is the total resistance of the soil minus the static component .,0
"Ballarat has a healthy environment in comparison to Melbourne ; however , as a growing regional city there are issues including pollution , waterway health and invasive species .","Melbourne has a healthy environment in comparison to Ballarat , but as a growing regional city there are issues such as pollution , waterway health and invasive species .",0
The director Larysa Malyukova and the film critic Amir Yatsiv discussed the rare genre of animated film .,A film director Larysa Malyukova and film critic Amir Yatsiv discussed the rare genre of the animated documentary .,1
"Turing had an older brother , John Dermot Turing ( the father of Sir John , 12th Baronet of Turing Baronets ) .","Turing had an elder brother , John Dermot Turing ( the father of Sir John , 12th Baronet of the Turing baronets ) .",1
"Thrasamund died in 523 and was succeeded by his cousin Hilderic , the firstborn son of Huneric .","In 523 , Thrasamund died and was replaced by his cousin Huneric , the firstborn son of Hilderic .",0
"Angelique Kerber won the title , defeating Karolína Plíšková in the final , 6 -- 3 , 5 -- 7 , 6 -- 4 .","Karolína Plíšková won the title and defeated in the final Angelique Kerber , 6 -- 3 , 5 -- 7 , 6 -- 4 .",0
"Born in 1935 in Mansfield , Nottinghamshire , Curry died in 1990 at the age of 54 in Longbenton , Northumberland .","Curry was born in Longbenton , Northumberland in 1935 and died in 1990 at the age of 54 in Mansfield , Nottinghamshire .",0
"Lukaszuk has two daughters , one with his previous wife , news anchor Stacey Brotzel CTV Edmonton and one with his current wife .","Lukaszuk has two daughters , one with his current wife , news speaker Stacey Brotzel CTV Edmonton and one with his previous wife .",0
"This is a list of the various heads of local government organisations that have served London , England .","This is a list of the various heads of the local governmental organisations that have served London , England .",1
"It is roughly southeast of Moosehead Lake , 2 miles southwest of Baker Mountain and 5 km west of White Cap Mountain .","It is located southeast of White Cap Mountain , 2 miles southwest of Baker Mountain and 5 miles west of Moosehead Lake .",0
"Tabda , also known as Tabto , is a town in the southern Jubbada Hoose ( Lower Juba ) region of Somalia .","Tabda , also known as Tabto , is a city in the southern Jubbada Hoose ( Lower Juba ) region of Somalia .",1
"Andrea Bocelli called her rehearsal performance `` very nice '' , and David Foster called her voice spectacular .","Andrea Andrea Bocelli called her sample performance `` very nice '' , and David Foster called her voice spectacular .",1
"Neptunea alexeyevi is a species of sea snail , a true gastropod mollusk in the Buccinidae family , the whelks navy .","Neptunea alexeyevi is a species of sea snail , a true gastropod mollusk in the family Buccinidae , the marine whelks .",1
"Younessi has a child , a son named Dariyan Rodin Younessi , who started his racing career at Karting at the age of four .","Dariyan Rodin Younessi has a child , a son called Younessi , who started his racing career with Karting at the age of four .",0
He was admitted to the New York bar in 1949 and commenced practice in New York City .,"In 1949 , he was admitted to the New York City Bar Association and began practice in New York .",1
"Crocker moved from Natchez , Mississippi to Vidalia , the headquarters of the Concordia Parish , and crossed the lower Ouachita in the section called Black River .","Crocker moved from Natchez , Mississippi to Vidalia , the seat of Concordia Parish , and crossed toward the lower Ouachita in the section called the Black River .",1
"The indigenous people of Chichigalpa were of Toltec origin , the Niquiranos and Chorotegas .","Of native origin , the Toltec people of Chichigalpa were the Niquiranos and Chorotegas .",0
"Based on the city of Baltimore , only mentioned , has never visited in the show .","Based on the city of Baltimore , never visited , only mentioned in the show .",1
The Lotriorul River is a tributary of the River Priporul in Romania .,The Priporul River is a tributary of the Lotriorul River in Romania .,0
The river Cârlibaba is a tributary of the River Tătarca in Romania .,The Tătarca River is a tributary of the Cârlibaba River in Romania .,0
"Mahoning Creek is a tributary of the Lehigh River in the Schuylkill and Carbon - County , Pennsylvania , in the United States .","Lehigh River is a tributary of the Mahoning Creek in the Schuylkill and Carbon Counties , Pennsylvania , in the United States .",0
"The Croatian variant is played counter-clockwise , while in Montenegro the order is used clockwise .","The Croatian variant is played clockwise , while in Montenegro the order is used counter-clockwise .",0
"The Joint Typhoon Warning Center also recognized Hagupit as the 11th Typhoon Typhoon , 16th Tropical Storm and 18th Tropical Depression of the Pacific Typhoon Season 2008 .","The Joint Typhoon Warning Center have also recognised Hagupit as the 11th typhoon,18th tropical storm , and the 16th tropical depression of the 2008 Pacific typhoon season .",0
"Where codice _ 3 is a type qualifier , which the unqualified type of codice _ 27 is codice _ 28 and the qualified type is codice _ 29 .","codice 3 is a type qualifier with the unqualified type of codice 27 codice 28 , which is the qualified type codice 29 .",1
"Some Hebrew and Aramaic abbreviations may not be included here , and others may be found in the list of Aramaic abbreviations or the list of Hebrew abbreviations .","Some Hebrew and Aramaic abbreviations may not be included here , and more can be found in the list of Hebrew abbreviations or in the list of Aramaic abbreviations .",1
"The mounting has a tripod , but the front leg is a castering wheel .","The mounting is a tripod , but the front leg has a steering wheel .",0
"In the early days , family life was long : water and firewood had to be brought by hard .",Family life was long in the early days . Both water and firewood had to be brought from hard .,1
"22.0 % were of German , 20.5 % Irish , 16.4 % Polish , 8.9 % Italian and 7.8 % English ancestry according to Census 2000 .","22.0 % were German according to the 2000 census , 20.5 % Irish , 16.4 % Polish , 8.9 % Italian and 7.8 % of English descent .",1
He acted as honorary consul in Adelaide for Sweden for 17 years .,He worked for Adelaide for 17 years as Honorary Consul in Sweden .,0
"Written by Michelle MacLaren and directed by George Mastras , broadcast on AMC in the United States and Canada on 8 September 2013 .","Written by George Mastras and directed by Michelle MacLaren , aired on AMC in the United States and Canada on 8 September 2013 .",0
"When Justice Tyler died in 1813 , John Tyler inherited Greenway at the age of 23 .","When Justice John Tyler died in 1813 , Tyler inherited Greenway at the age of 23 .",0
He was governor of Bihar from 3 March 1989 to 2 February 1990.He served as the governor of Haryana from 27 July 2009 to 26 July 2014 .,"From 3 March 1989 to 2 February 1990 , he was Governor of Bihar , from July 27 , 2009 to July 26 , 2014 , as Governor of Haryana .",1
"Gérard Depardieu was born to a wealthy Parisian family and married Lucie Guignot , Élisabeth Dominique , on February 19 , 1970 .",Élisabeth Dominique Lucie Guignot was born to a well-off Parisian family and married Gérard Depardieu on 19 February 1970 .,0
"AB InBev remains the largest brewery , second with SABMiller and Heineken International in third place .","AB InBev remains the largest brewery , with Heineken International second , and SABMiller third .",0
"The song was written by Thicke and Lamar alongside will.i.am , and produced by Dr. Luke and Cirkut .",The song was written by Thicke and Lamar together with Dr. Luke and produced by will.i.am and Cirkut .,0
"Kurt Hummel ( Chris Colfer ) , a former member of New Directions , attends the concert , accompanied by his friend Blaine Anderson ( Darren Criss ) .","Former New Directions member Blaine Anderson ( Chris Colfer ) attends the concert , accompanied by his boyfriend Kurt Hummel ( Darren Criss ) .",0
"The Fighter Escadrille was a unit of the Polish Air Force at the beginning of the Second World War , which was attached to the Łódź army .",162 . Fighter Escadrille was a unit of the Łódź Army at the start of the Second World War . The unit was attached to the Polish Air Force .,0
"In 1763 , Walter succeeded his 7th cousin Walter Aston , childless Lord Aston of Forfar , in the peerage of Scotland .","In 1763 , Walter followed his childless national cousin Walter Aston , 7th Lord Aston of Forfar , as Lord Aston of Forfar in the Peerage of Scotland .",0
CUTA has five national and regional committees .,The CUTA has five national and five regional committees .,1
Family life was long in the early days . Both water and firewood had to be brought from hard .,"In the early days , family life was a long one : water and firewood had to be brought from hard .",1
"The Los Angeles County Department of Health Services operates the Torrance Health Center in Harbor Gateway , Los Angeles , near Torrance , and serves Rolling Hills .","The Los Angeles County Department of Health Services operates the Torrance Health Center in Torrance , near Harbor Gateway , Los Angeles and serving Rolling Hills .",0
"Make Me Rich , Make Me Famous","Make me famous , Make me",0
"It was located around a pond in Tokunoshima of Isen Town , after which `` kamuiyaki '' was named .","It was located around a pond in Isen city of Tokunoshima , after which `` kamuiyaki '' was named .",0
"The first amber tournament was held in Monaco in 2011 , as were the 20th Amber Tournament .","The 20th Amber Tournament was held in Monaco in 2011 , as well as the first amber tournament .",0
The music for the film is composed by Bijibal and by Nadirsha as a background score .,"The music for the film is composed by Bijibal , and background score by Nadirsha .",1
These include replicas at Ramat Shlomo in Jerusalem and in Kfar Chabad in Israel .,These include replicas in Ramat Shlomo in Jerusalem and Kfar Chabad in Israel .,1
"In Nairobi , there are large occupying communities , such as Kibera in Kenya .","In Kenya , there are large occupying communities , such as Kibera in Nairobi .",0
"In July 1962 , the 4364th Support Squadron was activated at Mountain Home and assigned to the division , but attached to the 9th wing .","In July 1962 , the 4364th support squadron was activated in Mountain Home and allocated to the division , but assigned to the 9th wing .",1
The citizens rejected the Burgundian bishop and the new influence that led to the Liège wars was exiled to Maastricht by Louis .,"The citizens rejected the new bishop and the Burgundian influence , which led to the Liège Wars . Louis was exiled to Maastricht .",0
"A few years later , after Obasanjo died and General Abdulsalami Abubakar took power , General Abacha was released and pardoned .","A few years later , General Obasanjo was released and pardoned after Abacha died and after General Abdulsalami Abubakar took over power .",0
This radioactive heavier isotope can be new ( stable or unstable ) depending on the chemical element involved .,This heavier radioactive isotope may be new depending on the chemical element ( stable or unstable ) .,1
"The destroyer was ordered inactivated in 1922 ; and , on 12 April , entered the Philadelphia Navy Yard where she was decommissioned on 17 July 1922 .","The destroyer was defeated in 1922 and entered on 12 April in the Philadelphia Navy Yard , where she was inactivated on 17 July 1922 .",0
This North American East Hour series was broadcast from 22 May to 10 July 1966 on Sundays at 3 : 00 p.m. ( half time ) .,This half-hour series was broadcast from 22 May to 10 July 1966 on Sundays at 3 p.m. ( East North American Time ) .,0
"Diamonds and Batts lost the match after Sabin Batts held him , and he did not join the diamond .","Diamond and Batts lost the match after Sabin pinned Batts , and he did not join the Diamonds .",1
Then Scott and Short traveled overland to the Kentucky River to claim the land that they would later investigate .,Scott and Short then traveled overland to the Kentucky River to claim the land they would later examine .,1
"Route 130 leads north to Olney and east to Grayville , while Route 15 leads to the west of Fairfield and south to Mount Carmel .","Route 130 leads north to Olney and south to Grayville , while Route 15 to the east leads to Mount Carmel and west to Fairfield .",0
The river Buzăiel is a tributary of the River Tătaru in Romania .,The Tătaru River is a tributary of the Buzăiel River in Romania .,0
"This victory repeated in an Opel Astra in 2003 this victory with Reuter , Marcel Tiemann , Volker Strycek and Timo Scheider .","This victory repeated in an Opel Astra in 2003 this victory with Reuter , Timo Scheider , Volker Strycek and Marcel Tiemann .",1
"Hartman created the recording board for the sessions produced by Johnny Winter , on which the album `` I 'm Ready '' was ran .","Hartman ran the recording board for the sessions , produced by Johnny Winter , which created the album `` I 'm Ready '' .",0
"He fought Mike Donovan in a struggle led by a young 21-year-old Wyatt Earp on 4 July 1868 or 1869 in Cheyenne , Wyoming .","He fought Wyatt Earp in a bout refereed by a young 21-year-old Mike Donovan on July 4 , 1868 or 1869 in Cheyenne , Wyoming .",0
The river Lotriorul is a tributary of the River Priporul in Romania .,The Priporul is a tributary of the Lotriorul in Romania .,0
Most of the series produced by CBS films before 1976 or distributed by Paramount Television were later distributed by Viacom and CBS .,Most of the series produced by CBS or distributed by CBS films before 1976 were later distributed by Viacom and Paramount Television .,0
"He received formal koan study in 1988 with Yamada Koun and completed the dharma name Tetsu-un , `` Wisdom Cloud '' .","He received a formal koan in 1988 - studied with Yamada Koun and completed the Dharma name Tetsu-un , `` Wisdom - Cloud '' .",1
"During the era between 1836 and 1846 , when Mexico was a province of independent Napa County , the following 13 ranchos were granted in California :","During the period between 1836 and 1846 , when Mexico was a province of independent Napa County , the following 13 ranchos were given in California :",1
"Under his direction , the choir also gave concert tours in Australia ( 1987 ) , Israel ( 1988 ) and Estonia ( 1989 , 1990 ) .","The choir also gave concert tours in Israel ( 1987 ) , Australia ( 1988 ) , and Estonia ( 1989 , 1990 ) under his leadership .",0
"On October 11 , 2007 , Naito defeated Daiki Kameda by unanimous decision for the first defense of his WBC and lineal titles .","On October 11 , 2007 , Naito defeated Daiki cameda by unanimous decision for the first defense of his WBC and lineal title .",1
"In May 2012 , Broun decided he would not challenge Collins .","In May 2012 , Collins decided that he would not challenge Broun .",0
"His parents were William Henry Harman and Sally ( Garber ) Harman , who was born in Waynesboro , Virginia , February 17 , 1828 .","William Henry Harman was born in Waynesboro , Virginia on February 17 , 1828 . His parents were Lewis and Sally ( Garber ) Harman .",0
"Hine was born in New Westminster , British Columbia in 1936 and grew up in Burnaby .","Hine was born in 1936 in Burnaby and grew up in New Westminster , British Colombia .",0
"The countries currently on the list are Iran , North Korea , Sudan , and Syria .","Currently , the countries on the list are Iran , North Korea , Sudan and Syria .",1
"For Mead , unlike John Dewey and J. J. Gibson , however , the key is not just human action , but social action .","However , for Mead , unlike John Dewey and J. J. Gibson , the key is not simply social action , but rather human action .",0
"He was also a nephew of Elise Hambro , a brother of Cato , Carl Joachim and Johan Hambro , and from 1946 a stepson of Gyda Christensen .","He was also a nephew of Elise Hambro , a brother of Cato , Carl Joachim and Johan Hambro , and from 1946 Stepson of Gyda Christensen .",1
"The Grand Marquis LSE , introduced in the spring of 2001 , had a rear air suspension , the higher rear axle translation and the 4.6 litre dual exhaust engine .","Introduced in the Spring of 2001 , the Grand Marquis LSE had rear air suspension , the higher rear axle ratio and the dual exhaust 4.6 L engine .",1
"In 1917 Johnson managed `` Jack Johnson 's Topeka Giants , '' a team that played at least one game against the All Nations base ball club .","In 1917 , Jack Johnson headed Johnson 's Topeka Giants '' , a team that played at least one game against the All Nations Base Ball Club .",0
"John Benezet was a native of Philadelphia , the son of Daniel Benezet , a prominent Philadelphia merchant .","John Benezet was a native of Philadelphia and the son of Daniel Benezet , a prominent Philadelphia merchant .",1
"BBC South East is the BBC English region serving Kent , West Sussex , part of East Sussex and a small part of Surrey .","BBC South East is the English region of the BBC , serving Kent , West Sussex , part of East Sussex and a small part of Surrey .",1
Crash Landed was released in Japan as the second single in July 2009 and Korea as the third single in April 2010 .,Crash Landed was published in Korea in July 2009 as the third single and in April 2010 as the second single in Japan .,0
"The flag of Kenya of 1963 is similar , but has inserted white lines between colors .","The flag of Kenya of 1963 is white , but has similar lines inserted in between the colors .",0
Richmond Cricket Club was based in Richmond ( historically part of Surrey and now in London ) and was a leading club during the 18th century .,Richmond Richmond Cricket Club was in Richmond ( historically part of Surrey and now in London ) and was a leading club during the 18th century .,1
"Mendota is a former settlement located in Fresno County , California , north of Warsaw , near the Pueblo de las Juntas .",It is a former settlement in the Fresno county of California you was located north of Mendota near the site of Pueblo de Las Juntas .,0
"Elwood Cohn was born on March 3 , 1922 in San Jose , Costa Rica , to Montealegre Clemencia Carazo and Felicia Cohn Montealegre .","Felicia Cohn Montealegre was born on 3rd March 1922 in San Jose , Costa Rica to Clemencia Montealegre Carazo and Roy Elwood Cohn .",0
"Jeppe Tengbjerg ( born December 28 , 1973 ) is a Danish football manager and former football player .",Jeppe Tengbjerg ( born 28 December 1973 ) is a former football manager and Danish football player .,0
"Christie also translated into English the biography of Francisco Sabate Llopart , `` Sabate : An Extraordinary Guerrilla '' , by Antonio Téllez Solá .","Sabate has also translated the biography of Francisco Sabate Llopart , `` Christie : An extraordinary guerrilla '' , by Antonio Téllez Solá in English .",0
Parallel totally antisymmetric torsion .,Totally parallel antisymmetric torsion .,1
"The occupation includes Ashwini Bhave , Nilu Phule , Sulabha Deshpandey , Savita Prabhune , Ashok Saraf , Vikram Gokhale , Raja Mayekar , Chandu Parkhi , and","The cast includes Ashok Saraf , Vikram Gokhale , Savita Prabhune , Ashwini Bhave , Nilu Phule , Sulabha Deshpandey , Raja Mayekar , chandu parkhi ,",1
The fate of the German prisoners of war in the Soviet Union was little better ; more than half a million died in terrible conditions in the Soviet camps .,"The fate of the Soviet prisoners of war in the Soviet Union was little better , with more than half a million died in terrible conditions in the German camps .",0
`` The Woman King '' is the third episode of the fourteenth season from the Science - Fiction series '' Battlestar Galactica `` .,`` The Woman King '' is the fourteenth episode of the third season from the science fiction television series `` Battlestar Galactica '' .,0
"The Aube has 365 historical monuments , 144 of which are classified and 221 are registered .","The Aube has 365 historical monuments of which 144 are classified , and 221 are enrolled .",1
He has described the `` deep state '' as a `` Shadow Government '' and `` Deep state swamp of Obama holdovers and DC lifers '' .,He has described the `` Deep State '' as '' Shadow Government `` and the Deep State Swamp of Obama Holdovers and DC Lifers '' .,1
"Such a distorted peptide , or `` modified key `` , will automatically become an inhibitor candidate against HIV protease .",Such a distorted peptide or `` modified key '' becomes an inhibitor candidate against HIV protease automatically .,1
"Iva Majoli won the title by defeating Mary Pierce in the final with 6 : 4 , 6 : 4 .","Mary Pierce won the title by victory against Iva Majoli 6 -- 4 , 6 -- 4 in the final .",0
"Chabrian Jattan is a village in the Mirpur Tehsil of Azad Kashmir of Mirpur District , Pakistan .",Chabrian Jattan is a village in Mirpur Tehsil by Azad Kashmir in the Mirpur district of Pakistan .,1
Polokce is a village situated in Serbia municipality in Novi Pazar .,Polokce is a village in Novi Pazar municipality in Serbia .,0
She sailed over Rio de Janeiro and arrived in Sydney on September 14 .,She sailed over Sydney and arrived on 14 September in Rio de Janeiro .,0
"InFocus M810 is a smartphone marketed by InFocus and manufactured by Foxconn . It was released on July 31 , 2014 .","InFocus M810 is a smartphone distributed by InFocus and manufactured by Foxconn . It was released on July 31 , 2014 .",1
"We find the following local object telegraphed to the Republican fayette from Cedar Rapids , March 6 , 1885 .","`` We find the following local item telegraphed to the Cedar Rapids Republican from Fayette , March 6 , 1885 .",0
He was born in Quebec around 1760 and settled in Detroit ( then part of Scotland ) in 1782 .,He was born in Québec around 1760 and settled in Detroit in 1782 ( then a part of Scotland ) .,1
He lives with a humble and single ambition : to dominate the world ( the whole planet ) .,He lives with a single and `` humble '' ambition : to master the world ( the whole planet ) .,1
"Guido Reni , also known as the Marchino di Marco Bandinelli , was an Italian baroque painter .","Marco Marco Bandinelli , also known as the Marchino di Guido Reni , was an Italian baroque painter .",0
"`` Thomas Joseph Mboya was a very good friend and confidante of Eric '' , words of third Kenyan President Mwai Kibaki during the funeral of Khasakhala .","`` Eric was a very good friend and confidante of Thomas Joseph Mboya '' , words of the 3rd Kenyan president , Mwai Kibaki , during Khasakhala 's funeral .",0
Lake Sammamish enters the Issaquah Creek park .,Issaquah Creek enters Lake Sammamish in the park .,0
"In 2009 , the Single Signing Framing Hanley received the Silent Majority Group a gold certification for their first `` Lollipop '' .","In 2009 , the first signing of Silent Majority Group Framing Hanley received a gold certification for their single `` Lollipop '' .",0
"When the police made the discovery , Latimer admitted responsibility but later denied he had killed her .","When the police made the discovery , Latimer denied the responsibility , but later admitted that he had killed her .",0
"He died in his home in Bridgeton on July 23 , 1942 , and is buried in the Old Broad Street Presbyterian Church and Cemetery in Trenton .","He died in his home in Trenton on July 23 , 1942 , and is buried in the Old Broad Street Presbyterian Church and Cemetery in Bridgeton .",0
It was also produced by Nancy Sinatra in 1966 on her album `` Boots '' and PP Arnold produced once again by Andrew Loog Oldham in 1970 .,"It was also covered by PP Arnold in 1966 , on her album `` Boots '' and Nancy Sinatra in 1970 , once again produced by Andrew Loog Oldham .",0
The hurricane indirectly killed a person and killed two directly in the state .,The hurricane directly killed one person and indirectly killed two in the state .,0
"In Ngapoi , Ngapoi Ngawang Jigme `` , for example , was his family name and '' Nga - Wang Jigmê `` his personal name .","For example , in Ngapoi Ngawang Jigme , `` Ngapoi '' was his family name and `` Nga-Wang Jigmê '' his personal name .",0
San Pedro Springs Park is located in the town of Bexar County San Antonio in the U.S. state of Texas .,San Pedro Springs Park is located in the city of San Antonio des Bexar County in the US state of Texas .,0
"InFocus M810 is a smartphone manufactured by InFocus and marketed by Foxconn . It was released on July 31 , 2014 .","InFocus M810 is a smartphone manufactured by InFocus and marketed by Foxconn , which was released on July 31 , 2014 .",1
"Adult birds have black bodies with a white wing patch , a thin dark bill , and red legs and feet .","Adult birds have white bodies with a black spot , a thin dark bill and red legs and feet .",0
"Carlos Robacio , BIM5 commander , was awarded to the Argentine nation by the Valour in Combat Medal , and the Bataillon itself was awarded the Argentine Congress in 2002 .","Carlos Robacio , BIM5 commander , was decorated the Argentine Nation to the Valour in Combat Medal and the battalion itself was awarded by the Argentine Congress in 2002 .",0
"For example , the National Civic League ( originally the National Municipal League ) promotes effective local government management .","For example , the National Civic League ( originally the National Municipal League ) promotes effective municipal management .",1
"Spartanburg is included in the Metropolitan Statistical Area Greenville , which is also included in the Union County -- Spartanburg , SC -- Anderson , SC Combined Statistical Service .","Union County is included in the Spartanburg , SC Metropolitan Statistical Area , which is also included in the Greenville -- Spartanburg -- Anderson , SC Combined Statistical Area .",0
April 9 : RHP Ben Rowen and C Brian Ward traded to Los Angeles Dodgers for RHP Ryan Webb and C Chris O'Brien .,April 9 : RHP Ben Rowen and C Brian Ward traded to Los Angeles Dodgers for RHP Ryan Webb and C Chris O 'Brien .,1
"The electric field is scalar , and hence can be described by a conservative potential , `` V '' ( r ) :",The electric field is conservative and can therefore be described by a scalar potential `` V '' ( r ) :,0
"In 1720 he returned to Kaufbeuren , but became Prime Minister of Augsburg in 1723 .","He returned to Kaufbeuren in 1720 , but became parish minister of Augsburg in 1723 .",0
"Between 1937 and 1957 , Squadron was a unit of the British Auxiliary Air Force and later of the Royal Auxiliary Air Force .",615 ( County of Surrey ) Squadron was a unit of the British Royal Auxiliary Air Force and later the Auxiliary Air Force between 1937 and 1957 .,0
He is a specialist in contemporary music and Baroque music .,He is specialist in contemporary music and baroque music .,1
Herochroma perspicillata is a kind of moth of the family Geometridae It is found in China ( Yunnan ) .,Herochroma perspicillata is a species of moth of the family Geometridae . It is found in Yunnan ( China ) .,1
"To find out the last two letters the group had two portraits of a hermit and although they appeared identical , they found several differences .","To find out the last two letters , the group found two portraits of a hermit , and although they looked identical , they had some differences .",0
"John M. Work was born January 3 , 1869 , in rural Iowa in Southeastern Washington County , the son of John H. Work , a farmer .","John M. Work was born on 3 January 1869 in rural Iowa in southeastern Washington County , son of John H. Work , a farmer .",1
The Kettleby Public School serves the community for children of high school age . King City Secondary School is the closest elementary school to the municipality .,"The Kettleby Public School serves the community for children of high school age , the King City Secondary School is the nearest elementary school .",1
"2011-DGSE Bullion Express concept is introduced , new store opened in Dallas , Texas in Preston Center .","Bullion Express - concept is being introduced new store in Dallas , Texas in Preston Center opened .",1
"The following schools are located in Papakura ( schools at Rosehill , Takanini and Opaheke are excluded ) :","The following schools are located at Takanini ( schools in Rosehill , Papakura and Opaheke are excluded ) :",0
"Democrat Rob Robb , the incumbent , ran for a third term , but lost to Republican George Allen .","Incumbent Democrat Chuck Robb ran for a third term , but lost to Republican George Allen .",1
"The manuscript was bought by Edward Everett of Constantinople to America in 1819 , together with six other manuscripts ( Lectionary 296 , Lectionary 297 , Lectionary 298 ) .","The manuscript was bought in 1819 by Edward Everett from Constantinople to America , along with six other manuscripts ( Lectionary 296 , Lectionary 297 , Lectionary 298 ) .",1
"The 8 Talukas of this area are Devgad , Kankavli , Malvan , Kudal , Sawantwadi , Vengurla and Dodamarg and Vaibhavwadi .","The 8 Talukas in this district are Devgad , Kankavli , Vengurla , Kudal , Sawantwadi , Malvan and Dodamarg and Vaibhavwadi .",1
"Surrounding suburbs are ( from north to south ) : Balgownie , West Wollongong , Mount Ousley , Mount Pleasant , Keiraville , Figtree and Mount Kembla .","Surrounding suburbs are ( from the north to the south ) : Balgownie , Mount Pleasant , Mount Ousley , Keiraville , West Wollongong , Figtree and Mount Kembla .",1
The continuous power density is determined by the product from the continuous torque density and the constant torque revolution range of the electric machine .,The continuous power density is determined by the product of the continuous torque density and the constant torque speed range of the electric machine .,1
The Greek - Cypriot singer and songwriter Andy Paul represented Cyprus with the song `` Anna Maria Lena '' at the Eurovision Song Contest in 1984 in Luxembourg .,Anna Maria Lena is a Greek - Cypriot singer and songwriter who represented Cyprus with the song `` Andy Paul '' in the Eurovision Song Contest 1984 in Luxembourg .,0
In 2012 he began working on the new 52 series '' Batwing `` with the writer Judd Winick and the artists ChrisCross and Marcus To .,"In 2012 , he began work on The New 52 series `` Batwing '' with writer Judd Winick and artists ChrisCross and Marcus To .",1
"From behind bars , Dimitri finds out , Maddie is not Erica 's father and helps Edmund to reunite with his daughter .","From behind bars , Dimitri finds out , Maddie is not Erica 's father and helps Edmund reunite with his daughter .",1
The species can be found from South America to northern Mexico .,This species can be found from South America to northern Mexico .,1
Daniel Rinner ( born 11 November 1990 in Vaduz ) is a Liechtenstein cyclist .,"Daniel Rinner ( born November 11 , 1990 in Liechtenstein ) is a cyclist from Vaduz , Germany .",0
He and Sant Dnyaneshwar were the popular sants and both worshiped Lord Vitthal .,He and Sant Dnyaneshwar were the popular Sants and both revered Lord Vitthal .,1
Titus Geganius Macerinus was a Roman statesman who served as a consul with Publius Minucius Augurinus in 492 BCE .,Publius Minucius Augurinus was a Roman statesman who served as Consul in 492 BC with Titus Geganius Macerinus .,0
"He played Lollapalooza in Chicago in 2007 , and the FuckYeah Festival in Los Angeles in 2008 .",He played in 2007 in Los Angeles Lollapalooza and 2008 at the FuckYeah Festival in Chicago .,0
"He married Agnes Theodora Walther , the daughter of Vilhelm Theodor Walther ) , in 1881 and his son is the botanist and sketch artist Vagn Petersson .","In 1881 he married Agnes Theodora Walther , the daughter of Vilhelm Theodor Walther , and his son is the botanist and outliner of Vagn Petersson .",1
Gopalakrishnan was very much impressed when Bhaskar gave music for his movie `` Mathilukal '' which had no songs at all .,"Gopalakrishnan was very impressed when Bhaskar gave music for his film `` Mathilukal '' , which had no songs at all .",1
"Eoacmaea calamus is a species of sea snail , a true limpet , a marine gastropod mollusk in the family Eoacmaeidae , one of the families of true limpets .","Eoacmaea calamus is a species of sea snail , a true limpet , a true gastropod mollusk in the Eoacmaeidae family , one of the families of the marine limpets .",0
It includes a narrow ilium and long ischium .,It includes a long ilium and a narrow ischium .,0
Stephen Harper was defeated by Paul Martin as Prime Minister of Canada on 23 January 2006 .,"On January 23 , 2006 , Stephen Harper was defeated by Paul Martin as Prime Minister of Canada .",1
Saavedra ( Santa Cruz ) is a small town in Bolivia .,Saavedra ( Bolivia ) is a small town located in Santa Cruz .,0
Nate later reluctantly agrees that Ruth can stay for a few days .,"Later , Ruth reluctantly agrees that Nate can stay a few more days .",0
"The magazine received its present name in 1989 , and the following year became the World Jewish Bible Society of the Jewish Bible Association .","The journal received its present name in 1989 , and the following year the World Jewish Bible Society became the Jewish Bible Association .",0
"Mhasad is a village in the Palghar district of Maharashtra , India . It is located in the Dahanu taluka .","Mhasad is a village in Dahanu - district of Maharashtra , India . It is located in the Palghar Taluka .",0
"As part of a streamlining campaign , in January 2017 the company reported that it would close three remaining regional kitchens in Atlanta , Landover and Everett .","As part of a tightening campaign , the company reported in January 2017 that it would close three remaining regional cuisines in Everett , Landover and Atlanta .",1
The 1976 season of 2. deild karla was the 11th season of third-tier football in Iceland .,The 1976 season of 2. deild karla was the 11th season of third placed football in Iceland .,1
"`` The library is a dream in architectural beauty and a model in interior '' , according to a newspaper article that tells the affair .","`` The library is a dream in architectural beauty and a model in interior arrangement , '' according to a newspaper article recounting the affair .",1
"The region is famous for its white wines , but also for the sparkling wines ( white , red and rosé ) .","The region is renowned for its sparkling wines , but also for its white wines ( white , red and rosé wines ) .",0
"WORHP , also referred to by ESA as eNLP ( European NLP Solver ) , is a non-linear software library for numerically solving continuous mathematical optimization problems .","WORHP , also referred to as eNLP ( European NLP solver ) by ESA , is a mathematical software library for solving continuous large scale nonlinear optimization problems numerically .",0
"Herefordshire has won the Minor Counties Championship once , sharing the title with Norfolk in 2002 .",Herefordshire has once won the Minor Counties Championship and shared the title with Norfolk in 2002 .,1
Mark Williams is played by Olaf Petersen in the television series .,"In the TV series , Mark Williams is played by Olaf Petersen .",1
They were built by Electric Boat and were designed by other yards under subcontracts .,They were built by Electric Boat and were designed under subcontracts by other shipyards .,1
The Psalm 79 ( Greek numbering : Psalm 78 ) is the 79th Psalm in the Biblical Book of Psalms .,Psalm 79 ( Greek numbering : Psalm 78 ) is the 79th psalm in the biblical Book of Psalms .,1
"The film was produced , directed and edited by Tom Flannery and Lorne Clarke . The soundtrack was composed by Bruce David Janu .","The film was produced , staged and edited by Bruce David Janu , the soundtrack was composed by Tom Flannery and Lorne Clarke .",0
He is trained by Daniel Jacobs and shares a gym with the former World Champion Andre Rozier .,He is trained by Andre Rozier and shares a fitness center with former World Champion Daniel Jacobs .,0
"The Moines is included in the Warren County -- West Des Moines , Metropolitan Statistical Area IA .","Warren County is included in the Des Moines -- West Des Moines , IA Metropolitan Statistical Area .",0
"KOTC : Live to Fight was an event held on May 14 , 2011 at San Manuel Casino in San Bernardino , California .","KOTC : Fight to Live was an event held on May 14 , 2011 at San Manuel Casino in San Bernardino , California .",0
"He also encountered Theodoros Kolokotronis , whom he came to admire later .","Later , he met Theodoros Kolokotronis , whom he also wanted to admire .",0
"Lake Vernon is located in Tiltill Valley , in the northern part of the Hetch Hetchy Valley north of Yosemite National Park .",Lake Vernon is located in the Tiltill Valley in the northern sector of Hetch Hetchy Valley just north of Yosemite National Park .,1
"Federal University , Lokoja , known as Fulokoja , is a university of the Federal Government in Lokoja , North-Central - Nigeria .","The Federal University , Lokoja , popularly known as Fulokoja , is a federal government university in Lokoja , in Nigeria-Central North .",0
This first version is called unofficially `` rare version '' .,This rare version is called `` first version '' unofficially .,0
David Miliband was trained at the Primrose Hill Primary School in Camden and Newlaithes Primary School in Leeds .,"David Miliband was educated at Primrose Hill Primary School , in Leeds , and Newlaithes Primary School , in Camden .",0
He was also a mechanic in Freddie Spencer 's team when Spencer won the 500cc World Championship title in 1985 .,He was also a mechanic on Spencer 's team when Freddie Spencer won the 500cc World title in 1985 .,1
"However , Aramaic remains a spoken , literary , and liturgical language for local Christians and also some Jews .","Aramaic , however , remains a spoken , literary and liturgical language for local Christians and also some Jews .",1
"In 2014 , the founding member of 15 years of age left Devin Abrams and was replaced by Dan McGruer .",Founding member Dan McGruer left the band in 2014 and was replaced by Devin Abrams .,0
"Two more aftershocks above magnitude 5 in Kyrgyzstan and one in Xinjiang struck on October 13 , UTC time .",Two more aftershocks above the Magnitude 5 in Xinjiang and one in Kyrgyzstan beat UTC on 13 October - time .,0
This half-hour series was broadcast on Sundays at 3 : 00 p.m. ( North American Eastern time ) from 22 May to 10 July 1966 .,This North American East Hour series was broadcast from 22 May to 10 July 1966 on Sundays at 3 : 00 p.m. ( half time ) .,0
"A second son of Berkeley John Talbot Levett and his wife Lady Jane was Theophilus Levett , an officer at the Scots Guards .","A second son of Theophilus Levett and his wife Lady Jane was Berkeley John Talbot Levett , an officer in the Scots Guards .",0
"Marta becomes exploited by both the city and Eddie 's brother , Angela .",Both Marta and Eddie 's brother Angela are exploited by the city .,0
"During the fight , Steedman was wounded when his horse was shot under him and killed .","During the fight , Steedman was shot when his horse was wounded under him .",0
"Charles Sutcliffe , the Beatles ' biographer , wrote that Philip Norman was a heavy drinker and physically cruel to his wife , which was observed by the young Sutcliffe .","Philip Norman , the biographer of the Beatles , wrote that Charles Sutcliffe was a heavy drinker and physically cruel to his wife , which the young Sutcliffe had watched .",0
"Carpenter would later describe the script as `` too light , too campy '' .","Carpenter would describe the script later as '' too light , too lax .",0
Keenan played as a 197 cm ruckman and was a good marker of the ball as well as having a solid drop punt .,Keenan played as 197 cm Ruckman and was a good marker of the ball as well as a solid drop - punt .,1
"Sunleif Rasmussen is a sought after arranger and has produced albums for Hanus G. , Olavur Jakobsen and Aldubáran .","Olavur Jakobsen is a demanded arranger and has produced albums for Hanus G. , Sunleif Rasmussen and Aldubáran .",0
"In versions of the Renaissance , Ogier travels to the Avalon governed by King Arthur and eventually becomes Morgan le Fay 's Paramour .","In versions of the Renaissance , Ogier travels to the Avalon governed by Morgan le Fay and eventually becomes King Arthur 's parade .",0
"Carmen Aub Romero ( born October 24 , 1989 in Mexico City , Mexico ) is an Mexican actress .","Carmen Aub Romero ( born October 24 , 1989 in Mexico City , D.F. , Mexico ) is a Mexican actress .",1
"The princess was received with great fanfare at Pathein ( Bassein ) on September 24 , 1573 .",The princess was received with great fanfare at Bassein ( Pathein ) on 24 September 1573 .,1
"1 January 2012 , the district population was 89,500 , of which 22.8 % is rural and 77.2 % is urban population .","On 1 January 2012 , the district population was 89,500 , of which 22.8 % were urban and 77.2 % rural population .",0
"However , Aramaic remains a spoken , literary , and liturgical language for local Christians and also some Jews .","However , Aramaic remains a local language for spoken , literary and liturgical Christians and also for some Jews .",0
"When Ortona was assigned to Lanciano in 1818 , Campli was connected to the Diocese of Teramo .","When Ortona was connected to Lanciano in 1818 , Campli was assigned to the Diocese of Teramo .",0
"The building , which was commissioned by the City Fathers was designed by William Stark , was opened in 1808 , originally as St. George 's Parish Church .","The building , which was opened by the city fathers , was designed by William Stark and was commissioned in 1808 , originally as St. George 's Parish Church .",0
The series is based on the book series '' The Mortal Instruments '' from Ed Decter and was developed by Cassandra Clare for television .,The series is based on the book series '' The Mortal Instruments '' from Cassandra Clare and was developed for television by Ed Decter .,0
"In 1944 , it was sold to Santa Maria Valley Railroad , and in 1958 it was donated to the Travel Town Museum in Los Angeles , California .","In 1944 it was sold to the Santa Maria Valley Railroad , and in 1958 it was donated to the Travel Town museum in Los Angeles , California .",1
"Thakurgaon Stadium is located near the `` Thakurgaon Inter District Bus Terminal '' , Thakurgaon , Bangladesh .","The Thakurgaon Stadium is located at `` Thakurgaon '' , Thakurgaon Inter District Bus Station , Bangladesh .",1
Linkuwa Pokhari is a village and village development committee in the Sagarmatha zone in the Khotang district of eastern Nepal .,Linkuwa Pokhari is a village and Village Development Committee in Sagarmatha Zone in the Khotang District of eastern Nepal .,1
"Wladimir Burliuk was born in Kharkiv , the younger brother of David Burliuk , on March 15 , 1886 .","Wladimir Burliuk was born on March 15 , 1886 in Kharkiv , the younger brother of David Burliuk .",1
"There is also a large number of mixed European and Chinese Liverpudlians of Chinese descent , descendants of the former generations of Chinese settlers in the city .","There is also a large number of Chinese Liverpudlians of the mixed European and Chinese ethnic groups , descendants of former generations of Chinese settlers in the city .",0
It was directed by Nicholas Paleologos and produced by Joanna Lipper .,It was led by Joanna Lipper and produced by Nicholas Paleologos .,0
"Teewurst was invented in Pomerania , probably in the small Baltic town of Rügenwalde ( now Darłowo , Poland ) , in the middle of the 19th century .","Teewurst was invented in the middle of the 19th century in Pomerania , probably in the small Baltic city of Rügenwalde ( today Darłowo , Poland ) .",1
The train station is served by the Asa line and is 8.0 km from the beginning of the line .,The station is located by the Asa Line and is served 8.0 km from the beginning of the line at,0
"Inorganic liquids include water , magma , inorganic non-aqueous solvents and many acids .","Inorganic liquids include water , magma , inorganic nonaqueous solvents and many acids .",1
"Funimation licensed the series in North America and released the first Blu-ray and DVD set on January 23 , 2018 .","On January 23 , 2018 , Funimation released the series in North America and licensed the first Blu - ray and DVD set .",0
"In 235 BC , after an attack on the state of Zhao , united troops from the states of Qin and Wei to attack Chu , they suffered a defeat .","In 235 BCE , after an attack on the State of Zhao , troops from the states of Qin and Wei united to attack Chu but suffered a defeat .",1
"The average net salary of a Croatian worker in January 2017 was 5,895 HRK per month , and the average gross salary was 7,911 HRK per month .","In January 2017 , the average gross content of a Croatian worker was 5,895 HRK per month and the average net content was 7,911 HRK per month .",0
"Sir Richard Wells died on 26 November 1957 and was followed by his son , Sir Charles Maltby Wells , 2nd Baronet ( 1908-1996 ) .","Sir Charles Maltby Wells died on 26 November , 1957 , and was succeeded by his son , Sir Richard Wells , 2nd Baronet ( 1908-1996 ) .",0
The Ostend was cut off in 1963 to Sheridan Boulevard and in 1967 to Wadsworth Boulevard .,"The east end was cut off to Sheridan Boulevard in 1963 , and to Wadsworth Boulevard in 1967 .",0
"Goodlatte , a pilot and Air Force veteran , who made a 2015 primary challenge of State Delegate Chris Head , challenged Harry Griego for the Republican nomination .","Goodlatte , a pilot and air force veteran who made a primary challenge of State Delegate Chris Head in 2015 , called for Harry Griego for the Republican nomination .",1
"For scalar fluctuations , Formula 9 is referred to as a scalar spectral index , with the formula 10 corresponding to scaleninvariant fluctuations .","For scalar spectral fluctuations , formula _ 9 is referred to as the scalar index , with formula _ 10 corresponding to scale invariant fluctuations .",0
The season 1988 -- 89 National Basketball Association was the 43rd NBA season .,The season 1988 -- 89 NBA was the 43rd season of the National Basketball Association .,1
"The Queen 's exchange is a play from the Caroline era , a tragicomedy written by Richard Brome .","The Queen 's exchange is a play by Richard Brome , a tragicomedy written by Caroline .",0
Cypress County is served by the Federal Electoral Division of MHCW and represented in the Canadian House of Commons by the Conservative MEP GLEN MOTZ .,Cypress County is served by the Federal Electoral Division of MHCW and represented in the Canadian House of Commons by Conservative MP GLEN MOTZ .,1
"The states that have participated in this study were Aguascalientes , Jalisco , Chihuahua , Durango , Guerrero , Chiapas , Oaxaca , Sinaloa , Veracruz and Yucatan .","The countries that participated in this study were Aguascalientes , Chiapas , Chihuahua , Durango , Guerrero , Jalisco , Oaxaca , Sinaloa , Veracruz and Yucatan .",1
"Guido Reni , also known as the Marchino di Marco Bandinelli , was an Italian baroque painter .","Marco Bandinelli , also known as Marchino di Guido Reni , was an Italian painter of the Baroque period .",0
A short biography and brief summaries of Brodsky ’ s longer fiction and critical reception can be found here :,"A brief biography , and short summaries of Brodsky 's longer fiction and critical reception can be found here :",0
"During the five days of the journey , he brought some books about Elba which he studied from Fontainebleau .","During the five days of the journey he studied some books about Elba , which he brought with him from Fontainebleau .",0
The remaining two cars were ordered from the Estonian defence league and were delivered in 1927 .,The remaining two cars were delivered by the Estonian defence league and they were ordered in 1927 .,0
"During the Venezuelan War of Independence in 1821 , Garcia de Luna fought Simón Bolívar and the British Legions on the Spanish side at the Battle of Carabobo .","Garcia de Luna fought on the British side in the Battle of Carabobo , against Simón Bolívar and the Spanish Legions , during Venezuelan War of Independence in 1821 .",0
After his discharge he moved from Germany to Los Angeles and then to San Francisco then to New Mexico .,"After his dismissal , he moved from Germany to New Mexico , then to Los Angeles , and then to San Francisco .",0
A third Cheetah was built in 1962 and 1963 the second .,A second Cheetah was built in 1962 and third in 1963 .,0
"It is bordered by Massapequa to the west and east , South Farmingdale to the northwest , and North Massapequa to the north .","It is bordered by Massapequa in the west and east , South Farmingdale in the northwest and North Massapequa to the north .",1
"Small Celypha - rufana , small name lakes marble , is a common moth kind of the family Tortricidae , long under the junior - synonym `` C. rosaceana `` known .","Celypha rufana , common name lakes marble , is a small moth species of the family Tortricidae , long known under the junior synonym `` C. rosaceana '' .",0
"Dendrobium tetragonum , the common spider orchid , is a species of the orchid , also known as the rectangular - jagged dendrobium or tree spider orchid .","Dendrobium tetragonum , the common spider orchid , is a species of orchid , also known as the rectangular-bulbed dendrobium or tree spider orchid .",1
"Before the unification of Yemen in 1990 , the law set the minimum age of marriage at 16 in South Yemen and 15 in the north .","Prior to the unification of Yemen in 1990 , the law set the minimum age of marriage at 16 in South Yemen and 15 in the north .",1
Dr. Carter remains in Africa for several months and works in Kem 's AIDS clinic .,Dr. Carter remains in Africa for several months and works in the Kem AIDS clinic .,1
"Nikolaus Friedrich von Thouret ( born June 2 , 1767 in Stuttgart , Germany , died 17 January 1845 in Ludwigsburg ) .","Nikolaus Friedrich von Thouret ( born Stuttgart , 2 June 1767 ; died Ludwigsburg , 17 January 1845 ) .",1
It was completed when the section from Amersfoort to Zutphen was opened .,It was completed when the Amersfoort to Zutphen section was opened .,1
In this article are the associated simple Lie groups with trivial center listed .,In this article the listed trivial Lie groups with simple center are connected .,0
"In 1988 , Pat and Yvonne died in 2007 .","Pat died in 1988 , and Yvonne died in 2007 .",1
Annie Marie Gilbertine Amalo married Herman Johannes in 1955 .,Johannes Herman Johannes married in 1955 Annie Marie Gilbertine Amalo .,1
It was believed by this method true philosophy could be separated from popular wisdom .,It was believed that popular philosophy could be separated from true wisdom by this method .,0
"The Flushing Line was opened from 40th Street to Queensboro Plaza -- Corona Plaza on April 21 , 1917 , with a local station at 103rd Street .","The Flushing Line was opened on April 21 , 1917 from the 40th street to Queensboro Plaza -- Corona Plaza , with a local train station on 103rd Street .",1
"At present it is the third most used language in international trade , and the second most used in politics , diplomacy and culture after English and French .","At present , it is the second most widely used language in international trade and the third most important in politics , diplomacy and culture in English and French .",0
"Grant holds several records in multiple categories for Utah , including many all-time records , such as :","Grant holds several records in many categories for Utah , including multiple all-time rows , such as :",1
"It is found throughout the central Palaearctic Region , from Turkey , Cyprus and Lebanon , east through Pakistan , Iran , Afghanistan and northern Iraq to Kashmir .","It is found throughout the central palearctic , from Turkey , Cyprus , and Lebanon , through Pakistan , Iran , Afghanistan , and northern Iraq to Kashmir .",1
"She finds new creative hope and friendship in Enzo , the replacement guitarist who inspires her to reach new heights .","In Enzo , the replacement guitarist who inspired her to new creative heights , she finds new hope and friendship .",0
"The soundtrack was composed by the musician Wajahat Attre , with lyrics by Hazin Qadri and sung by Noor Jehan , and Mehnaz .","The soundtrack was composed by musician Wajahat Attre , with texts by Hazin Qadri , sung by Noor Jehan and Mehnaz .",1
"Long Island is a Canadian island in Nova Scotia , Digby County .","Digby County of Nova Scotia , is a Canadian island in Long Island .",0
The New Zealand Rugby - League - Tour of 1913 New Zealand was a tour through the national rugby league - team of Australia .,The New Zealand Rugby - League - Tour of 1913 Australia was a tour of the New Zealand rugby national team .,0
He was subsequently imprisoned for gambling and once enjoyed the affair with pride .,He was subsequently imprisoned for gambling and once relished the affair with pride .,1
"It is used as a measure of the absorbed dose , kinetic energy ( released ) and kerma ( an acronym for specific energy awarded per mass unit ) .","It is used as measure of absorbed dose , specific energy ( mediated ) and kerma ( acronym for kinetic energy released per mass unit ) .",0
The constant power density is determined by the product resulting from the continuous torque density and the continuous torque - speed range of the electric machine .,The constant power density is determined by the product of the continuous torque density and the continuous torque speed range of the electric machine .,1
Pat takes Roy on a tour of Paris and they visit the landmarks below .,Roy takes Pat on a tour of Paris and they visit the below landmarks .,0
The two main water systems are the Guayas in the North and the Esmeraldas River in the South .,The two main water systems are in the north of the Esmeraldas and in the south the Guayas .,0
"The diocese consists of the counties of Lambton , Huron , Middlesex , Elgin , Norfolk , Oxford , Perth , Kent and Essex .","The Diocese covers the counties of Lambton , Huron , Middlesex , Elgin , Norfolk , Oxford , Perth , Kent and Essex .",1
"Alfred Gregson ( March 2 , 1889 - March 1968 ) was an English professional football player who played for Grimsby Town and Bury in the Football League .","Alfred Gregson ( March 2 , 1889 -- March 1968 ) was an English internal football player who played for Grimsby Town and Bury in the Football League .",0
"For the officers of the old army , Dillon assumed noble duties at a very difficult time .",Dillon assumed noble duties at a very difficult time for military officers of the old army .,1
"The region was the cradle of various ancient civilizations such as Ancient China , ancient Japan , ancient Korea , and the Mongol Empire .","The region was the cradle of various ancient civilizations , such as ancient China , old Korea , ancient Japan , and the Mongolian Empire .",1
Ignjat Job painted colourful landscapes on the island of Braa in a personal Expressionist style .,"On the island of Brač , Ignjat Job painted colourful landscapes in a personal Expressionist style .",1
"The audio companion to the live concert was released on January 29 , 2008 as a digital album with iTunes .","The audio companion to the digital concert was released as a live album on iTunes on January 29 , 2008 .",0
The Riemann Zeta function is defined by the absolutely convergent infinite row for reelle `` s '' with complex part greater than 1 .,"The Riemann zeta function is defined for real `` s '' with complex part greater than 1 , by the absolutely convergent infinite series .",1
"The Council votes in one of three ways ; unanimity , qualified majority , or simple majority .","The Council votes in three ways : unanimity , qualified majority or simple majority .",1
It is 2 km west of Agios Stefanos and 20 km northeast of Athens city centre .,It is located 2 km west of Agios Stefanos and 20 km northeast of the city centre of Athens .,1
Eupithecia demissa is a moth in the family Geometridae . It is found in Malleco Province ( Chile ) .,Eupithecia demissa is a moth in the family Geometridae is found in Chile ( province of Malleco ) .,1
"Born and raised in Briarcliff Manor , Tom Ortenberg , Managing Director of Open Road Films and former president of Lionsgate Films , was born .","Tom Ortenberg , CEO of Open Road Films and former president of Lionsgate Films , was born and raised in Briarcliff Manor .",1
Elk Township is located in the 3rd Congressional District and is part of New Jersey 's 2nd state legislative district .,El Elk Township is located in the 3rd Congressional District and is part of the 2nd State Legislative District in New Jersey .,1
"Maviz Central District is a rural district ( `` Dehestan '' ) in the province of Tehran , Shahriar County , County , Iran .","Maviz Rural District is a rural district ( `` Dehestan '' ) in the county of Shahriar , Tehran , Iran .",0
"Teawurst was invented in the middle of the 19th century in Pomerania , probably in the small Baltic town of Rügenwalde ( today Darłowo , Poland ) .","Teawurst was invented in the middle of the 19th century in Poland , probably in the small Baltic town of Rügenwalde ( today Darłowo , Pomerania ) .",0
"Later Holly tells that Aaron has tried to kiss him , but she does not believe him .","Adam later tells Holly that Aaron tried to kiss him , but she does not believe him .",0
"During Lan Ling Wang 's absence , Han receives many visions of her past , mostly her happy moments with Bing Xin .","During Lan Ling Wang 's absence , Han receives multiple visions of her past , mostly her happy moments with Bing Xin .",1
All the songs written and composed by Nick Feldman except as noted Note that Jack Hues was credited as Nick DeSpig throughout this album .,"All songs written and composed by Nick Feldman , except as noted . Note that Jack Hues was credited as Nick DeSpig throughout this album .",1
"The fifth edition was broadcast from April 17 to April 21 , 2006 ; the sixth edition aired February 25 to March 2 , 2007 .","The fifth edition was broadcast from 17 April to 21 April 2006 , the sixth edition from 25 February to 2 March 2007 .",1
He also helps Nora and Bo Buchanan ( Robert S. Woods ) by defending Bo when he was accused of murdering Georgie Philips ( Jennifer Bransford ) .,He also assisted Nora and Bo Buchanan ( Robert S. Woods ) by defending Bo when he was accused of murdering Georgie Philips ( Jennifer Bransford ) .,1
"Sara Varga ( born April 14 , 1982 ) , professionally known as Sara Varga Madeleine Jonsson , is a Swedish Vispop singer , songwriter , author and DJ .","Sara Varga Madeleine Jonsson ( born April 14 , 1982 ) , known professionally as Sara Varga , is a Swedish Vispop singer , songwriter , author and DJ .",0
"Thornton introduced a fibrous structure zone T , which was observed at low argon pressures and characterized by closely packed other grains .","Thornton introduced a fibrous structure zone T , which was observed at low argon pressures and characterized by densely packed further grains .",1
"Boyd was selected in the 177th round , 6th overall , by the Capitals in the 2011 NHL Entry Draft .","In the 6th round , 177th Overall , selected by the capitals in the NHL Entry Draft 2011 .",0
"Robert Maass was born in East Orange , New Jersey , to German immigrants Hedwig and Clara Maass .","Clara Maass was born in East Orange , New Jersey , to Hedwig and Robert Maass , German immigrants .",0
The Lessos - Kenya border section is jointly funded by the government of Uganda and JICA .,The Lessos-Kenya border section is funded jointly by the Government of Uganda and JICA .,1
"To the north , the region of Virginia continues into central Maryland and southeastern Pennsylvania .","To the north , the region continues from Virginia into southeastern Maryland and central Pennsylvania .",0
The river Pascu is a tributary of the Valea Voenilor river .,The river Valea Voenilor is a tributary of the Pascu River .,0
"Turbonilla garthi has a species of sea snail , a marine gastropod mollusk in the family Pyramidellidae , the pyrams and their allies . It is the genus Turbonilla .","Turbonilla garthi has a species of sea snail , a marine gastropod mollusk in the family Pyramidellidae , the pyramids and their allies It is the class Turbonilla .",1
Midlake opened in Dallas and Oklahoma City and Mudhoney opened for all the shows from Portland to Seattle .,Midlake opens in Portland and Mudhoney opened for all shows from Seattle to Dallas and Oklahoma City .,0
"There are 38 public primary schools and 66 secondary schools in Lilongwe with a total of 103,602 students , as well as 29 private schools with 30,795 students .","There are 38 private and 66 public primary schools with a total of 103,602 pupils as well as 29 secondary schools with 30,795 students in Lilongwe .",0
Ann is married to Ann who is with Jennifer Aull in the Greenpoint Reformed Church in Brooklyn pastors .,"Ann is married to Ann , who pastors with Jennifer Aull in the Greenpoint Reformed Church in Brooklyn .",1
"The first verse expresses the reason for the second verse : the goodness of the Lord has been experienced in the past , and his faithfulness will last forever .","The second verse expresses the reason for the first verse : the goodness of the Lord has been experienced in the past , and his faithfulness will exist forever .",0
Lombard Middle School was located in Galesburg until 1930 and is now the site of Lombard College .,"Until 1930 , Lombard College was based in Galesburg and is now the site of the Lombard Middle School .",0
"The hospital provides therapeutic services in tertiary and quaternary surgery , neurosurgery , inner city health and cardiovascular endoscopy .","The hospital provides tertiary and quaternary services in the areas of cardiovascular surgery , neurosurgery , inner city health and therapeutic endoscopy .",0
"The concept of bass - oboe as an enlarged English horn remained , and in 1889 the `` hautbois baryton '' , redesigned by François Lorée , was introduced .","The concept of the bass oboe as an enlarged English horn survived , and the `` hautbois baryton , '' redesigned by François Lorée , was introduced in 1889 .",1
"Szabo 's method of sybilizing protection , however , was vulnerable to double attacks .","However , Szabo 's method of double-spending protection was vulnerable to Sybil attacks .",0
Cellier was born into a family of actors including his father Frank and half-sister Antoinette . His grandfather was the Gilbert and Sullivan conductor François Cellier .,"He was born into a family of actors , including his father Cellier and half-sister Antoinette , his grandfather was the Gilbert and Sullivan - conductor François Cellier .",0
The central shaft reached a depth of 2980 feet and a south shaft was sunk in 1928 to reach a depth of 3600 feet .,"The central shaft reached a depth of 2980 feet , and a southern shaft was dumped in 1928 to reach a depth of 3600 feet .",1
"Afterwards , a simple black dress was used for formal occasions , while the long black dress could be used for everything else .","Thereafter , a long black gown was used for formal occasions , while the simple black dress could be used for everything else .",0
Parr himself has performed two acoustic versions ( `` other '' and `` unplugged '' ) for the film `` The Brothers Solomon '' .,Parr himself performed two other versions ( `` unplugged '' and `` acoustic '' ) for the film `` The Brothers Solomon '' .,0
"The bill passed the Senate 32-8 on April 2 , 2009 and later the house 76-41 .","The bill passed the Senate 32-8 on April 2 , 2009 , and later passed the House 76-41 .",1
The series is written by Chris Roberson and drawn by Robert Adler .,The series was written by Chris Roberson and drawn by Robert Adler .,1
"Linna is spoken in the original series by Michie Tomizawa in Japanese and Elizabeth Becks in English , with Rio Natsuki and Kelly Manison in the 2040s series .","Linna is voiced by Rio Natsuki and Kelly Manison in Japanese and Elizabeth Becks in English in the original series , with Michie Tomizawa in the 2040 series .",0
"An AMO warm phase reduces the summer rain over the Sahel , while a cold phase strengthens it .","An AMO warm phase strengthens the summer rainfall over Sahel , while a cold phase reduces it .",0
"He was born in Nanjing , attended the engineering school in Nanhui and spent a year at the University of California .","He was born in Nanhui , attended engineering school in Nanjing and spent one year at the University of California .",0
"In the hospital , Traci Lords is awakened by a nurse named Barb ( Brooke ) who tells her that Lance has been seriously injured and is operated .","At the hospital , Brooke is awakened by a nurse named Barb ( Traci Lords ) who informs her that Lance has been seriously injured and is in surgery .",0
"Italy is a national park in the north-east of Stelvio National Park , founded in 1935 .","Stelvio National Park ( ; ) is a national park located in the north-east of Italy , founded in 1935 .",0
"Angolemi ( ; ) is a village in the district of Nicosia , southwest of Morphou .","Angolemi ( ; ) is a village in Nicosia District , southwest of Morphou .",1
"In 1988 , the Suncoast Motion Picture Company changed its name to Paramount Pictures .","In 1988 , the Paramount Pictures stores changed its name to Suncoast Motion Picture Company .",0
Communism is a political ideology and movement with the aim of achieving a communist society .,Communism is a political ideology and movement with the ultimate aim of achieving a communist society .,1
"For ( poorly standardized ) terminology such as `` second granduncle '' , see first cousins twice removed .","For ( poorly standardized ) terminology such as '' Second Granduncle `` , see the first cousins removed twice .",1
"In the list below , names of such Goans are included , with the name of the domestic team in parentheses .","The names of such goans are included in the following list , with the name of the domestic team standing in parentheses .",1
"Ambassador William Sullivan and his successor , G. McMurtrie Godley , however , continued to oversee airstrikes in Laos .","However , Ambassador William Sullivan , and his successor , G. McMurtrie Godley , continued to oversee air strikes in Laos .",1
The film is produced together by Vishwa and Girish by V San Visions and the music of Arjun Janya .,The film is scored jointly by Vishwa and Girish of V San Visions and the music is produced by Arjun Janya .,0
"Lars Ankerstjerne has written as songwriter for Nik 'Jay , Burhan G and Rasmus Seebach songs .","Rasmus Seebach has written songs for Nik 'Jay , Burhan G and Lars Ankerstjerne as songwriters .",0
"According to the Freedman Brothers website , Lee Freedman Naturalism was one of the five best horses he has ever trained .","According to the Freedman brothers website , Lee Freedman rated Naturalism was one of the five best horses he ever trained .",0
Caracase is a city in the southwestern region of Gedo Somalia .,Caracase is a town in the southwestern Somalia region of Gedo .,0
"The Czech composer Josef Jan Kovařík spent the summer of 1893 in Spillville , where his friend Antonín Dvořák had relatives .","The summer of 1893 spent the Czech composer Josef Jan Kovařík in Spillville , where his friend Antonín Dvořák had relatives .",1
"James James and his brother were born in Alfreton , Derbyshire , John .","John and James brother were born in Alfreton , Derbyshire .",0
"In 1915 , Pando and a number of dissatisfied liberals and former conservatives formed the Republican Party .","In 1915 , Pando and a number of former Liberals and discontented Conservatives formed the Republican Party .",0
John Carter lost the third round of the UK Championship against John Higgins in 6 -- 2 .,Carter lost in 6 -- 2 the third round of the UK Championship to John Higgins .,1
It was built in 1988 by Jim Bell and William Feldstein and has been developed by H & amp ; H .,It was built in 1988 by Jim Bell and William Feldstein and developed by H & H .,1
SBS migrated the voice and data traffic of most MCI customers to its terrestrial network .,The MCI migrated the voice and data traffic of most SBS customers to its terrestrial network .,0
"In the substantia nigra , DAT is localized to axonal and pre- and post-synaptic ( dendritic ) plasma membranes .","In the substantia nigra , DAT is localized to axonal and dendritic ( i.e . pre- and post-synaptic ) plasma membranes .",1
"The uterine arteries swell during pregnancy , in order to increase the ovarian blood supply .",The uterine arteries swell during pregnancy in order to increase ovarian blood supply .,1
"The father of Latifun Nisan , Husain Mohammad was the son of Mohammad Jamal ibn Mohammad Adam ibn Zainuddin ibn Moinuddin ibn Qazi Fatehullah of Tijara .","Husain Mohammad , the father of Latifun Nisan , was the son of Mohammad Jamal ibn Muhammad Adam ibn Zainuddin ibn Moinuddin ibn Qazi Fatehullah of Tijara .",1
"On 8 January 2008 , Cumbers was recalled from Grays to Gillingham , but was lent to AFC Wimbledon on 8 February 2008 to gain further experience from the first team .","On 8 January 2008 , Cumbers was borrowed from Grays to Gillingham , but was recalled to AFC Wimbledon on 8 February 2008 to gain further experience in the first team .",0
"Here the Canadian driver participated , Frog Fagan , who started in 13th place and ended in 14th place .",Canadian driver Frog Fagan participated here ; he started in 13th place and ended in 14th place .,1
Szabina Tápai ( born 30 January 1986 in Kiskunhalas ) is a Hungarian handballer who plays for Szent István SE in the second league .,"Szabina Tápai ( born January 30 , 1986 in Kiskunhalas ) is a Hungarian handball player who plays in the second league for the Szent István SE .",1
"María Rosario Santos y Navarro was born the second of six children of Winifredo Santos , a physician , and Nora Navarro .","Nora Navarro was born as the second of six children of Winifredo Santos , a doctor , and María Rosario Santos y Navarro .",0
"Fancher also says that the CBT theory is incompatible with many principles and research of rationality , and even ignores basic rules of logic .","Fancher also says that the theory of CBT is incompatible with basic principles and rationality research , and even ignores many rules of logic .",0
"After this transformation , the Kansa ( sometimes Kaw ) and Osage Nation ( originally Ouasash ) arrived in Kansas in the 17th century .","Following this transformation , the Kansa ( sometimes Kaw ) and Osage Nation ( originally Ouasash ) arrived in Kansas in the 17th century .",1
"In the Middle Ages , Spain saw a slow Christian reconquest of Muslim territories .","In the Middle Ages , Spain experienced a Muslim re-conquest of slow Christian territories .",0
He was the son of Shmuel Binyamin Sofer ( “ Moses Sofer ” ) and grandson of Ksav Sofer ( the “ Chasam Sofer ” ) .,He was the son of Shmuel Binyamin Sofer ( `` Ksav Sofer '' ) and grandson of the Moses Sofer ( the `` Chasam Sofer '' ) .,0
"Rastafarian writer , dub poet and British Jamaican Benjamin Zephaniah described the group of women as","The British Jamaican writer , Dub - poet and Rastafari Benjamin Zephaniah described the group of women as",0
Albion may refer to the following places in the U.S. state of New York :,Albion may refer to the following places in the US state of New York :,1
A hotel in Carmarthen ( Wales ) is named the Ivy Bush Royal Hotel .,A hotel in Carmarthen ( Wales ) is the Ivy Bush Royal Hotel .,1
Lucy made her first appearance as Palmer on 25 August 2014 .,"Lucy made her first performance as Palmer on August 25 , 2014 .",1
"The American mission in Stockholm , Sweden , also agreed to the embarkation of 15 `` prominent nationals of American republics ... including the Mexican minister ... '' .","The American Legation in Stockholm , Sweden , also consented to the embarkation of 15 `` prominent nationals of American republics ... including the Mexican minister ... ''",1
"She married Shlomo Ilan and in 1935 gave birth to her first firstborn , Uri Ilan .","She married Shlomo Ilan and gave birth to her first first born , Uri Ilan in 1935 .",1
"In 1995 , Lawler accused Bret Hart of being a racist to create problems between Hart and the Japanese wrestler Hakushi .","In 1995 , Bret Hart accused Lawler of being a racist to create problems between Hart and the Japanese wrestler Hakushi .",0
He was born in Montreal and received a bachelor 's degree from Harvard University in 1945 and a Master 's degree in 1947 from McGill University .,Joy was born in Montreal . He received a bachelor 's degree from Harvard University in 1945 and a master 's degree from McGill University in 1947 .,1
"Some HTC systems , such as HTCondor and PBS , can run tasks on opportunistic resources .","Some HTC systems , such as HTCondor and PBS , may run tasks on opportunistic resources .",1
The initial intention of creating a non-private sector of radio was to create an alternative to the business interests of the private radio sector .,The initial intention of creating a private sector of radio was to create an alternative to the corporate interests of the non-private radio sector .,0
"Streisand and Columbia Records distributed `` ButterFly '' on October 1 , 1974 as her sixteenth studio album overall , released months after `` The Way We Were '' .","Streisand and Columbia Records released ButterFly as their sixteenth studio album on October 1 , 1974 , months after `` The Way We Were '' .",0
"He had been in the state playing for Melbourne , but moved to Victoria in 1925 and appointed New Town .",He had been in the state playing for Melbourne but in 1925 moved to Victoria and lined up for New Town .,1
"Barkheda Baramad is a village in the Berasia district of Madhya Pradesh , India . It is located in Bhopal Tehsil .","Barkheda Baramad is a village in the Bhopal district of Madhya Pradesh , India . It is situated in Berasia tehsil .",0
"The 1953 Labour Party deputy leadership election took place on 29 October 1953 , after incumbent deputy leader Aneurin Bevan , was challenged by Herbert Morrison .","The 1953 Labour Party deputy election took place on 29 October 1953 , after the current deputy leader Aneurin Bevan , was challenged by Herbert Morrison .",1
"It is bordered by Pembina County , North Dakota . The nearest American community to Gretna is Neche , North Dakota .","It is limited by Pembina County , North Dakota The nearest American community to Gretna is Neche , North Dakota .",1
Brusio is a municipality located in the canton of Switzerland in the Bernina region of Graubünden .,Brusio is a municipality in the Graubünden in the canton of Switzerland in Bernina Region .,1
Baxter Aviation operated services between Vancouver Harbour Water Aerodrome and Nanaimo Harbour Water Aerodrome to Vancouver International Water Airport .,Baxter Aviation operated flights between Vancouver Harbour Water Aerodrome and Vancouver International Water Airport up to Nanaimo Harbour Water Aerodrome .,0
Henry Cole was followed by Bailey as Caretaker of Breakheart Hill .,Bailey was succeeded as caretaker of Breakheart Hill by Henry Cole .,0
Or the Egg object could call properties and instead use methods .,Or the Egg object could use properties and instead use methods .,0
The river Cochirleanca is a tributary of the Slatina river in Romania .,The Cochirleanca River is a tributary of the Slatina River in Romania .,1
"In February 2014 , the opening ceremony for the monument to the victims of the Uşak massacre was held in Khojaly .","In February 2014 , the opening ceremony for the monument to victims of the Uşak massacre was held in Khojaly .",1
Thiago is the father of current players Mazinho by Inter Milan and Rafinha of Bayern Munich .,Mazinho is the father of current players Thiago of Bayern Munich and Rafinha of Inter Milan .,0
"In August 2017 , as a member of the Republican Party , Glassman announced an exploratory campaign for the Arizona Corporation Commission ’ s race of 2018 .","In August 2017 , Glassman announced an exploratory campaign for the 2018 Republican Party race as a member of the Arizona Corporation Commission .",0
The season of the National Basketball Association from 1954 - 55 was the NBA 's ninth season .,The NBA season from 1954 to 55 was the ninth season of the National Basketball Association .,1
The Gill family sold the mill in 1968 and was closed in 1980 by the new owners .,"The Gill family sold the mill in 1968 , and the new owners closed it in 1980 .",1
"His sound aesthetics usually are described as aggressive and powerful , yet transparent .","His sound aesthetics are mostly described as aggressive and powerful , yet transparent .",1
"Through their father , Prince Philip and her sisters were first cousins of Elizabeth , Duke of Edinburgh .","Through her father , Elizabeth and her sisters , the first cousins of Prince Philip , Duke of Edinburgh , were .",0
"In 1968 , Charles Manson learned about the Myers Ranch from Catherine Gillies , the granddaughter of Barbara Myers .","In 1968 , Catherine Gillies , granddaughter of Charles Manson , Barbara Myers learned about Myers Ranch .",0
"He was followed in office by Larry Kearney from 1995 -- 2003 , Jenny McGhee Edwards from 2003 -- 2007 and Elic Senter from 2007 -- 2015 .",He was followed by Larry Kearney in 2003 -- 2007 by Jenny McGhee Edwards and from 2007 -- 2015 by Elic Senter in office from 1995 - 2003 .,0
"Within the UGent network , a range of digital resources are available as part of an `` electronic library '' .",A range of electronic resources are available within the UGent network as part of a `` digital library . '',0
"In 1962 , further restoration was carried out for John Bradburne , who had appointed the poet and mystic William Cardinal Godfrey as caretaker .",Further restoration was carried out in 1962 for William Cardinal Godfrey who had earlier appointed the poet and mystic John Bradburne to be caretaker .,0
"Indiana Indiana was also the founder and director of Kerchoonz.com , a social networking website that launched in 2009 and was dissolved in 2011 .","Indiana was also founder and director of Kerchoonz.com , a social networking site that was dissolved in 2009 and launched in 2011 .",0
"In the gorge , forty different plant communities were identified , containing at least 1,342 species and 54 rare plants .","In the gorge , forty rare plant communities were identified , containing at least 1,342 species and 54 different plants .",0
"`` Purple Clover '' describes the page as for people who `` ... still curious , still cool and still crazy after all these years are '' .","`` Purple Clover '' describes the page as for people who are `` ... still cool , still curious and after all these years are still crazy .",1
The Sterminos River is a tributary of the River Voievodu in Romania .,The river Voievodu is a tributary of the River Sterminos in Romania .,0
"Twin Falls High School is a secondary public school in Twin Falls , Idaho , one of the two traditional high schools operated by the Twin Falls School District .","Twin Falls High School is a traditional high school in Twin Falls , Idaho , one of two public secondary schools operated by the Twin Falls School District .",0
"She was to become the mother of Akbar 's eldest surviving son and successor , Jehangir .","She was to become the mother of Jehangir 's oldest surviving son and successor , Akbar .",0
"During the Gulf War , the NPC called the Gulf Crisis Working Group , a coalition of several groups that had organized .","During the Gulf War , the NPC organised the Gulf Crisis Working Group , a coalition of several groups that :",0
"It has been found in Croatia , Bosnia and Herzegovina , Serbia and Montenegro , the Republic of Macedonia and Bulgaria , as well as Turkey , Azerbaijan and Iran .","It was found in Serbia and Montenegro , Bosnia and Herzegovina , Croatia , the Republic of Macedonia and Bulgaria , as well as Turkey , Azerbaijan and Iran .",1
The region was also open to Algonquian Ojibwa ( now known as the Mississauga ) who came in .,The region was now open to Algonquian Ojibwa ( also known as the Mississauga ) who came in .,0
The latter study is one of the few prospective demonstrations that environmental stress remains associated with hypertension and LVH .,The latter study is one of the few prospective demonstrations that remains associated with high blood pressure and LVH environmental stress .,1
Jack Adams ( 1895 -- 1968 ) was a Canadian professional ice hockey player and long-time coach and manager of the Detroit Red Wings .,Jack Adams ( 1895 -- 1968 ) was a Canadian ice hockey player and long-time trainer and manager of the Detroit Red Wings .,1
The system required the user to first encode the quasi-phonetic spelling into a standard rendering .,The system required the user to encode the quasiphonetic spelling first into a standard rendering .,1
"He died in Melbourne , Florida , on June 18 , 1936 . He was buried in Daytona Beach , Florida .","He died on June 18 , 1936 in Melbourne , Florida , and was buried in Daytona Beach , Florida .",1
His father had been a blacksmith and inventor and had worked in California with iron rope .,His father had been a blacksmith and an inventor and had worked in Scotland with the iron rope .,0
Frodo Baggins ( beside his brother Dominic as Peregrin Took ) in the animated version of `` The Lord of the Rings '' ( 1978 ) .,Guard Took Frodo Baggins ( alongside his brother Dominic as Peregrin voiced ) in the animated version of `` The Lord of the Rings '' ( 1978 ) .,0
In historical times there were Cherokee and Creek villages in the Tennessee Valley to the west of Sand Mountain and the Wills Valley to the east .,"In historical times , Cherokee and Creek villages were located in the Tennessee Valley to the west of Wills Valley , and in Sand Mountain to the east .",0
"The fully completed action plan , published on 3 March 2006 , is being placed directly in the hands of other ministers by ministerial members of the task force .","The completed action plan , published on 3 March 2006 , will be placed by ministerial members of the Task Force directly in the hands of other ministers .",1
This is a list of people on Zambia 's postage stamps and its predecessor Northern Rhodesia .,This is list of people on postage stamps of Zambia and its predecessor Northern Rhodesia .,1
"Abraham Salomon Gluck was equally murdered , probably most of the 878 men in convoy 73 on or around May 20 , 1944 .","Abraham Salomon Gluck was probably killed on or around May 20 , 1944 , like most of the 878 men in convoy 73 .",0
"The case was played in the BBC - Drama `` In Denial of Murder '' , in which Wendy Sewell Stephen Downing and Caroline Catz played Jason Watkins .","The case was featured in the 2004 BBC drama `` In Denial of Murder '' , in which Wendy Sewell played Stephen Downing and Caroline Catz played Jason Watkins .",1
"Suman Chatterjee , recorded a number of albums between 1992 and 1999 under the name Suman Chattopaddhyay or Kabir Suman .",Suman Chatterjee recorded several albums under the name of Suman Chattopaddhyay or Kabir Suman between 1992 and 1999 .,1
Don Diego de San Francisco Tehuetzquititzin ( sometimes called Tehuetzquiti or Tehuetzqui ) ( died 1554 ) was the second `` Tlatoani '' and the 16th Governor of Tenochtitlan .,Don Diego de San Francisco Tehuetzquititzin ( sometimes called Tehuetzquiti or Tehuetzqui ) ( died 1554 ) was the 16th `` tlatoani '' and the second governor of Tenochtitlan .,0
"Son of Dolobran , Gwenhafar , who married Evan Lloyd lloyd , daughter of Meredith Lloyd of Meivod .","Gwenhafar of Dolobran , son , who married Evan Lloyd lloyd , daughter of Meredith Lloyd of Meivod .",1
"Oberst Acker died on 6 September 1879 in Kalamazoo , Michigan , and is buried in Union City in the state of Michigan , USA .","Colonel Acker died on September 6 , 1879 in Union City and is buried in Kalamazoo , Michigan , in the state of Michigan .",0
Sheep are sacrificed and the meat is distributed to relatives and neighbours and given to the poor .,The sheep are being sacrificed and the meat is given to relatives and neighbours and is distributed to the poor .,1
Jana Novotná and Jim Pugh were the defending champions but lost in the second round to Zina Garrison and Sherwood Stewart .,"The title defenders were Jana Novotná and Jim Pugh , but lost to Zina Garrison and Sherwood Stewart in the second round .",1
"White , a practising member of the Presbyterian faith , was a bricklayer in the Clinton Lodge of Romney where he had served as a master .","A practicing member of the Presbyterian faith , Romney was a Mason in the Clinton Lodge of White , where he had served as a Master .",0
"Oliver Marach and Leonardo Mayer defeated Franco Ferreiro and André Sá 7 -- 6 ( 6 ) , 6 -- 3 in the final .","In the finals Oliver Marach and Leonardo Mayer defeated Franco Ferreiro and André Sá with 7 -- 6 ( 6 ) , 6 -- 3 .",1
"Two years later , he bought a master 's degree in history from Missouri State University ( then Southwest Missouri State University ) .","Two years later , he bought a master 's degree in history from Southwest Missouri State University ( then Missouri State University ) .",0
"Sri Lanka , originally known as the Senkadagala , has been the bastion of the culture of Kandy and its spiritual centre for centuries .","Kandy , originally known as Senkadagala , has been the bastion of culture and spiritual centre of Sri Lanka for centuries .",0
"Nescopeck Creek 's water is the hardest water in the Stony Creek watershed , with a concentration of over 100 milligrams per liter of dissolved minerals .",The water of the Nescopeck Creek is the hardest water in the Stony Creek watershed with a concentration of over 100 milligrams of minerals per liter .,1
"Born in Southampton , New York , Pennypacker moved to Pennsylvania a little after the turn of the 20th century before moving to New York City on Long Island .","Pennypacker , born in Pennsylvania , moved shortly after the turn of the twentieth century to New York City before moving to Southampton , New York , on Long Island .",0
Mannan was a general secretary of the Regional Council and Islamic Advisory Council during the administration of Ayub Khan .,"During the administration of Ayub Khan , Mannan was Secretary General of the Islamic Advisory Council and the Regional Council .",1
In codice 4 is the second file codice 8 and in codice 5 the second file is codice 10 .,In codice 5 the second file is codice 8 and in codice 4 the second file is codice 10 .,0
Lucius Caecilius Metellus Diadematus was the second son of Roman politician and general Quintus Caecilius Metellus Macedonicus .,Quintessus Caecilius Metellus Macedonicus was the second son of Roman politician and General Lucius Caecilius Metellus Diadematus .,0
"Tim Henman won in the final 6 -- 2 , 7 -- 6 , against Yevgeny Kafelnikov .","Yevgeny Kafelnikov won against Tim Henman in the final 6 -- 2 , 7 -- 6 .",0
"Nikolay Davydenko won against Marat Safin in the finals 6 -- 4 , 5 -- 7 , 6 -- 4 .","Marat Safin won in the last 6 -- 4 , 5 - 7 , 6 -- 4 against Nikolay Davydenko .",0
"His grandfather , Reverend John Macky , was the first moderator of the Presbyterian General Assembly of New Zealand to marry Edna Graham Allan in Dunedin in 1920 .","His grandfather , Reverend Edna Graham Allan , was the first moderator of the Presbyterian General Assembly of New Zealand . In 1920 Macky married John Macky in Dunedin .",0
The Seaca River or Pârâul Sec is a tributary of the River Olt in Romania .,The Olt River or Pârâul Sec is a tributary of the Seaca River in Romania .,0
Mouhoun is one of the 45 provinces of Boucle du Mouhoun Region and is in Burkina Faso . The capital of Mouhoun is Dédougou .,Mouhoun is one of 45 provinces in Burkina Faso and is located in the Boucle du Mouhoun region . The capital of Mouhoun is Dédougou .,0
"Since 2009 , the website Rotten Tomatoes had given the film a rating of 90 % with 19 `` fresh '' and 2 `` faul '' reviews .","As of 2009 , the website Rotten Tomatoes had given the film a 90 % rating with 19 `` fresh '' and 2 `` rotten '' reviews .",1
"Trina , better known as Taylor Katrina Laverne , is a rapper .","Trina , better known as Katrina Laverne Taylor , is a rapper .",1
"He played Garrett Burns , a love interest for Caitlin Stasey ( Rachel Kinski ) .","He played Garrett Burns , a love of interest for Caitlin Stasey ( Rachel Kinski ) .",1
"The crate he used was large and not very deceptive , and instead of an attractive woman he employed a page as an assistant .",The box he used was deceptive and not very large and instead of an attractive woman he employed a bellboy as an assistant .,0
Touche was the third son of the first Baronet of Creation in 1920 .,Touche was the first son of the third Baronet of the 1920 creation .,0
In 1977 he worked for the British magazine `` Woman 's Realm '' and for the German magazine `` Roman Woche '' .,In 1977 he worked for the British magazine `` Woman 'apos ; s Realm '' and for the German magazine `` Roman Woche '' .,1
"Vonberg worked at Imperial College and then joined the Cavendish Laboratory in 1945 , where he studied with Martin Ryle .",Vonberg worked at Imperial College then joined the Cavendish Laboratory in 1945 where he studied with Martin Ryle .,1
It is located in Annapolis Valley in the Kings County and Annapolis County and connects Kingsport to Spa Springs .,It is located in Kings County and Annapolis County in the Annapolis Valley and connects Kingsport with Spa Springs .,0
"Lynn Lynn Baggett has also represented several Hollywood actors , including Cooper for Murder , Joan Bennett and Shirley Temple in her divorce from John Agar .","Cooper Cooper has also represented several Hollywood actors , including Lynn Baggett for Murder , Joan Bennett and Shirley Temple in her divorce from John Agar .",0
"XS also translated `` Shikigami No Shiro II '' , and released it for the PlayStation 2 under its own name , `` Castle Shikigami 2 '' .",XS also translated `` Shikigami No Shiro II '' and published it under its own name `` Castle Shikigami 2 '' for PlayStation 2 .,1
"There are about 2,000 islands along the coastline , almost three quarters of which are uninhabited .","There are nearly 2,000 islands along the coastline , of which about three quarters are uninhabited .",1
`` Plasmodium billbrayi '' infects Eastern chimpanzees ( `` Pan troglodytes '' ) and common chimpanzees ( `` Pan troglodytes schweinfurthii '' ) .,Plasmodium billbrayi infects eastern chimpanzees ( `` pan troglodytes '' ) and chimpanzees ( `` Pan troglodytes schweinfurthii `` ) .,1
"Steve Brady ( David Eigenberg ) and Miranda meet during the second season , when Miranda is waiting for Steve at the bar where Carrie works .",Steve Brady ( David Eigenberg ) and Miranda meet during the second season when Miranda waits for Carrie at the bar where Steve is working .,0
"Dewalkheda is a village in the Bhopal district of Madhya Pradesh , India . It is located in Berasia tehsil .","Dewalkheda is a village in the Berasia district of Madhya Pradesh , India . It is located in the Bhopal tehsil .",0
She graduated from The Glen High School in Grahamstown in 1983 and studied at Rhodes University in Pretoria .,She graduated in 1983 from the Glen High School in Pretoria and studied at the Rhodes University in Grahamstown .,0
"Sergio Galdós and Luis David Martínez won the title , defeating Julio Peralta and Horacio Zeballos 6 -- 2 , 6 -- 2 in the final .","Sergio Galdós and Luis David Martínez won the title , defeating Julio Peralta and Horacio Zeballos 6 : 2 , 6 : 2 in the final .",1
It was written by John Sanborn and directed Michael Kaplan .,It was written by Michael Kaplan and directed by John Sanborn .,0
"He remains a somewhat enigmatic figure . It has been questioned whether he could be identical with Monulph , but the two saints are usually distinguished .","He remains a somewhat puzzling figure : it has been questioned whether he could be distinguished from Monulph , but the two saints are usually identical .",0
The following table lists all the games that the Brazilian national football team played in official competitions and friendly matches during 1983 .,The following table lists all the games played by the Brazil national football team in friendly competitions and official matches during 1983 .,0
"Unlike the western settlement , no carefully observed floors were executed in the east .","To the east , unlike the western settlement , no carefully observed floors were executed .",1
Thomas Fothergill D.D . was an English academic administrator at the University of Oxford .,Thomas Fothergill D.D . was an academic English administrator at the University of Oxford .,1
"The first settlers were Dr. Henry Clay Fish , Richard Dobbs and James G. Christian , all coming from Missouri to Illinois .","The first settlers were Dr. Henry Clay Fish , Richard P. Dobbs and James G. Christian , who all came to Missouri from Illinois .",0
"He wrote the screenplay in cooperation with Cyril Rambour , Laurie Aubanel and Bianca Olsen .","In collaboration with Bianca Olsen , Laurie Aubanel and Cyril Rambour , he wrote the script .",1
"The castle is now used as a glamorous place near Madrid for unusual weddings , social events , banquets and so on .","The castle is used now as a glamorous place near Madrid for fancy weddings , social events , banquets and so on .",1
"Dragan Umičević ( born October 9 , 1984 in Dubica , SFR Yugoslavia ) is a Swedish hockey player of Serbian descent .","Dragan Umičević ( ; born October 9 , 1984 , in Dubica , SFR Yugoslavia ) is a Swedish ice hockey player of Serbian descent .",1
"The reservoirs that form the chain are , from northwest to southeast : Catcleugh Reservoir → Colt Crag Reservoir → Little Swinburne Reservoir → Hallington Reservoirs → Whittle Dene .",The reservoirs that form the chain are from the north-west to the southeast : Little Swinburne Reservoir → Hallington Reservoirs → Catcleugh Reservoir → Colt Crag Reservoir → Whittle Dene .,0
"In 1923 , Jacob Blaustein and his son , Louis Blaustein , sold half a participation in their American Oil Company to Pan American in exchange for a guaranteed supply of oil .",In 1923 Jacob Blaustein and his son Louis Blaustein sold a half interest in their American Oil Company to Pan American in exchange for a guaranteed supply of oil .,1
Liang recommended Jiang Wan as his successor and Jiang Wan as successor to Fei Yi .,Zhuge Liang recommended Jiang Wan as his successor and Fei Yi as his successor to Jiang Wan .,0
They competed in the Copa do Brasil once and in the Série C twice .,They once participated in the Copa do Brasil and twice in the Série C .,1
New York 's initial possession of parts of Vermont ensured a close relationship with other New England colonies like Maine and a continuing New England influence in the colony .,New York 's initial possession of parts of Vermont ensured a close relationship with other New England colonies like Maine and a sustained New England influence in the colony .,1
On the platform many people waiting for the Tundla-Delhi passenger train were waiting .,There were many people waiting for the Tundla-Delhi passenger train on the platform .,1
"On August 31 , 1819 , Wollstonecraft met in Sydney on board the ship `` Grenada '' .",Wollstonecraft met on 31 August 1819 on board the ship `` Sydney '' in Grenada .,0
"Santiago is the vulgar evolution of the Latin Galician Sanctu Iacobu , `` Saint James '' .","Santiago is the Vulgar evolution of Galician Latin Sanctu Iacobu , `` Saint James '' .",1
"At that time , Andrew Johnson was the president , and his government learned that Meacham did not support him .","At the time , Meacham was president , and his administration learned that Andrew Johnson did not support him .",0
"She was born in Cork , the daughter of Richard Hartland and Mary Walsh . She was the niece of artist Stephen Jackson . She married Henry Albert Hartland .","She was born in Cork , daughter of Richard Hartland and Mary Walsh , was the niece of the artist Stephen Jackson , who married Henry Albert Hartland .",1
"The BMS - Chairman is Jürg Kramer ( FU ) , and the deputy chairpersons are Günter M. Ziegler ( HU ) and John M. Sullivan ( TU ) .","The BMS Chair is Jürg Kramer ( FU ) , and the deputy Chairs are Günter M. Ziegler ( HU ) and John M. Sullivan ( TU ) .",1
"In 1994 , the Polish ambassador to South Africa , Mr Scieniuch , presented the `` Warsaw Cross of Insurrection to Durrant 's widow .","In 1994 , the Polish Ambassador to South Africa , Mr SCieniuch presented the `` Warsaw Insurrectionary Cross '' to Durrant 's widow .",1
"She ( Sophia ) feels very lonely , and is like a reed .",She ( Sophia ) feels very lonely and is like a pipe reed .,1
This species comes from Nicaragua to Costa Rica in the demersal zone of the Pacific Ocean .,This species comes from Costa Rica to Nicaragua in the demersal zone of the Pacific Ocean .,0
An electronic signature is intended to provide the signatory with a seamless identification method to guarantee a secure and accurate transaction .,An electronic signature is intended to provide the signatory with a secure and accurate identification method for ensuring a seamless transaction .,0
The primitive heart or the tubular heart tube is the earliest stage of the heart development .,The primitive heart or tubular heart tube is the earliest stage of heart development .,1
Khurda Road is one of three divisions on the east coast of the railway .,The East Coast Railway is one of three departments of Khurda Road .,0
"Paul Tellier is the son of Maurice Tellier , and the grandson of Sir Joseph – Mathias Tellier , who was the brother of Louis Tellier .","Paul Tellier is the son of Maurice Tellier , and the grandson of Sir Joseph-Mathias Tellier , who was the brother of Louis Tellier .",1
"According to the U.S. Census Bureau , the county is a total area , of which is land and ( 17.6 % ) has water .","According to the US Census Bureau , the county is a total surface area of which is land and has water ( 17.6 % ) .",1
"Wenzel Render , a privileged imperial mason and monumental architect , was the first to die .","The first to die during the work was Wenzel Render , a monumental mason and privileged imperial architect .",0
"The third segment was built in 1929 , the second segment was completed by Peters Corners in 1930 .","The second segment was built in 1929 , the third segment was completed in 1930 by Peters Corners .",0
"On March 29 , 1861 , the Fort Fort Mason was re-occupied by federal troops and evacuated until 1869 after the Civil War .","Fort Mason was evacuated by federal troops on March 29 , 1861 , and reoccupied after the Civil War until 1869 .",0
"That night , Emperor Muzong died , and Li Zhan took the throne ( as Emperor Jingzong ) .","That night , Emperor Li Zhan died , and Muzong took over the throne ( as Jingzong Emperor ) .",0
"In addition to strictly scientific work , de Broglie thought and wrote about the philosophy of science , including the value of modern scientific discoveries .","In addition to the strictly modern scientific work , de Broglie thought and wrote about the philosophy of science , including the value of the scientific discoveries .",0
"After the cry , Vince Neil John Corabi replaced temporarily in Mötley Crüe .","After The Scream , John Corabi temporarily replaced Vince Neil in Mötley Crüe .",0
"The journalist played by Elio Germano ( Luke Gualtieri , the fictional Journal of Bologna ) is Lorenzo Guadagnucci , journalist of Il Resto del Carlino .","The journalist , played by Elio Germano ( Luke Gualtieri , the fictitious journal of Bologna ) is Lorenzo Guadagnucci , journalist of Il Resto del Carlino .",1
"On the other hand , General De Gaulle was less impressed , read her recommendations , and only half rejected most of her reports .","General De Gaulle on the other hand was less impressed , dismissing her recommendations and only half reading most of her reports .",0
"Taylor grew up in Mount Duneed , just outside the coastal town of Torquay , Victoria .",Taylor grew up in Torquay just outside the coastal town of Mount Duneed in Victoria .,0
"Union County is included in Spartanburg , SC Metropolitan Statistical Area , which is also included in the statistical area combined in Greenville - Spartanburg - Anderson , SC .","Union County is included in the Spartanburg , SC Metropolitan Statistical Area , which is also included in the Greenville -- Spartanburg -- Anderson , SC Combined Statistical Area .",1
"Casper is expressed in the second season by Robbie Sublett in the film , Matthew Géczy in the first season and Devon Werkheiser .","Casper is voiced by Robbie Sublett in the film , Matthew Géczy in the first season and Devon Werkheiser in the second season .",1
"This also marked the fifth series since the first to include a railway consultant as part of the production team , with Sam Wilkinson in the role .",This was also the fifth series since the first including a railway consultant in the role as part of the production team with Sam Wilkinson .,1
"While prostitution in Canada is legal , most activities relating to prostitution are illegal .","While prostitution is legal in Canada , most activities related to prostitution are illegal .",1
"In January 1954 , Sadler 's Wells Ballet announced that Benjamin Britten was working with Cranko to create a ballet .","In January 1954 , Sadler 's Wells Ballet announced that Benjamin Britten was collaborating with Cranko to create a ballet .",1
"Michele Emmer was the father of mathematician , writer and director Luciano Emmer .","The father of a mathematician , writer and director Luciano Emmer was Michele Michele Emmer .",1
`` P. seippi '' should be implanted in pairs in a well housed terrarium .,`` P. seippi '' should be housed in pairs in a well planted terrarium .,0
"Jason Syme is the elder Borther of Rugby - League and Rugby - Union - Footballer , Jamie Syme .",Jason Jamie Syme is the older Borther of the Rugby - League and Rugby - Union - Footballers .,0
"For their performances in the game , quarterback P. J. Williams and defensive back Jameis Winston were named the game 's most valuable players .",Quarterback P. J. Williams and Defensive Back Jameis Winston were named the most valuable players of the game for their performances in the game .,1
"In the comic - thriller `` Edward Trencom 's Nose '' by Giles Milton , several of Byron 's ancestors are poisoned , along with Edward .","In the comic thriller , `` Edward Trencom 's Nose '' by Giles Milton , several of Edward 's ancestors are poisoned , along with Byron .",0
"The dam is operated by the United States Bureau of Reclamation , which built it , and is owned by the Elephant Butte Irrigation District .","The dam is owned by the United States Bureau of Reclamation , which it has built , and is operated by the Elephant Butte Irrigation District .",0
"B is the common term between the two premises ( the middle term ) but is never distributed , so this syllogism is invalid .","B is the medium term between the two premises ( the common term ) , but is never distributed , so this syllogism is invalid .",0
"Warsaw is a former settlement in Fresno County , California . It was located north of Mendota near the site of Pueblo de las Juntas .","Mendota is a former settlement in Fresno County , California , located north of Warsaw , near the Pueblo de las Juntas .",0
"Collins introduced himself to the modern Barnabas Collins family as a cousin from England , a hard-working businessman never seen during the day .","Collins introduced himself to the modern Barnabas Collins family as a cousin from England , a hard-working businessman who was never seen during the day .",1
"He proposes that the first two premises of Kant only entail that we must try to achieve the perfect good , not that it is actually achievable .","He proposes that Kant 's first two premises actually entail that we must try to achieve the perfect good , not that it is only attainable .",0
He replaced John Mabry as backup at 1st Base to Derrek Lee .,He replaced Derrek Lee as a backup at 1st base to John Mabry .,0
"Brutus died on April 9 , 1830 , in the town of Adam Helmer in Cayuga County , New York .","Brutus died on April 9 , 1830 in the city of Adam Helmer at Cayuga County in New York .",1
"He has also directed many commercials , including the European `` Freestyle '' campaign for Nike , which won several international advertising awards and music videos .","He has also directed several international music commercials , including the European `` Freestyle '' campaign for Nike , which won many awards , and commercial videos .",0
Abraham Naftali Hertz Scheuer was born in Frankfurt am Main in 1753 as son of his father Rabbi David Tebele Scheuer .,David Tebele Scheuer was born in 1753 as son of his father Rabbi Abraham Naftali Hertz Scheuer in Frankfurt am Main .,0
"During the campaign in 1943-1945 , there were more than 10,000 marriages between American girls and Italian soldiers .","During the campaign of 1943-1945 , there were more than 10,000 marriages between Italian girls and American soldiers .",0
"Eckhoff represented New Zealand in 1928 against Great Britain , and in 1930 against Australia .","Eckhoff represented New Zealand against Great Britain in 1928 , against Australia in 1930 .",1
"Felix researched in Bielsko , Vienna , Prague and London and worked for the Hadassah Medical Organization in Jerusalem from 1927 to 1945 .","Felix researched in Bielsko , Vienna , Prague , and Jerusalem . Between 1927 and 1945 , he worked in London for the Hadassah Medical Organization .",0
For a couple of years Daniel went to the same school as Björn Dixgård and founded a band called Butler together with Björn at the age of fifteen .,For a few years Daniel went to the same school as Björn Dixgård ; at the age of fifteen he founded a band called Butler together with Björn .,1
"Rakhal Chandra Ghosh ( 1863 -- 1922 ) , whose original name was Swami Brahmananda , was son of a zamindar in the Basirhat area .","Swami Brahmananda ( 1863 -- 1922 ) , whose original name was Rakhal Chandra Ghosh , was the son of a cemindary in the Basirhat area .",0
"Fortunately , the rich and soft dry red wine produced by the warmer Australian areas , known as Australian Burgundy , fits in with the English market .","Fortunately , the rich , soft dry red wine produced by the warmer Australian areas and known as Australian Burgundy suited the English market .",1
"There are seven picnic areas and several have covered pavilions , the largest of which can accommodate up to 100 people and can be reserved .","There are seven picnic areas and several have covered pavilions , the largest of which can accommodate up to 100 persons and can be reserved .",1
"In the 2014 film `` Get On Up '' , a biography of Josh Hopkins presented by James Brown , Bryan Grazer and Mick Jagger bass is produced .","In the 2014 film `` Get On Up '' , a biography of Josh Hopkins portrayed by James Brown , Bass is produced by Bryan Grazer and Mick Jagger .",1
"Producer of the second season was Lawrence Kasha , John Thomas Lenox produced the first season .","Producer of the first season was Lawrence Kasha , John Thomas Lenox produced the second season .",0
"Sarons typically come in a number often sizes , from largest to smallest .","Typically , sarons in a number often come in sizes , from the smallest to largest :",0
"Parmele was released from the Cleveland Browns on August 3 , 2015 , and was signed by the team on 31 August 2015 .","On 3 August 2015 , Parmele was signed by the Cleveland Browns and was released by a team on 31 August 2015 .",0
"This is a list of the various heads of the local governmental organisations that have served London , England .","This is a list of the local heads of various government organisations that have served London , England .",0
"After the takeover of the Nazi regime , he was forced to retire in 1936 , as a citizen of Jewish faith with evangelical ancestors .","Following the takeover of the Nazi regime in 1936 , he was forced to retire as a citizen of Jewish faith with evangelical ancestors .",1
The park is situated about an hour and a half south of San Francisco or five hours north of Los Angeles .,"The park lies about an hour and a half north of Los Angeles , or five hours south of San Francisco .",0
"Lisette married Ferdinand de Brinon , a.k.a . Jeanne Louise Rachel Franck , the Jewish former wife of Claude Ullmann ; she converted to Catholicism .","Lisette married Ferdinand de Brinon , who was Jeanne Louise Rachel Franck , the former Jewish wife of Claude Ullmann , converted to Catholicism .",1
It was originally developed by groups of Chinese scholars in the Soviet Union and used by Chinese and Russian immigrants there until the majority of them left the country .,"It was originally developed by groups of Chinese scholars in the Soviet Union , used by Chinese and Russian immigrants there until the majority of them left the country .",1
The winning Mike McEwen team represented Ottawa at Tim Hortons Brier in Manitoba in 2016 .,The winning Mike McEwen team represented Manitoba at the 2016 Tim Hortons Brier in Ottawa .,0
"The public programme of the EFA consists of political , social , ecological and economic parts .","The political , social , environmental and economic programme of the EFA consists of public parts .",0
"Incumbent Republican Mike DeWine won re-election to a second term , beating Democrat Dick Celeste , real estate developer and brother of former Ohio Governor Ted Celeste .","The established Republican Mike DeWine won the re-election to a second term , beating the democrat Ted Celeste , real estate developer and brother of former Ohio Governor Dick Celeste .",0
"The Club - Kit is a red or black vertical striped vest or crop - top with red decorative bars , with white and black running shorts or hotpants .","The club kit is a red or black vertically striped vest or crop top with red trim , with white and black running shorts or hotpants .",1
"Oren Peli wrote the script for the paranormal thriller film `` Insidious '' , which was staged by Wan in 2011 and produced by Whannell .","Oren Peli wrote the script for and acted in the 2011 paranormal thriller film , `` Insidious '' , which was directed by Wan and produced by Whannell .",1
Then membership of inverse nodes within periodicity blocks may be tested analytically through the primary φ function .,The membership of primary nodes within periodicity blocks can then be tested analytically through the inverse φ function :,0
"In May 2012 , Collins decided he would not challenge Broun .","In May 2012 , Collins decided that he would not challenge Broun .",1
The role of the corpus callosum in epilepsy is the interhemispheric transmission of epileptiform discharge .,The role of corpus callosum in the epilepsy is the epileptiform transmission of interhemispheric discharges .,0
In 2014 when Hollywood Park Racetrack closed the race was moved to Santa Anita Park .,"In 2014 , when Santa Anita Park was closed the race moved to Hollywood Park Racetrack .",0
"As an alternative , tantric Tibetan Buddhism allows to consciously choose a desire , to create desire , rather than being created by it .","As an alternative , tantric Tibetan Buddhism allows to create a desire consciously ; to choose desire rather than being created by it .",0
"Ruben Aganbegyan ( born in 1972 , Novosibirsk ) is a Russian economist , president of Micex , son of the famous Soviet economist Abel Aganbegyan .","Ruben Aganbegyan ( ; b . 1972 , Novosibirsk ) is a Russian economist , the President of Micex . Son of the famous Soviet economist Abel Aganbegyan .",1
"In 2010 , Mahsun Kırmızıgül was cast in the movie `` Five Minarets in New York '' that was directed by Mustafa Sandal .","In 2010 , Mustafa Sandal was cast in the movie `` Five Minarets in New York '' , directed by Mahsun Kırmızıgül .",0
The song is produced by Calvo Da Gr8 and written by The Writing Camp .,The song was written by Calvo Da Gr8 and produced by The Writing Camp .,0
The music was written by Mariamma Philip and the lyrics by Darsan Raman composed .,The music was composed by Darsan Raman and the lyrics written by Mariamma Philip .,0
The National Ports Authority provides port infrastructure and commercial services at the eight seaports in South Africa .,The National Ports Authority provides port infrastructure and marine services at the eight commercial seaports in South Africa .,0
"Shikigami No Shiro II has also been released and translated for the PlayStation 2 under its own name , Castle Shikigami 2 .","XS also translated `` Shikigami No Shiro II '' , and released it for the PlayStation 2 under its own name , `` Castle Shikigami 2 '' .",0
He was an intermediary with the United States Postal Service and was a member of the United States Olympic Committee arbitration panel .,He was an intermediary with the United States Olympic Committee and was a member of the United States Postal Service arbitration panel .,0
"Tadas Langaitis is a Lithuanian politician , from november 2016 member of the Seimas , civic activist , active in social and civic projects in Lithuania .","Tadas Langaitis is a Lithuanian politician , member of the Seimas , social and civic activist since November 2016 , active in citizens ' projects in Lithuania .",0
"From 1931 to the outbreak of the Second World War in Shanghai in 1939 , he worked in Europe .",He worked from 1931 until the outbreak of World War II in Europe in 1939 in Shanghai .,0
"The team , founded in 1906 , took the first American `` double '' when in 1912 the National Association Football League and the American Cup won .","Founded in 1906 , the team won the first American `` double '' when it took the 1912 National Association Football League and American Cup titles .",0
It was first climbed and named after Bill House when he climbed free in 1938 .,It was climbed freely and named after Bill House when he first climbed it in 1938 .,0
Brookline was part of Pill Hill in 1844 when Boston annexed it .,"In 1844 , Pill Hill became a part of Brookline when it was annexed from Boston .",0
"In 1963 , the National Chiropractic Association reorganized into the American Chiropractic Association ( ACA ) .","In 1963 , the National Chiropractic Association reorganized the American Chiropractic Association ( ACA ) .",1
"Mark Hambourg was born in Voronezh , Russia , the middle brother of the famous pianist Jan Hambourg .","Mark Hambourg was born in Voronezh , Russia , as the middle brother of famous pianist Jan Hambourg .",1
"Guillermo Cañas won in the final 7 -- 6 , 6 -- 2 , against Juan Carlos Ferrero .","Guillermo Cañas won against Juan Carlos Ferrero in the final with 7 : 6 , 6 : 2 .",1
"While Quine has referred to such logics as '' free `` logic , they are now called inclusive logics .",While Quine called such logics `` inclusive '' logic they are now referred to as free logic .,0
"On April 17 at Lockdown , Morgan defeated Hernandez in a steel cage match to win the feud .","On April 17 , Morgan defeated Match in a steel cage with Lockdown Hernandez to win the Feud .",0
He helps everyone get a good night 's sleep and have sweet dreams and often talks with a yawning voice .,He helps everyone get a good night 's rest and have sweet dreams and often talks with a yawning voice .,1
"Morgan explodes an sets Chang on fire , where he arrives along with the explosives on board the train .",Morgan explodes and sets Chang on fire where he arrives on board the train along with the explosives .,1
Two quasi-similar C contractions have the same function and thus the same minimal spectrum .,Two quasi-similar C contractions have the same minimal function and hence the same spectrum .,0
"The names `` googol '' and `` googolplex '' were invented by Edward Kasner 's nephew , Milton Sirotta , and introduced in Kasner and Newman 's 1940 book ,",The names '' Googol `` and '' Googolplex `` were invented by Edward Kasner 's nephew Milton Sirotta and introduced into the book by Kasner and Newman in 1940 ;,1
"Since then , there have been few significant changes , with noticeable changes in the design of the Railcard most common .","Since then , there have been few significant changes , with frequent changes in the design of the Railcard most recognizable .",0
"Houyan is a station on Dalian Metro line 3 in the province of Liaoning , China , in the Ganjingzi district of Dalian .","Houyan is a station on Line 3 of the Dalian Metro in Dalian City . It is located in the Ganjingzi District of Liaoning Province , China .",0
"In 1937 , Peter Bischoff married Dr. Carla Spletter , who had won a gold medal in sailing at the Olympic Games in 1936 .","In 1937 Peter Bischoff married Dr Carla Spletter , who had won a gold medal in sailing at the 1936 Olympic Games .",1
Simon Butler ( d. 1755 ) was a Welsh immigrant who came to Pennsylvania in 1712 with his cousin Simon Mathews .,Simon Mathews ( died 1755 ) was a Welsh immigrant who came to Pennsylvania with his cousin Simon Butler in 1712 .,0
"Please note that Ionia and Aeolis were not considered separate units by the Persians , while Lycia was included in semi-autonomous Caria and Sparda the offshore islands .","Note that Ionia and Aeolis were not considered separate entities by the Persians , while Lycia was included in semi-autonomous Caria , and Sparda included the offshore islands .",1
Sam and Russ both later refused to attend Nicole 's funeral .,"Later , both Nicole and Russ refused to attend Sam 's funeral .",0
"CAVLC requires considerably less processing than CABAC to decode , although it does not compress the data so effectively .","CAVLC requires considerably less processing to compress than CABAC , although it does not decode the data quite as effectively .",0
Brian Brian Packham has also appeared in Coronation Street as Peter .,"Peter Peter has also appeared as Brian Packham in Coronation Street ,",0
The Zăbrătău River is a tributary of the Bota Mare River in Romania .,The river Zăbrătău is a tributary of the Bota Mare river in Romania .,1
"Robinson played High School Basketball at the Memphis Melrose High School , where one of his teammates was his professional college and future teammate , Larry Finch .","Robinson played high school basketball at Memphis Melrose High School , where one of his teammates was his future college and professional teammate , Larry Finch .",0
"Sean Kandel is Chief Technical Officer and co-founder of Trifacta , along with Joseph M. Hellerstein and Jeffrey Heer .","Joseph M. Hellerstein is the Chief Technical Officer and co-founder of Trifacta , along with Sean Kandel and Jeffrey Heer .",0
The weather in winter is moderately warm and cold in summer .,"The weather is moderately cold in winter , warm in summer .",0
See also list of small groups for finite abelian groups of order 30 or less .,See also a list of finite Abelian groups for small groups of order 30 or less .,0
"In order to preserve Malaysia 's neutrality , the Sabres were flown to Thailand via Singapore .","In order to preserve the neutrality of Malaysia , the Sabres were flown to Singapore via Thailand .",0
His other task was to prevent even the emigration of Jewish children from Romania to British mandate Palestine ( region ) Palestine ) ) .,His other task was even to prevent the emigration of Jewish children from Palestine to the British mandate of Palestine ( region ) of Romania .,0
"Herbert and Alessandro Giannessi and João Sousa defeated Maxime Teixeira 6 -- 4 , 6 -- 3 in the final .","In the final , Herbert and Maxime Teixeira defeated Alessandro Giannessi and João Sousa 6 : 4 , 6 : 3 .",0
"As a superintendent of the police , he served in Salem from 1982 to 1983 , and from 1983 to 1985 in Dharmapuri .","As Superintendent of Police , he served in Dharmapuri from 1982 to 1983 and Salem from 1983 to 1985 .",0
Eudes was vehemently opposed to the peace negotiations undertaken by the new Republican government of Adolphe Thier .,Adolphe Thiers was vehemently opposed to the peace negotiations undertaken by the new republican government of Eudes .,0
The 2002 National Football League season was the team 's 27th season with the Seattle Seahawks .,The 2002 National Football League season was the 27th season of the Seattle Seahawks team .,1
Biswas was married to Jyotsna Biswas . They had a daughter Aruna Biswas .,"She was married to Jyotsna Biswas , they had a daughter Aruna Biswas .",1
Religious Institute -- `` a society in which members ... take off public vows ... and lead a common life of brothers or sisters '' .,Religious Institute -- `` a society in which members ... pronounce common vows ... and lead a life of brothers or sisters in the public '' .,0
"Lake Junaluska is named after nearby Mount Junaluska ( now North Eaglenest Mountain ) , which in turn was named after Chief Junaluska , a Cherokee leader .","The North Eaglenest Mountain is named after the nearby Mount Junaluska ( now Lake Junaluska ) , which was in turn named after Chief Junaluska , a leader of the Cherokee .",0
The sandwich is particularly popular in New England and has been proposed as the official sandwich of Massachusetts .,The sandwich is particularly popular in Massachusetts and has been proposed as the official state sandwich of New England .,0
I tried to buy it when George Romney ( later Michigan governor ) and Roy Abernethy were running AMC .,I 've tried to buy it when George Romney ( later governor of Michigan ) and Roy Abernethy AMC were running .,1
"Frank Herzberg Trio is a contemporary Brazilian jazz trio , consisting of the bassist Zé Eduardo Nazario , drummer Frank Herzberg and pianist Alexandre Zamith .","The Frank Herzberg Trio is a contemporary Brazilian jazz trio that consists of bassist Frank Herzberg , drummer Zé Eduardo Nazario , and pianist Alexandre Zamith .",0
The Dublin Council of Unions is the Trade Union Council for the Dublin County in Ireland .,The Dublin Council of Unions is the Trade Council for Ireland in the county of Dublin .,0
"Owner Shayne Doyle said , I have a lot of money invested in sound equipment , I have door people and pay people to sound .","Shayne Doyle said : `` I invested a lot of money in sound equipment , I have door people and sound people to pay .",0
"This may be caused by the loss of three different additional genes , each of which has different effects , resulting in three types of syndrome .","This may be caused by the loss of three different genes , each of which has different additional effects , resulting in three types of syndromes .",0
"In 2010 , Miller published his third album `` Derek Miller with Double Trouble '' .","In 2010 Derek Miller released his third album , `` Miller with Double Trouble '' .",0
"Despite the attentions of Ehinger father Vicente de Requejada , Augustine died on May 31 , 1533 , and was buried under a tree .","Despite the attention of Ehinger 's father Vicente de Requejada , Augustine died on 31 May 1533 and was buried under a tree .",1
"Ryan Wiik ( born September 23 , 1981 ) is a Norwegian actor and entrepreneur , also known as Gunnar Ryan Wiik .","Gunnar Ryan Wiik ( born September 23 , 1981 ) , known as Ryan Wiik , is a Norwegian actor and entrepreneur .",1
"When Aaron asked him to play the new band guitar , Russ agreed .","When Russ asked him to play guitar in the new band , Aaron agreed .",0
"Bone and stone artefacts similar to those found at Kunda have been discovered elsewhere in Estonia , as well as in Latvia , northern Lithuania and southern Finland .","Bone and stone artefacts similar to those found in Kunda have been discovered throughout Estonia , as well as in Latvia , Northern Lithuania and Southern Finland .",1
"The brother of Dinesh Gunawardena and the eldest son of Philip Gunawardena , he was educated at the Royal College , Colombo .","The brother of Philip Gunawardena and the eldest son of Dinesh Gunawardena , he was taught at the Royal College in Colombo .",0
"The flag of Sri Lanka , was adopted for the Western Province of Western Province in 1987 .",The flag of Sri Lanka was adopted in 1987 for the western province of the Western Province .,1
In a new relationship with surgeon Adrian Benitez ( Gabby Concepcion ) is Liz Lizene Jimenez ( Angelica Panganiban ) .,Angelica Panganiban ( Lizelle Jimenez ) is a new relationship with Adrian Benitez surgeon ( Gabby Concepcion ) .,1
Yauli is one of nineteen districts in the Province of Huancavelica in Peru .,Yauli District is one of nineteen districts of the province Peru in Huancavelica .,0
"In 2016 , her first complete biography appeared : `` Ada Salter , pioneer of ethical socialism '' by Graham Taylor .","In 2016 , her first complete biography appeared : `` Graham Taylor , pioneer of ethical socialism '' by Ada Salter .",0
Music was composed by Vedha and the lyrics were written by Kannadasan .,The music was written by Vedha and the lyrics by Kannadasan were composed .,0
The audio companion to the digital concert was released on 29 January 2008 as a live album at iTunes .,"The audio companion to the live concert was released as a digital album on iTunes on January 29 , 2008 .",0
"Governor Flanagin took the state archives and first moved to Hempstead County , and then continued to Washington , Arkadelphia , where he set up a new capital .","Governor Flanagin took the state archives and first moved to Arkadelphia and then to Washington at Hempstead County , where he set up a new capital .",0
"Montgomery County is part of the Blacksburg -- Christiansburg -- Radford , VA Metropolitan Statistical Area .","Montgomery County is part of the Metropolitan Statistical Area Blacksburg -- Christiansburg -- Christiansburg -- Radford , VA .",1
"She lived in Minglanilla , Cebu before moving to Metro Manila .","She lived in the Manila Metro before moving to Minglanilla , Cebu .",0
Balaji Baji Rao was born as the eldest son of Vishwasrao at Supe near Pune ( Supe was the Jagir of Shahaji near Pune ) .,Balaji Baji Rao was born in Supe near Pune as the eldest son of Vishwasrao ( Supe was the hunter of Shahaji near Pune ) .,0
"Another important route that crossed the Campbelltown territory included the road that led from the Bindnagle settlement to Palmyra , which is now PA 117 .","Another important route that crossed the Palmyra area included the road which led from the Bindnagle settlement to Campbelltown , which is now PA 117 .",0
The school was established in Australia and then pioneered in 1903 in Ireland .,The school was founded in Australia and then pioneered in Ireland in 1903 .,1
"Tridens melanops is a species of pencil endemic to Brazil , where it is native to the Amazon Basin .",Tridens melanops is a species of pencil catfish native to Brazil where it is endemic to the Amazon Basin .,0
Ashley was born on 1 November 1986 and is a contemporary dancer from Los Angeles who originally grew up in Arizona .,"Born on November 1 , 1986 , Ashley is a contemporary dancer from Arizona , who was originally raised in Los Angeles .",0
"( Don Wyatt had been in the penguins in 1956 , and both Eddie and Ray had been with Ray in the later Colts / Fortunes . )",( Ray had been in the Penguins in 1956 and both Eddie and Ray had been in the later Colts/Fortunes with Don Wyatt . ),0
"Neustadtl an der Donau is a town in the district of Amstetten in Lower Austria , Austria .",Neustadtl an der Donau is a city in the Amstetten district of Lower Austria in Austria .,0
The current mayor of Crestview Hills is Paul Meier and the town administrator is Tim Williams .,The current mayor of Crestview Hills is Paul Meier and the city administrator is Tim Williams .,1
"Gandini was born on May 19 , 1906 in Venice to Ernesto Gandini and Diomira Di Centa of Parma .",Gandini was born on 19 May 1906 in Venice to Ernesto Gandini and Diomira Di Centa of Parma .,1
"She married twice . The first time with Prince Kazimierz Poniatowski in 1749 , and the second time with Prince Antoni Lubomirski on 21 January 1751 .","She married twice , the first time in 1749 with the Prince Kazimierz Poniatowski , the second time with the Prince Antoni Lubomirski on January 21 , 1751 .",1
"It became one of the four British chemical companies that merged with Brunner Mond , Nobel Explosives and Imperial Chemical Industries to the United Alkali Company in 1926 .","It became one of the four British chemical companies that merged with Brunner Mond , Nobel Explosives and United Alkali Company in 1926 to set up Imperial Chemical Industries .",0
"Moutse district was seized from Lebowa in 1980 and was , despite violent resistance , officially integrated into KwaNdebele .",The Moutse district was conquered in 1980 from KwaNdebele and was officially integrated into Lebowa despite violent resistance .,0
"The house is located right north of the Glan Clwyd Hospital in the parish of Bodelwyddan in the historic county of Denbighshire , but now in Flintshire .","The house is situated immediately to the north of Glan Clwyd Hospital in the parish of Bodelwyddan in the historic county of Flintshire , but now in Denbighshire .",0
"Aleksandar Stevanović ( born 3 March 1991 ) is a Serbian footballer , who plays for Wattenscheid 09 . He is an older brother of Predrag Stevanović .","Aleksandar Stevanović ( born March 3 , 1991 ) is a Serbian footballer who plays for Wattenscheid 09 , an elderly brother of Predrag Stevanović .",1
His eyewitness report reports that the Afghans simply occupied the place and fled Hari Singh Nalwa without a battle from Peshawar .,His eyewitness account reports that the Afghans simply occupied the place and Hari Singh Nalwa fled Peshawar without a battle .,1
Alton is located on the Mississippi River above the estuary of the Missouri River .,Alton is located on the Missouri River above the mouth of the Mississippi .,0
"Examples of such factors include rape , fraternization , good behavior , or any other factors that would adversely affect public sexual order and discipline .","Examples of such factors include rape , fraternization , good behavior , or other factors that would adversely affect public sexual order and discipline .",1
"Moses Point Airport is an airport in Elim , a city in the Nome Census Area in the U.S. state of Alaska .","El Elim is an airport in Moses Point Airport , a city located in the Nome Census Area of the US state of Alaska .",0
Jolly 's parents settled in West Bengal from Rajshahi . Her elder sister Sharmili Ahmed is an actress .,"Jolly 's parents settled in West Bengal in Rajshahi , her elder sister Sharmili Ahmed is actress .",0
"It is licensed and published in North America by Blu on May 8 , 2007 . The manga is licensed in Taiwan by Sharp Point Press .","It is licensed and published in Taiwan by Blu on 8 May 2007 , and is licensed by Sharp Point Press in North America .",0
"Lysias , Aeschines , Isaeus , Plutarch and others also had their own preferences .","Lysias , Aeschines , Isaeus , Plutarch and others had their own preferences .",1
"The Buchan Caves are located approximately east northeast ( or five hours ' drive ) from Lakes Entrance , along the Princes Highway , north of Melbourne .","The Buchan Caves are located approximately east to the northeast ( or five hours by car ) from Melbourne , along Princes Highway , north of Lakes Entrance .",0
The situation is complicated when Bob 's Chief Stellan ( Matthew Lillard ) falls in love with Cathy .,The situation is complicated when Bob 's boss Stellan ( Matthew Lillard ) falls in love with Cathy .,1
"Eastside is a former settlement located in Holtville , north of Imperial County , California .","Eastside is a former settlement in Imperial County , California . It was located north of Holtville .",0
"Whinnies and screams can be made as distress calls , and are also used at dawn and at dusk .",Whinnies and screams can be used as emergency calls and are also made at dusk and at dawn .,0
"After May 4 , 2012 , Gordon M. Snow was replaced by Michael S. Welch and then Joseph M. Demarest with limited formal announcement .","After May 4 , 2012 , Gordon M. Snow was replaced by Michael S. Welch and then Joseph M. Demarest with a limited formal announcement .",1
"In the second season , Susan Glaspell and his play `` Bound East for Cardiff '' as well as '' Trifles '' were introduced by Eugene O ’ apos ; ' Neill .",The second season introduced Susan Glaspell and his play `` Bound East for Cardiff '' as well as `` Trifles '' by Eugene O ’ Neill .,1
The size is described as 15 metres wide by 35 metres long .,The size is described as 15 metres wide and 35 metres long .,1
"There are nearly 2,000 islands along the coastline , of which about three quarters are uninhabited .","Along the coast there are about 2,000 islands , almost three quarters of which are uninhabited .",1
"Mimi Sodré was a student at the Naval Academy when after reading a book by Baden Powell named Scouting for Boys , he became interested in Scouting .","Baden Powell was a student at the Naval Academy after reading a book by Mimi Sodré called Scouting for Boys , when he was interested in the scouting .",0
"Himeya changed as Nexus and tested Faust , but Faust disappeared and said , fight it just .",Himeya changed as Nexus and test Faust but Faust disappeared and said just fight it .,1
"It was addressed by Hiroaki Gōda , animated by Anime International Company , and produced by TBS and Kodansha .","It was directed by Hiroaki Gōda , animated by Anime International Company , and produced by TBS and Kodansha .",1
"In 235 BC , after an attack on the state of Zhao , united troops from the states of Qin and Wei to attack Chu , however , defeat suffered .","In 235 BCE , after an attack on the State of Zhao , troops from the states of Qin and Chu united to attack Wei but suffered a defeat .",0
"Shortly after his son , Santha , was drowned in a swimming pool under mysterious circumstances , Jagath died of heart attack on April 11 , 1981 .",Santha died on 11 April 1981 from a heart attack shortly after his son Jagath drowned under mysterious circumstances in a swimming pool .,0
Birleffi was of Protestant origin and Roman - Catholic in a predominantly Italian state .,Birleffi was of Italian descent and Roman - Catholic in a predominantly Protestant state .,0
"Guido died in 1955 , and the company was led by his son Bruno Caloi until 1999 .","In 1955 , Bruno Caloi died , and the company was led by his son Guido until 1999 .",0
Jeppe Tengbjerg ( born 28 December 1973 ) is a former football manager and Danish football player .,"Jeppe Tengbjerg ( born December 28 , 1973 ) is a Danish football manager and former football player .",1
"Ranjit Singh appointed a governor to administer the newly expanded area which was conquered in 1819 , with the annexation of Kashmir by a Sikh force .","Ranjit Singh appointed a governor to manage the newly conquered territory , which was expanded by a Sikh force in 1819 with the annexation of Kashmir .",0
"The Universal Press Syndicate , a subsidiary of Andrews McMeel Universal , was an independent press syndicate .","Universal Press Syndicate , a subsidiary of Andrews McMeel Universal , was an independent press syndicate .",1
"After arriving in California , he abandoned her and moved to Portland , Oregon .","After arriving in Portland , Oregon , he abandoned them and moved to California .",0
The filmmakers share many common techniques including the use of poetic dialogue and allegorical storytelling dealing with political and philosophical issues with documentary style narrative films .,"The filmmakers share many common techniques , including the use of poetic dialogue and allegorical storytelling , which deals with political and philosophical questions with documentary style - narrative films .",1
"The museum consists of a new information room , a restoration hangar , the main Texas Flying Legends hangar and the Oswin H. Elker Hangar .","The museum consists of a main information room , a restoration hangar , the new hangar Texas Flying Legends and the Oswin H. Elker Hangar .",0
"Although it is a common species , it is not widespread European . It is notably found in Lithuania .","Although it is a common European species , it is not widespread ; it is mainly found in Lithuania .",0
"Although it was never played in the series , elements of the gameplay for the Powerball , Whiplash and Earthquake events have been used .","Although it was never used in the series , elements of the gameplay were played for the Powerball , Whiplash and Earthquake events .",0
"Big Creek is a tributary of the San Joaquin River in the Sierra National Forest , within the Sierra Nevada , central California .","Big Creek is a tributary of the San Joaquin River in the Sierra National Forest , within the Sierra Nevada , Central and California .",1
"Two bridges cross the river to Pental Island , to the west on Fish Point Road and to the east at Swan Hill at the Fish Point .","Two bridges cross the river to Pental Island , on Swan Hill in the west , and Fish Point Road in the Fish Point to the east .",0
"Scenic design was by Allen Moyer , lighting by David Van Tieghem , costumes by Michael Krass and the original music and sound design by David Lander .","Scenic design was done by Allen Moyer , lighting by David Van Tieghem , costumes by Michael Krass and the original music and sound design of David Lander .",1
"Ijagiri is a village in the Bhopal district of Madhya Pradesh , India . It is located in the Berasia tehsil .","Ijagiri is a village in the Bhopal district of Madhya Pradesh , India It is in Berasia tehsil .",1
"Note : The votes were cast on January 20 , but both Houses met in a joint session on January 21 to declare nominations , and compare the result .","Note : the votes were cast on 20 January , but both chambers met on 21 January in a joint meeting to declare nominations and to compare the result .",1
"The constituency was like its neighbour , Dunfermline East , one of the safest seats in Scotland for Labour .","Like its neighbour , Dunfermline East , the constituency was one of Labour 's safest seats in Scotland .",1
"Sonia tries to build bridges with Sonia , but an argument ends with Pauline Pauline beating .",Sonia tries to build bridges with Pauline but an argument ends with Sonia slapping Pauline .,0
Dielectric elastomers ( DEs ) are large material systems that produce smart strains .,Dielectric elastomers ( DEs ) are large material systems that produce smart deformations .,1
"It located in Tattapani ( Himachal Pradesh ) , at the altitude of 650mts , perfect temperature for the healing treatments .","It is located in Himachal Pradesh ( Tattapani ) , at an altitude of 650mts , the perfect temperature for the treatments .",1
"On 10 November 2015 , ATP editor Josh Meiseles confirmed the official list of 8 players on the ATP World Tour final website .","On November 10 , 2015 , ATP editor Josh Meiseles confirmed the final 8-player list on the official ATP World Tour website .",0
"The mesoscopic weighting function at wavelength formula _ 1 can be written as the weighted sum ,",The mesoscopic weighting function at the wavelength formula 1 can be written as the weighted sum ;,1
"Germar Rudolf , also known as Germar Scheerer , born 29 October 1964 , is a German chemist and a convicted Holocaust denier .","Germar Scheerer , also known as Germar Rudolf , born on 29 October 1964 , is a German chemist and convicted Holocaust denier .",1
It was accepted that the aboriginal name of the zone was simply `` Güímar '' as the whole menceyato .,"It was accepted that the Aborigine - name of the zone was simply `` Güímar '' , as the whole Menceyato .",1
"He and his family moved from Wyoming to Colorado to Oregon until he was about 5 years old , when they settled in Silver Spring , Maryland .","He and his family moved from Colorado to Wyoming to Oregon until he was about 5 years old when she settled in Silver Spring , Maryland .",0
"More recently , the band Extra Life has combined aspects of modern music with the early genre of math rock .","More recently , the band has combined Extra Life aspects of modern music with the early genre of math - rocks .",1
"In 1960 , Glenville also staged Barbara Bel Geddes and Henry Fonda at Broadway in `` Silent Night , lonely night '' by Robert Anderson .","In 1960 , Glenville directed also Robert Anderson on Broadway in `` Silent Night , lone night '' by Barbara Bel Geddes and Henry Fonda .",0
The system moved on October 16 at 0600 UTC to the west and passed north of Guam near Saipan .,The system moved westward and passed on 16 October at 0600 UTC north of Saipan near Guam .,0
The Valea Mică River is a tributary of the Valea Arsurii River in Romania .,The river Valea Mică is a tributary of the Valea Arsurii River in Romania .,1
"Born in 1794 in Alpheton in Suffolk , Thomas Clark joined William Debenham in a partnership to manage a draper 's store at 44 Wigmore Street in London .","William Debenham , born in 1794 in Alpheton , Suffolk , joined Thomas Clark in a partnership to run a draper 's store at Wigmore Street 44 in London .",0
"Mount Cobb is a mountain on Vancouver Island , British Columbia , Canada , located east of Gold River and southwest from Mount Filberg .","Mount Cobb is a mountain on Vancouver Island , British Columbia , Canada , located east of Gold River and southwest of Mount Filberg .",1
Arthur decides not to tell Dick of his purchase .,Arthur decides to not tell Dick of his purchase .,1
In Japan it was first given on and the name was discovered .,In Japan it was first given up and the name was discovered .,1
This change in name meant that the Nazi party would be `` placed '' under the NSRL .,This change of name meant that the NSRL would be placed under the Nazi party `` .,0
Midlake opened in Portland and Mudhoney opened for all the shows from Seattle to Dallas and Oklahoma City .,Midlake opened in Dallas and Oklahoma City and Mudhoney opened for all shows from Portland to Seattle .,0
"It aims to appeal to those who love wood and varnish , or the look and feel of well-built and well-drawn boats .","It aims to appeal to those who love wood and varnish , or the appearance and feel of well-built and well-drawn boats .",1
This was also the fifth series since the first including a railway consultant in the role as part of the production team with Sam Wilkinson .,"This also marked the first series since the fifth to include a railway consultant as part of the production team , with Sam Wilkinson in the role .",0
The individual Japanese DVD releases for the first series had also special limited editions .,The first DVD releases for individual Japanese series also had special limited editions .,0
"The single was released in three versions : a limited edition , a regular edition , and a Star Driver edition .","The single was released in three versions : a limited edition , a regular output , and a Star Driver edition .",1
"Edward Biddle was the brother of American financier Nicholas Biddle , nephew of Congressman Charles John Biddle and uncle of Congressman Richard Biddle .","Richard Biddle was the brother of the American financier Nicholas Biddle , nephew of Congressman Edward Biddle , and Congressman Charles Biddle 's uncle .",0
"Delaware County is a city in and the county seat of Delaware , Ohio , United States .","Delaware County is a city in and the county town of Delaware , Ohio , United States .",1
The verb system is very intricate with the following tenses : present ; subjunctive ; simple past ; past progressive ; present perfect ; and past perfect .,"The verb system is very complicated with the following times : past , present , past perfect , present progressive , simple perfect and subjunctive past .",0
"George Wilson was born on June 24 , 1766 in Newcastle , Robert Wilson , a shipbuilder and Mary Finlay .","Robert Wilson was born on 24 June 1766 to George Wilson , a shipbuilder , and Mary Finlay in Newcastle .",0
"His musical partner Scott Boyer said , `` No one could write a more beautiful ballad than Talton .",His musical partner Scott Boyer said : `` No one can write a more beautiful ballad than Talton .,1
The county seat for DeWitt Township was also located in Clinton County from the inception of the County .,The county seat for DeWitt Township was also in Clinton County from the founding of the county .,1
Chris Anderson took over from Wayne Bennett as coach of the team in March 1999 .,Chris Anderson took over the succession of Wayne Bennett as a team coach in March 1999 .,1
"The Chapel was also dedicated to the Saints John , the Baptist and Christina , Blessed James , all protectors of the House of Visconti .","The chapel was also consecrated to Saint John the Baptist and James , Blessed Christina , all the protectors of the House of Visconti .",0
"In 1938 , after Anfuso was appointed Minister of Foreign Affairs , Ciano became Ministry head of staff .","In 1938 , after Ciano was appointed Minister of Foreign Affairs , Anfuso became Head of Ministry of Staff .",0
"The casting includes Cecile Andrews as host and Wanda Urbanska , author of `` Circle of Simplicity '' .","The cast includes Wanda Urbanska as the host and Cecile Andrews , author of `` Circle of Simplicity '' .",0
"The flag of Western Province , was adopted for the Western Province of Sri Lanka in 1987 .",Sri Lanka 's flag was adopted in 1987 for the Western Province of Western Province .,0
"The construction of the new stadium was held for 4 years and was inaugurated on August 21 , 1974 .",Construction of the new stadium were held for 4 years and on 21 August 1974 was inaugurated .,1
"He also met William Withey Gull , who led the Cholera Committee with William Baly .","He also met William Baly , who led the Cholera Committee with William Withey Gull .",0
"Meanwhile , the official language ( for the same view ) in Portugal remained fully reintegrationist , and was carried by Portuguese explorers , soldiers , and colonists around the world .","Meanwhile , the same language ( for the reintegrationist view ) remained fully official in Portugal and was carried across the world by Portuguese explorers , soldiers and colonists .",0
Ashe was spoken in Japanese by Mie Sonozaki in English and by Kari Wahlgren .,Ashe was voiced by Kari Wahlgren in English and by Mie Sonozaki in Japanese .,0
It was composed by Sakamoto and written by Swedish singer-songwriter Frida Sundemo .,It was composed by Sakamoto and written by Swedish singer Frida Sundemo .,1
"After completing his university education at Cardiff University and in Harrogate , North Yorkshire , he worked in Rouen , France from 1996 to 1999 .","After completing his university education at Cardiff University and Rouen , France , he was based in Harrogate , North Yorkshire , from 1996 to 1999 .",0
"Rich was initially unimpressed , but Owens liked it , and they recorded it with the Buckaroos on February 12 , 1963 .","Initially , Owens was unimpressed , but Rich liked it , and they took it up on February 12 , 1963 with the Buckaroos .",0
"Lake Junaluska is named after nearby Mount Junaluska ( now North Eaglenest Mountain ) , which in turn was named after Chief Junaluska , a Cherokee leader .","Lake Junaluska is named after the nearby Mount Junaluska ( now North Eaglenest Mountain ) , which was in turn named after Chief Junaluska , a Cherokee guidebook .",0
"The war began in 1341 , but the English continued the Montforts even after the peace of Bretigny .","The war began in 1341 , but the English continued backing the Montforts even after the Peace of Brétigny .",0
"Beth writes to an author of several lesbian books she has read , Nina Spicer , in New York City , who writes her back .","Nina Spicer writes to an author of several lesbian books she has been reading , Beth in New York City , who writes her back .",0
"A brunch forum with presidential candidates sponsored by Chris Wallace , originally intended to be housed by the New Hampshire Republican Party , was planned to be broadcast on Fox News .","A brunch forum by Chris Wallace with presidential candidates , originally sponsored by the New Hampshire Republican Party , was planned to be broadcast at Fox News .",0
"She died in 1954 in Winnetka , memorial services were held at the Institute for Youth Research in Chicago .",She died in Chicago in 1954 ; memorial services were held at the Institute for Juvenile Research in Winnetka .,0
"Billingsgate Island , also sometimes known as Bellingsgate Island , was an island off Cape Cod in Massachusetts in the United States .","Billingsgate Island , also known as Bellingsgate Island , was an island off Cape Cod in Massachusetts in the United States .",1
"Drew Springer , Jr. , a businessman from Münster in Young County , has represented Cooke County in Texas House of Representatives since January 2013 .","Since January 2013 , Drew Springer , Jr. , a businessman from Münster in Cooke County , has represented Young County in the Texas House of Representatives .",0
"In white wines , a lower pH ( higher acidity ) causes the phenolic resins to darken in the wine and eventually polymerize as brown deposits .","In white wines , a higher pH ( lower acidity ) causes the phenolic resins to darken in the wine and eventually polymerize as brown deposits .",0
On 22 September 1904 he joined Bishop Charles and returned to Béni Abbès on 24 January 1905 .,On 22 September 1904 he joined Bishop Guerin and returned on 24 January 1905 to Béni Abbès .,0
Mitch Clarke opposed Iaquinta on 24 May 2014 at UFC 173 .,"Mitch Clarke faced Iaquinta at UFC 173 on May 24 , 2014 .",1
"He was also suspected of having linked to death a Russian dancer , Anya Sosoyeva , as well as attacking the young actress Delia Bogard , who survived .","He was also suspected of having bludgeoned to death a young dancer , Anya Sosoyeva , as well as having assaulted the Russian actress Delia Bogard , who survived .",0
"In 1938 Germany , under pressure from Japan , ended its support for China and Falkenhausen was forced to withdraw from China .","Germany ended its support for China in 1938 , under pressure from Japan , and Falkenhausen had to withdraw from China .",1
"For 1934 , the body was redesignated and redesigned again as 452D and 452E in 1935 .","For 1934 , the body was redesigned again and denoted as 452D , and as 452E in 1935 .",0
The adrenal arteries are arteries in the human abdomen that supply blood to the adrenal glands .,The adrenal arteries are the arteries in the human abdomen that supply blood to the adrenal arteries .,1
One of these was physically disabled and cognitively impaired .,One of these two was seriously cognitively impaired and physically disabled .,0
"There are no stops in West Bridgewater , but there are stops in Bridgewater and the Campello section of Brockton .","There are no stops in Bridgewater , but there are bus stops in West Bridgewater and the Campello section of Brockton .",0
It was released on his album `` From Elvis in Memphis '' and was recorded on 18 February 1969 at the American Sound Studio in Memphis .,"It was recorded on his album `` From Elvis in Memphis '' and was released in American Sound Studio in Memphis on February 18 , 1969 .",0
The brother of Carlow - Footballer Patrick Walsh is the Tommy .,Patrick Walsh is the brother of Carlow 's footballer Tommy .,0
Crowfoot is a federal electoral district in Battle River .,Battle River -- Crowfoot is a federal electoral district in Alberta .,0
"Robbie Robertson , who learned the technique of Buchanan , used the technique , as did Leslie West .","Buchanan , who learned the technique from Robbie Robertson , used the technique , as did Leslie West .",0
"In 1963 , the American Chiropractic Association was reorganized into the National Chiropractic Association ( ACA ) .","In 1963 , the National Chiropractic Association reorganized into the American Chiropractic Association ( ACA ) .",0
Wilfred France Senior died at Franceville in 1934 and Wilfred Jr. ( Billy ) in 1936 .,Wilfred France Senior died in 1934 in Franceville and in 1936 Wilfred Jr. ( Billy ) .,1
"This relatively large island is part of a small group formed by Kiatak , Herbert Island and Hakluyt Island .","This relatively large island is part of a small group comprising Kiatak , Herbert Island and Hakluyt Island .",1
"The Astors settled in North America , first appearing in Germany in the 18th century with John Jacob Astor , one of the richest people in history .","The astors settled in North America , appearing for the first time in the 18th century in Germany with John Jacob Astor , one of the richest people in history .",1
"As of September 2015 , Goodyear is again president of the `` Goodyear Capital Corporation '' and the `` Goodyear Investment Company '' .","As of September 2015 , Goodyear is again the president of `` Goodyear Capital Corporation '' and `` Goodyear Investment Company . ''",1
"It is located to the north of Blountstown and east of Altha on the west bank of the Apalachicola River ,",It is located north of Altha and east of Blountstown on the west bank of the river Apalachicola .,0
"Andreas Seppi defeated Potito Starace 7 -- 6 ( 4 ) , 2 -- 6 , 6 -- 4 in the final .","In the finals Andreas Andreas defeated Seppi Potito Starace 7 -- 6 ( 4 ) , 2 -- 6 , 6 -- 4 .",0
"The company also sold storage and safety accessories like hard soft luggage , vinyl sides and helmets .","The company also sold storage and safety accessories , like hard sided luggage , vinyl soft cases , and helmets .",0
"Nool Veli ( Fence of Yarn ) is a 1979 Tamil film playing with Saritha , Sujatha and Sarath Babu .","Nool Veli ( Fence of Yarn ) is a 1979 Tamil film starring Saritha , Sujatha and Sarath Babu .",1
"The verb system is very complicated with the following times : past , present , past perfect , present progressive , simple perfect and subjunctive past .",The verb system is very intricate with the following tenses : past ; present ; past perfect ; present progressive ; simple perfect ; and subjunctive past .,1
He appeared as Archie Mullen in the 1996 disaster film `` Daylight '' and as George Tyrell in the film `` Freedom Song '' ( 2000 ) .,He appeared as archie mullen in the disaster film `` Daylight '' 1996 and as George Tyrell in the film `` Freedom Song '' ( 2000 ) .,1
Yauli is one of nineteen districts in the Province of Huancavelica in Peru .,Yauli District is one of nineteen districts in the Peruvian province of Huancavelica .,0
The election of Lincoln in 1860 opened a new era of republican dominance in the agricultural north and the industrial Midwest .,The election of Lincoln in 1860 opened a new era of Republican dominance based in the agricultural North and industrial Midwest .,1
Liverpool Township is between 20 and 30 miles south of Lake Erie and approximately five miles west of Interstate 71 .,Liverpool Township is located between 20 and 30 miles south of Lake Erie and about five miles west of Interstate 71 .,1
"Construction of the new stadium was held for 4 years and on 21 August , 1974 were inaugurated .","The construction of the new stadium was held for 4 years and was inaugurated on August 21 , 1974 .",1
"This article incorporates information translated from the article ( `` Usuki-shi '' ) in the Japanese Wikipedia , retrieved before September 28 , 2011 .","This article contains information from the article ( `` Usuki-shi '' ) in the Japanese Wikipedia , translated before 28 September 2011 .",0
"His first wife was Alice Silverthorne of the USA , whom he met in Paris in May 1921 and married in Chicago in September of the same year .","His first wife was Alice Silverthorne of the U.S. , whom he met in Paris in May 1921 and married in Chicago in September of that year .",1
He died in Lyon on 23 July 1963 and was buried at the cemetery of la Chartreuse in Bordeaux .,He died in Bordeaux on 23 July 1963 and was buried at the Chartreuse cemetery in Lyon .,0
"Since 2002 , Scotland A has participated in the Amateur Four Nations competition and travelled to Serbia , the Netherlands and Italy .","Since 2002 , Scotland A has participated in the Amateur Four Nations competition and visited Italy , the Netherlands and Serbia .",1
"Pajumaa is a village in Lääneranna Parish , Pärnu County , in western Estonia .","Pajumaa is a village in Lääneranna , Estonia , in western Pärnu County .",0
In modern times it is mainly a recreational sport and sporting activity .,"In modern times , it is mainly a recreational sport and competitive activity .",1
"The text of the Kanuni , often contested and with many different interpretations which only evolved since 15th century , was significantly named after Dukagjini .","The Kanuni text , often controversial and with many different interpretations , which have evolved significantly since the 15th century , was named only after Dukagjini .",0
"`` Thomas Joseph Mboya was a very good friend and confidante of Eric '' , words of 3rd Kenyan President Mwai Kibaki during the funeral of Khazakhala .","`` Eric was a very good friend and confidante of Thomas Joseph Mboya '' , words of the 3rd Kenyan president , Mwai Kibaki , during Khasakhala 's funeral .",0
"He won three all-Ireland medals for Dublin in 1977 , 1976 , 1974 .","He won three all-Ireland medals for Dublin in 1977 , 1976 and 1974 .",1
"She was the nineteenth out of twenty-three of her father 's children , and the last of her mother 's children .",She was the nineteenth out of twenty-three children of her father and her mother 's last children .,1
The 1916 Middle Tennessee State University football team presented the Middle Tennessee Blue Raiders during the College - Football - Season 1916 . The Blue Raiders Team captain was Cass Miles .,The 1916 Middle Tennessee Blue Raiders football team represented the Middle Tennessee State University during the 1916 college football season . The Blue Raiders team captain was Cass Miles .,0
"Thomas Johansson won against Renzo Furlan in the finals with 6 -- 3 , 6 -- 4 .","Thomas Johansson won in the final 6 -- 3 , 6 -- 4 against Renzo Furlan .",1
The finals of the Continental Hockey League ( KHL ) Conference are the Eastern Conference and Western Conference Championship series of the KHL .,The KHL ( KHL ) Conference Finals are the Eastern Conference and Western Conference Championship series of the Kontinental Hockey League .,1
"In 1912 , Vickers had left Pratt to work for J. Samuel White in Cowes .",Pratt had left Vickers in 1912 to work for J. Samuel White at Cowes .,0
"Two of these hostels are located in Delhi , each in Pune and Pimpri , near Mumbai .","Two of these four hostels are located in Mumbai , each in Delhi and Pimpri , near Pune .",0
Deutsche Bahn opened a new underground tunnel to the new railway station Filderstadt on 29 September 2001 .,"On 29 September , 2001 , Deutsche Bahn opened a new underground tunnel to the new Filderstadt station .",1
"Camm decided that both engines would be used : the Tempest Mk 5 was equipped with the Napier Sabre , while Tempest Mk 2 had the Bristol Centaurus .","Camm decided that both engines would be used : Tempest Mk 5 had fitted with the Napier Sabre , while the Tempest Mk 2 was the Bristol Centaurus .",0
"William was deposed in 1776 by the revolutionary government of Perth Amboy and arrested in his home in New Jersey , Proprietary House , and imprisoned for a time .","Deposed in 1776 by the revolutionary government of Perth Amboy , William was arrested at his home in New Jersey , at the Proprietary House and imprisoned for a time .",1
Uwe Kröger performed Belle and Marc G. Dalio played the Beast and Leah Delos Santos played Gaston .,Leah Delos Santos played Belle and Uwe Kröger played the Beast and Marc G. Dalio played Gaston .,0
Tables of vibrational transitions of stable and transient molecules are also available .,Tables of stable and transient transitions of vibration molecules are also available .,0
"The vaults are Mesopotamian in design , and decorative elements appear in the Coptic and Byzantine carving .",The vaults are mesopotamian in design and decorative elements appear in the Coptic and Byzantine carvings .,1
"Isaac was `` an hundred years old '' , when his son whom he named Abraham was born , and he circumcised him when he was eight days old .","Abraham was '' hundred years old , when his son was born , whom he called Isaac , and he circumcised him when he was eight days old .",0
"When , in 1818 , Ortona was joined to Lanciano , Campli was assigned to the diocese of Teramo .","When Ortona was connected to Lanciano in 1818 , Campli was assigned to the Diocese of Teramo .",1
The Hlynur is by its nature harmless but defensive .,"The Hlynur is defensive by nature , but harmless. ``",0
She was the first feminist painter and the first female professional writer in Korea .,She was the first feminist artist and the first female professional writer in Korea .,1
"The five candidates elected were Bahrain , Brazil , Gabon , Gambia , and Slovenia .","The five elected candidates became Slovenia , Brazil , Gabon , Gambia and Bahrain .",1
His current research explores the impact of Islamic ideas and stories on Jewish sources .,His current research explores the influence of Jewish ideas and stories on Islamic sources .,0
The lyrics were later written by Taupin and John first composed the music .,The texts were written by Taupin first and John later composed the music .,0
"There are essentially four types of databases : curated databases , predictive databases , literature databases and inclusive databases","There are essentially four types of databases : curated databases , integrative databases , literary databases and predictive databases .",0
"According to the United States Census Bureau , Masontown has a total area of , of which is land and , or 2.10 % , is water .","According to the United States Census Bureau , Masontown is a total area of which is land and 2.10 % water .",1
"Born in Quebec City , Quebec , son of Garon Pratte and G. Rivard , cousin of Claude Pratte , son of Gaston Pratte and Jeannette Verge .","Born in Quebec City , Quebec , son of Garon Pratte and G. Rivard . Cousin of Claude Pratte who is son of Gaston Pratte and Jeannette Verge .",1
"McLoughlin applied the laws to British subjects , kept the peace with the natives and maintained friendly relations with American merchants and later colonists .","McLoughlin applied the law to British subjects , kept the peace with the natives and maintained friendly relations with American merchants and later colonists .",1
"With Kato defeated , Hirai escapes with Yukari .","Defeated with Hirai , Kato escapes with Yukari .",0
Davey refers to Collins in his `` Hells Gates '' book .,Collins refers in his book `` Hells Gates '' to Davey .,0
"Zhu Ci continued to serve under Zhu Xicai , and it was said that because they shared the same surname , Zhu Xicai very trusted him .","Zhu Xicai continued to serve under Zhu Xicai , and it was said that because they shared the same surname , Zhu Ci trusted him greatly .",0
"Wesley Enoch , the eldest son of Doug and Lyn Enoch from Brisbane , grew up in Stradbroke Island and is the brother of the Minister of Queensland , Leeanne Enoch .","The eldest son of Doug and Lyn Enoch from Stradbroke Island , Wesley Enoch grew up in Brisbane . He is the brother of Queensland government minister Leeanne Enoch .",0
"It was published by ( Spreng . ) K.Schum , and described in `` Flora Brasiliensis 6 ( 6 ) : 128 '' , in 1888 .",It was published by ( Spreng . ) K. Schum and described in 1888 in `` Flora Brasiliensis 6 ( 6 ) : 128 '' .,1
The Hebrew Union College -Jewish Institute of Religion also manages the Skirball Cultural Center in Los Angeles and the Skirball Museum in Jerusalem .,The Hebrew Union College-Jewish Institute of Religion also manages the Skirball Cultural Center in Jerusalem and Skirball Museum in Los Angeles .,0
"They came to Russia from Poland in the eighteenth century , and their language includes Russian , German and Polish words .","They came to Russia in the 18th century from Poland , and their language includes Russian , German , and Polish words .",1
"`` Holocaust '' , created in Lincoln Park in November 1984 , was dedicated by sculptor George Segal .","`` Holocaust '' , inaugurated in Lincoln Park in November 1984 , was created by the sculptor George Segal .",0
"The Australian state election of 1945 was held on Saturday , November 10 , 1945 , in the Victorian state of Victoria to elect 65 members of the state ’ s legislative assembly .","The Victorian state election in 1945 was held on November 10 , 1945 , in the Australian state of Victoria to elect 65 members of the state legislative assembly .",0
"The incumbent democrat , David Walters , won re-election to Republican Jim Inhofe , the former governor , for a second term .","Incumbent Republican Jim Inhofe won re-election to a second term over Democrat David Walters , the former Governor .",0
The 2016 North Carolina Central University football team represented North Carolina Central Eagles in the 2016 NCAA Division I FCS football season .,The 2016 North Carolina Central Eagles football team represents North Carolina Central University at the 2016 NCAA Division I FCS football season .,0
"Weslandia is a Newbery Medal winner of the children 's book , Kevin Hawkes , with illustrations by Paul Fleischman .","Weslandia is a newbery medal winner for children , Paul Fleischman , with illustrations by Kevin Hawkes .",0
The 1935 Chico State Wildcats football team represented Chico State College during the 1935 college football season .,The 1935 Chico State College Football team represents Chico State Wildcats during the College - Football - Season 1935 .,0
"For theories at the level of second-order arithmetic , the reverse mathematics program has much to say .",For theories at the level of reversal - arithmetic has much to say the second mathematics program .,0
He died in Ixelles ( Brussels ) on 15 August 1950 .,"He died in Brussels ( Ixelles ) on August 15 , 1950 .",1
"In 2015 , Richard Branson offered Stephen Hawking a seat free of charge on the Virgin Galactic spaceship .","In 2015 , Stephen Hawking offered Richard Branson a seat free of charge on the Virgin Galactic spaceship .",0
"There were others who did as I thought , but we could not speak .","There were others who did , I thought , but we could not speak .",1
"The Universal Press Syndicate , a subsidiary of Andrews McMeel Universal , was an independent press syndicate .","Andrews McMeel Universal , a subsidiary of Universal Press Syndicate , was an independent press syndicate .",0
It was found in Sindh from northern India to Kanara and Madhya Pradesh and from Kangra to Kumaon .,It is found in India from northern Kanara to Sindh and Madhya Pradesh and from to Kangra to Kumaon .,0
A pneumatic control valve actuator converts energy ( typically in the form of compressed air ) into mechanical motion .,A mechanical control valve drive converts energy ( typically in the form of compressed air ) into a pneumatic motion .,0
Swarthmore is represented at the General Assembly of Pennsylvania as the PA 161st Legislative District and the PA 26th Senate District .,Swarthmore is represented in the Pennsylvania General Assembly as the PA 161st Legislative District and the PA 26th Senate District .,1
The song was written by Melanie C and had already been admitted by Bryan Adams in 1999 .,The song was written by Bryan Adams and was already recorded in 1999 by Melanie C .,0
"The longer-lived heavy isotopes of bohrium , produced as the daughters of heavier elements , offer advantages for future radiochemical experiments .","The longer-lived heavy isotopes of Bohrium , produced as daughters of heavier elements , offer advantages for future radiochemical experiments .",1
"This time , however , they were found in Bolivia a long way from the earlier discoveries of P. unicornis in Peru .",However this time they were found in Bolivia a long way from the previous `` P. unicornis '' discoveries in Peru .,1
The Chapel and Hall were both also designed by William Gibbs and were fully funded by Butterfield .,The chapel and the room were both fully funded by William Gibbs and were also designed by Butterfield .,0
Discretization is also related to granular mathematics and is an important component of discrete data processing .,Discretization is also linked to discrete mathematics and is an important component of granular computing .,0
It is located in Guntur mandal of Mangalagiri revenue division .,It is located in Mangalagiri Mandal of the Guntur Revenue Division .,0
Her husband went to England and died in 1804 in Europe .,Her husband continued to England and died in Europe in 1804 .,1
Alicia has three sons with Alberto Cortina :,Together with Alicia Alberto Cortina has three sons .,0
"Guerin joined Bishop Charles on September 22 , 1904 and returned to Béni Abbès on 24 January , 1905 .",On 22 September 1904 he joined Bishop Charles and returned to Béni Abbès on 24 January 1905 .,1
"Digby County of Nova Scotia , is a Canadian island in Long Island .","Long Island is a Canadian island of Digby County , Nova Scotia .",0
It is developed by Beautiful Glitch and published by Those Awesome Guys .,It is developed by Beautiful Glitch and is published by those Awesome Guys .,1
"On 2 February 2009 , the Brazilian striker terminated his contract with Sochaux in agreement with the French team .","On 2 February , 2009 , the French striker has terminated his contract with Sochaux in agreement with the Brazilian team .",0
The minimum temperature is 33 ° Celsius and maximum temperature is 12 ° Celsius .,The maximum temperature is 33 ° Celsius and the minimum temperature is 12 ° Celsius .,0
The 1927 Colgate football team represented Colgate University at the College - Football - Season 1927 .,The 1927 Colgate University football team represented Colgate in the 1927 college football season .,0
"The team was a sister organization of the men 's USL Premier Development League team , which plays in the Los Angeles Legends .","The team was a sister organization of the USL Premier Development League team , which plays in the Los Angeles legends .",1
St. James ' ; Parish Church is a member of the Culworth Benefit with Sulgrave and Thorpe Mandeville and Chipping Warden with Edgcote and Moreton Pinkney .,Parish St. James is a member of the Benefice of Culworth with Chipping Warden and Thorpe Mandeville and Sulgrave with Edgcote and Moreton Pinkney .,0
"On 11th October 2012 , José Francisco Blake Mora inaugurated a boulevard in Tijuana , Baja California , called `` Felipe Calderón '' .","On 11 October 2012 , Felipe Calderón opened a boulevard in Tijuana , Baja California , called the José Francisco Blake Mora `` .",0
"Betty , the secretary at McMann and Tate , was played by various actresses , including Jill Foster ( ten appearances ) and Marcia Wallace .","The secretary at McMann and Tate was played by various actresses , including Marcia Wallace ( ten appearances ) and Jill Foster .",0
"During the American Revolution , the northern part of Hempstead was primarily Tory , while the southern part , settled by Yankees , supported the revolution .","During the American Revolution the southern part of Hempstead was primarily Tory , while the northern part , having been settled by Yankees , supported the revolution .",0
"Ulrika Liljegren , Sofia , married , surname `` Uttini '' , ( 1765 -- December 6 , 1795 ) , was a Swedish - Finnish soprano .","Sofia Ulrika Liljegren , married surname `` Uttini '' , ( 1765 -- December 6 , 1795 ) , was a Swedish-Finnish soprano .",1
"Margarita Isabel Morales y González ( born Margarita Isabel , July 25 , 1941 -- April 9 , 2017 ) was a Mexican Ariel Award - winner , actress , film and television actress .",Margarita Isabel ( born Margarita Isabel Morales y González ; 25 July 1941 -- 9 April 2017 ) was a Mexican Ariel Award-winning film and television actress .,1
"Gérard Depardieu was born to a wealthy Parisian family and married on February 19 , 1970 with Élisabeth Dominique Lucie Guignot .",Élisabeth Dominique Lucie Guignot was born to a well-off Parisian family and married Gérard Depardieu on 19 February 1970 .,0
"Needs are also developed according to the existential categories of being , having , doing and interacting , and from these dimensions a 36 - cells - matrix is defined .","Needs are also defined according to the existential categories of being , having , doing and interacting , and from these dimensions , a 36 cell matrix is developed",0
"Sara Varga Madeleine Jonsson ( born 14 April 1982 ) , known professionally as Sara Varga , is a Swedish vispop singer , songwriter , author , and DJ .","Sara Varga Sara Varga Madeleine Jonsson ( born April 14 , 1982 ) , professionally known as Sara Varga , is a Swedish Vispop singer , songwriter , author and DJ .",1
He also gained popularity by replacing Adam Rodriguez with `` and Archie Kao on '' .,"He gained popularity also by replacing Adam Rodriguez on `` , and Archie Kao on `` .",1
"Puran Singh was born in Delhi , India to Mr. Ravi Singh and Smt .","Puran Singh was born in Delhi , India , to Mr. Ravi Singh and to Smt .",1
"For the recording of this album , a new drummer , Heyden Wilson , joined the band , as did a second guitarist Dave Traves .","A new drummer , Heyden Wilson , joined the band for recording this album , as did a second guitarist , Dave Traves .",1
The Athelas Sinfonietta Copenhagen is a Copenhagen-based Danish chamber ensemble specializing in the performance of modern compositions .,"Athelas Sinfonietta Copenhagen is a Copenhagen-based , modern chamber ensemble specializing in the performance of Danish compositions .",0
"Most pink horses , however , have white skin and some have blue eyes .","However , most white horses have pink skin and some have blue eyes .",0
"Within California , it is a Rare and Endangered species listed on the California Native Plant Society Inventory of Vulnerable Plants .","Within California , it is a rare and endangered species listed on the inventory of the vulnerable plants of the California Native Plant Society .",1
Marlborough is located north of Harare and lies between the streets leading from Chinhoyi and Bindura to the Harare City Centre .,Marlborough is located north of the Harare City Centre and lies between the streets leading from Harare to Chinhoyi and Bindura .,0
The Holger Danske and Burman painted on the ceiling of Floda Church in Sweden are attributed Albertus Pictor around 1480 .,"The Holger Danske and Burman , painted on the ceiling of the Floda church in Sweden , are attributed to Albertus Pictor around 1480 .",1
"After his death , the Marxist element of communism would be strengthened in some atheistic movements .",The atheistic element of communism would be strengthened after his death in some Marxist movements .,0
"There are seven picnic areas and several have covered pavilions , the largest of which can be reserved for up to 100 people .","There are seven picnic places and some have reserved pavilions , the largest of which can accommodate up to 100 people and can be covered .",0
"This dish has become one of the most symbolic dishes of Indian cuisine , next to the Indian curry .","This dish has become one of the most symbolic dishes of indian cuisine , next to Indian curry .",1
`` Clitarchus hookeri '' is found from Wellington to the region of Northland in the south of the North Island of New Zealand .,`` Clitarchus hookeri '' is found from Wellington to the Northland region in the south of the North Island of New Zealand .,1
"The feature was ultimately considered `` unfinished '' , as it never received a user interface .",The feature was eventually considered `` unfinished '' as it never received a user interface .,1
"D. To foster and develop the intellectual and moral life of Catholic students through religious education , social activity and cultural participation .","D. The intellectual and moral life of Catholic students through religious education , social activities and cultural participation to promote and develop .",1
He received official Mongolian recognition as the ruler of Burma in March 1298 .,"In March 1298 , he received official Mongolian recognition as the ruler of Burma .",1
"Where `` S '' represents the phylogenetic states , `` D '' corresponds to the observed data , and formula 7 represents both the evolutionary model and the ancestral tree .","Whereas '' S '' represents the ancestral states , '' D `` corresponds to the observed data and Formula 7 represents both the evolutionary model and the phylogenetic tree .",0
"Afterwards , Terrell Kim attacked backstage during an interview .","Afterwards , Terrell attacked Kim backstage during an interview .",0
"A total of 16 teams qualified , but only 13 teams participated in the final round of the Olympic tournament .","In total , 16 teams participated , but only 13 teams qualified for the finals of the Olympic tournament .",0
"He also won numerous children ’ s books and illustrated five times the Levstik Award for his illustrations , 1958 , 1962 , 1967 , 1974 and 1975 .","He also illustrated numerous children 's books and won the Levstik Award for his illustrations five times , in 1958 , 1962 , 1967 , 1974 and 1975 .",0
"Individuals and families from around Lexington , Normal , Hudson , Bloomington and elsewhere come out for it .","Individuals and families from Bloomington , Normal , Hudson , Lexington , and elsewhere come out for it .",1
"On her wedding day , Sean Sean is killed before the ceremony takes place , and Centaine goes to Michael for help .","Sean is killed on their wedding day , before the ceremony takes place , and Centaine goes to Michael for help .",1
"Following the death of her grandfather and her grandmother 's struggle with alcoholism , Tyrone Proctor Mary married and moved to Tallahassee , Florida , together .","After the death of her grandfather and her grandmother 's struggle with alcoholism , Tyrone Proctor met and married Mary , Together they moved to Tallahassee , Florida .",0
Route 309 is a Connecticut state highway in the northwestern Hartford suburbs running from Canton to Simsbury .,Route 309 runs a Canton State Highway in the northwestern Connecticut suburbs from Hartford to Simsbury .,0
The department is divided into a regional forensic science center in Edmond and four central laboratories :,The Division is divided into a regional Forensic Science Center in Edmond and four central laboratories :,1
"Recruits : 4 , plus 2 , but not nominated .","Recruits : 4 , plus 2 enlisted but not nominated .",1
The FedEx Express season 2002 was the first season of the franchise at the Philippine Basketball Association ( PBA ) .,The PBA season of 2002 was the first season of the franchise in the Philippine Basketball Association ( FedEx Express ) .,0
It is a part of Panama City -- Lynn Haven -- Panama City Beach,It is part of the Panama City Beach -- Lynn Haven - Panama City,1
"This species is caught regularly along the coasts of Crete , Greece , Sicily , Italy , France , Turkey and Spain .","This species is regularly caught along the coasts of Crete , Greece , Sicily , Italy , France , Turkey , and Spain .",1
"The festival was founded in 2007 and debuted in Phoenix , Arizona and has been held in San Diego , Houston and Zurich since then .","The festival debuted in 2007 and began in Phoenix , Arizona and has been in San Diego , Houston and Zurich since then .",0
"The first oil source in Indian territory was drilled in 1885 in Atoka County , Choctaw Nation , Oklahoma , though it was not completed until 1888 .","The first oil source in Oklahoma was drilled in 1885 in Atoka County , Choctaw Nation , Indian territory , although it was not completed until 1888 .",0
"From 1993 to 2001 , Huntsman worked as senior executive for Huntsman Corporation , Chairman of the Huntsman Cancer Foundation and CEO of the Huntsman Family Holdings Company .","From 1993 to 2001 , Huntsman served as Chief Executive Officer of Huntsman Corporation , Chairman of the Huntsman Family Holdings Company and CEO of the Huntsman Cancer Foundation .",0
In 1991 he left Germany to work in the area of palliative care for cancer patients in Italy as well as in various Third World countries .,He left Italy in 1991 to work in the field of palliative care for cancer patients in Germany as well as in various countries in the Third World .,0
"According to the new doctrine , French principles should be observed , especially to protect the principle of `` freedom of action '' .","According to new doctrine , French principles should be observed , primarily to protect the principle of `` Freedom of Action '' .",1
"It located in Himachal Pradesh ( Tattapani ) , at the altitude of 650mts , perfect temperature for the healing treatments .","It is located in Himachal Pradesh ( Tattapani ) , at an altitude of 650mts , the perfect temperature for the treatments .",1
"The state is divided into four administrative districts , with offices in Jackson , Crossville and Morristown ( including the location of the headquarters ) , Nashville .","The state is divided into four administrative regions , with offices in Jackson , Crossville and Morristown ( also the location of the headquarters ) , Nashville .",1
"Napoleon visited the individual exhibits on Mondays , as Louis Philippe had done .","On Monday , as Louis Philippe had done , Napoleon visited the individual exhibits .",1
"In 1920 he represented Italy at the Oceanographic Congress in Madrid , and in 1924 he represented the geographical society at the International Geographical Congress in Cairo .","In 1920 , he represented Italy at the Oceanographic Congress in Cairo , and in 1924 represented the geographical society at the International Geographical Congress in Madrid .",0
The railway station of Ash Town was a train station on the East Kent Light Railway and served the village Ash .,Ash Town railway station served a railway station on the East Kent Light Railway . The station was the village of Ash .,0
"McKeithen , however , had supported Humphrey at the 1968 Democratic National Convention in Chicago .","However , McKeithen Humphrey had supported Humphrey at the Democratic National Convention in Chicago in 1968 .",1
LaRoche was recalled on 1 September after being degraded to Triple-A Las Vegas .,"After being recalled to Triple-A Las Vegas , LaRoche was demoted on September 1 .",0
"It comes in standard black worldwide , although a white version has only been released in Japan .",It comes in standard black only even though a white version was released worldwide in Japan .,0
"Michael Chang won in the final 3 -- 6 , 6 -- 3 , 7 -- 5 against Renzo Furlan .","Renzo Furlan won 3 : 6 , 6 : 3 , 7 : 5 against Michael Chang in the final .",0
The boat has a PHRF racing average handicap of 183 with a high of 198 and low of 180 .,The boat has an average handicap of 183 with a high of 198 and a low of 180 .,1
"As a child , Daily lost his right hand in a weapons accident , and Abbott was born without a left hand .","Daily lost his right hand in a gun accident as a child , and Abbott was born without a left hand .",1
"The outer narrator meets his old friend Rodgers with Sterling , Colorado , and asks about the murdered agent at the Grover station .","The outer narrator meets his old friend Grover with Sterling , Colorado , and asks about the murdered agent at Rodgers Station .",0
The OCMA supports the Western Marmarica Coastal Survey ( WMCS ) to investigate the engagement of the Roman and Byzantine countryside with coastal trade in eastern Libya .,The OCMA supports the Western Marmarica Coastal Survey ( WMCS ) to investigate the engagement of the eastern landscape with the coastal trade in Roman and Byzantine Libya .,0
The 85th Wing was replaced by the newly activated 35th Wing .,The 85th wing was replaced with the newly activated 35th wing .,1
The basketball team of Idaho State Bengal - Men 2014 -- 15 represented Idaho State University during the 2014 Basketball season -- 15 NCAA Division I men .,The basketball team at Idaho State University 2014 -- 15 men represented Idaho State Bengal during the 2014 Basketball season -- 15 NCAA Division I men .,0
Wu Sangui ( died 1644 ) was a general of the Ming dynasty and father of Wu Xiang .,Wu Xiang ( ; died 1644 ) was a general of the Ming Dynasty and the father of Wu Sangui .,0
Conneaut Creek is situated along Conneaut at the mouth of Lake Erie .,Conneaut Creek is situated at the mouth of the Erie lake along Conneaut .,1
Ringwood is located in the 39th Congressional District and is part of New Jersey 's 5th state legislative district .,Ringwood is located on the 39th Congressional District and is part of the 5th State Legislative District in New Jersey .,1
"Daniela Castro Arellano ( born August 17 , 1966 in Mexico City , Mexico , born Daniela Castro ) is a Mexican - Irish actress and vocalist .","Daniela Castro ( born Daniela Castro Arellano on August 17 , 1966 in Mexico , City , Mexico ) is a Mexican Irish actress and singer .",0
"Much of the film was shot in Gladstone , New Jersey ; New Brunswick ; and the Palisades Park home of the producer .","Much of the film was shot in New Brunswick , Gladstone , New Jersey , and the Palisades Park , the home of the producer .",1
She is painted red with yellow lining and has painted the number 22 in red on her pages .,She is painted yellow with red lining and she has the number 22 painted on her sides in red .,0
Mount Darwin ( alternatively : Darwin ) is one of seven districts in the province of Mashonaland Central in Zimbabwe .,Mount Darwin ( alternate : Darwin ) is one of seven districts in the Mashonaland Central province of Zimbabwe .,0
"WORHP , also referred to as eNLP ( European NLP Solver ) , is a mathematical software library for numerically solving continuous , nonlinear optimization problems on a large scale .","WORHP , also referred to by ESA as eNLP ( European NLP Solver ) , is a non-linear software library for numerically solving continuous mathematical optimization problems .",0
"He was married to Dorothy Britton , who had translated a number of Japanese books into English .","Dorothy Britton was married to Bouchier , who translated a number of Japanese books into English .",0
"The church now contains an organ formerly in the Central Methodist Church , Saltergate , Chesterfield .","The church formerly contains an organ in the Central Methodist Church , Saltergate , Chesterfield .",0
"This bridge today was replaced in 1931 by the original Barron Collier Bridge , and then by the small Barron Collier Bridge and the Gilchrist Bridge over the Peace River .","This small bridge was replaced in 1931 by the original Barron Collier Bridge , and then by the current Barron Collier Bridge and the Gilchrist Bridge that crossed the Peace River .",0
In 1989 London joined the Peace Corps in Africa and co-managed a regional business development program in Malawi .,"In 1989 , London joined the Peace Corps in Malawi and organized a regional program for business development in Africa .",0
Danielle Santos Bernals Body was found on 4 November 2001 by her sister Lolly and Marian Anderson .,The body of Marian Anderson was found by her sister Lolly and Danielle Santos Bernal on 4 November 2001 .,0
He also appeared in 53 games for the Piedmont League ( Greensboro Patriots ) with a 26 - 19 record over the course of the seasons 1928 and 1929 .,He also appeared in 53 games for the Greensboro Patriots ( Piedmont League ) with a 26 -- 19 record over the course of the 1928 and 1929 seasons .,1
Sakidaira Station is an unattended station with a small wooden lateral platform and a single station building .,Sakidaira Station is an unattended station with a single side platform and a small wooden station building .,0
"White allowed 3 ... Qh4 + 4.Kf1 , loses the right to the castle , but this loses time for black after the inevitable Nf3 and white will develop rapidly .","White loses 3 ... Qh4 + 4.Kf1 , losing the right to castle , but this allows time for Black after the inevitable Nf3 and White will develop rapidly .",0
"In `` Suicide Squad '' ( 2016 ) , Harley Quinn twice wore the batsuit in the film , where he captured deadshot and bruce .","In `` Suicide Squad '' ( 2016 ) , Bruce wore the Batsuit again twice in the film where he captured Deadshot and Harley Quinn .",0
The river Valea Negrenilor or Negreni River is a tributary of the river Amaradia .,The Valea Negrenilor River or Negreni River is a tributary of the Amaradia River .,1
"It was originally called Arthur Township Hoff Township , for settler Abel Hoff , and under the latter name was organized in 1881 .","Arthur Township was originally called Hoff Township , for settler Abel Hoff , and under the latter name was organized in 1881 .",0
"Black Drawing Chalks , founded in 2005 , is a Brazilian rock band from Goiânia , Goiás , Brazil , founded by a group of graphic design students .","Black Drawing Chalks is a graphic rock band from Goiânia , Goiás , Brazil , formed in 2005 , by a group of Brazilian design students .",0
"The Crump family had a home in Bristol , while Phil started walking in the British League , which he made with the Crewe - kings in 1971 .","The Crump family had a home in Bristol , while Phil in the British League , which he began with the Crewe Kings in 1971 , was running .",0
"You speak the Macedonian language and , secondly , Albanian in the west and Macedonian in the east .",Turkish Turks speak the Macedonian language and secondly Albanian in the west and Macedonian in the east .,1
"Brown married Susie J. Clarke in Ayer , Massachusetts , on December 30 , 1888 .","Susie J. Clarke married Brown on 30 December 1888 in Ayer , Massachusetts , USA .",1
"Romney refused in September 1970 , and Mitchell Plan collapsed .","In September 1970 , Mitchell refused and Romney 's plan collapsed .",0
"The field also included 1928 Olympian ( and 1932 Olympic champion ) Paul Jessup of Cornell , and future world record holder John Anderson of Washington .",The field also included Olympian ( and in 1932 Olympic champion ) Paul Jessup of Cornell and future world record label John Anderson of Washington in 1928 .,1
"After leaving the Berlin opera , Ellmenreich performed as a guest artist . She also had a career as a concert singer . She died in Stuttgart .","After leaving the Stuttgart Opera House , Ellmenreich performed as a guest artist , also had a career as a concert singer and died in Berlin .",0
In its inside also were found many frescoes studied in 1907 by Josep Puig i Cadafalch .,"In its interior , many frescoes were found , studied in 1907 by Josep Puig i Cadafalch .",1
"In August 2017 , Glassman announced as a Republican Party member an exploratory campaign for the 2018 Arizona Corporation Commission race .","In August 2017 , Glassman announced an exploratory campaign for the race of the Republican Party in 2018 as a member of the Arizona Corporation Commission .",0
Musikresonanzis often strives to unite music and other art forms -- the ensemble also cooperates with visual artists and theatre professionals .,Resonabilis often strives to unite music and other forms of art -- the ensemble also cooperates with visual artists and theatre professionals .,1
"She was also featured in an article with her son , Robert Kennedy , for Maxwell Minard 's motivational magazine `` Off the Couch '' .","She was also in an article with her son , Robert Kennedy , for Maxwell Minard ’ s motivational magazine `` Off the Couch '' .",1
Cincinnati Downtown is located west of Day Heights .,Downtown Cincinnati is west of Day Heights .,1
"The total production of 483,593 units was narrowly beaten by the predecessor , the 9000 , of which 503,000 were built .","The total production 483,593 units , were narrowly beaten by its predecessor , the 9000 , of which 503,000 was built .",1
"The incumbent mayor , Joseph A. McArdle , won a divided Republican primary against Councilman John Herron and the Register of Wills Joseph Mackrell .",Incumbent mayor John Herron won a divided Republican Primary against Councilman Joseph A. McArdle and Register of Wills Joseph Mackrell .,0
And the following ongoing series and this revision has been retained in all resulting DC publications .,"And the resulting ongoing series , and this revision has been maintained in all following DC publications .",0
Drummer Wayne Bennett left the band in June 2007 and was replaced by Ben Timony .,"In June 2007 , drummer Wayne Bennett left the band and was replaced by Ben Timony .",1
"After the 2015 season , Seoul FC Martyrs left the league , but three new teams added Buyeo FC , Siheung Citizen and Yangpyeong FC .","After 2015 season Seoul FC Martyrs joined the league , but three new teams Buyeo FC , Siheung Citizen , and Yangpyeong FC left it .",0
"Auguri professore ( `` Riccardo Milani '' ) is an Italian comedy drama film , directed by Good Luck Professor in 1997 .",Auguri professore ( `` Good Luck Professor '' ) is a 1997 Italian comedy drama film directed by Riccardo Milani .,0
"On March 22 , 1839 , Sarah born an illegitimate daughter , Louisa Catherine .","Louisa Catherine had an illegitimate daughter , Sarah , March 22 , 1839 .",0
"There are large squatter communities in Kenya , such as Kibera in Nairobi .","In Kenya , there are large occupying communities , such as Kibera in Nairobi .",1
Girish Puthenchery wrote the lyrics for the songs composed by Johnson .,Girish Puthenchery wrote the text for the songs composed by Johnson .,1
The school was established in Australia and then pioneered in 1903 in Ireland .,The school was founded in Ireland and was pioneered in Australia in 1903 .,0
"The Greeks and Romans identified the region in the 3rd century BC as Gangaridai , a historical kingdom of the mighty subcontinent .","In the 3rd century BC , the Greeks and Romans described the region as Gangaridai , a powerful kingdom of the historical subcontinent .",0
"The Vela family , prominent in the racing industry , had donated Peters to $ 150,000 over a four-year period .","The Peters family , prominent in the racing industry , had donated $ 150,000 to Vela over a four-year period .",0
"In May 1921 , the 7th Battalion was reformed in regional Victoria around a headquarters in Merbein , with depots at Red Cliffs , Wentworth and Mildura .","In May 1921 , the 7th Battalion was reformed in the Victoria region around a headquarters in Merbein with depots at Red Cliffs , Wentworth and Mildura .",1
"Monmouth Junction was created as the crossroads of three branches of the railway , the New York division of Pennsylvania Railroad , the Rocky Hill and the Jamesburg and Freehold .","New York was created as the junction of three rail branches , the Jamesburg division of the Pennsylvania Railroad , the Rocky Hill and the Monmouth Junction and Freehold .",0
"During the period of Japanese rule , Namaxia was grouped with Maolin District and Taoyuan District and classified as , which was governed under Kizan District of Takao Prefecture .","During the time of Japanese rule , Namaxia was grouped and classified with Maolin District and Taoyuan District , which was governed under the Kizan District of the Takao Prefecture .",1
"This most commonly affects small joints ( knees , ankles , elbows and wrists ) , but also the large joints of the hands and feet .","This most commonly affects the large joints ( knees , ankles , elbows , and wrists ) but may also involve the small joints of the hands and feet .",0
"The town is part of the Fourth Bristol state representative district , including Seekonk and parts of Swansea and Norton .","The city is part of the Fourth Swansea State Representative District , including Seekonk and parts of Bristol and Norton .",0
"In August 1927 , shortly after her engagement to the Berlin jurist and later Hamburg senator Gerhard Kramer ( 1904 -- 1973 ) , Pool moved to Berlin .","In August 1927 , shortly after her commitment to the Hamburg lawyer and later Berlin senator Gerhard Kramer ( 1904 -- 1973 ) , Pool moved to Berlin .",0
The River Milotina is a tributary of the Vânăta River in Romania .,The Milotina River is a tributary of the Vânăta River in Romania .,1
"Germar Rudolf , also known as Germar Scheerer , was born on 29 October 1964 , is a German chemist and convicted Holocaust denier .","Germar Scheerer , also known as Germar Rudolf , born 29 October 1964 , is a German chemist and a convicted Holocaust denier .",1
"Born in 1799 in Kingston , Toronto , he grew up in York .",He was born in York ( Toronto ) in 1799 and grew up in Kingston .,0
"On October 11 , 2007 , Naito defeated Daiki cameda by unanimous decision for the first defense of his WBC and lineal title .","On October 11 , 2007 , Daiki cameda defeated Naito by unanimous decision for the first defense of his WBC and linear titles .",0
The Cartal River is a tributary of the River Casimcea in Romania .,The river Casimcea is a tributary of the River Cartal in Romania .,0
"`` Sound In The Signals '' congratulated the new style on the album , but criticized Dubuc 's vocal ability .","`` Sound In The Signals '' complimented the new style found on the album , but criticized Dubuc 's vocal ability .",1
Careful examination of the actual pieces will show that many G-marked rifles had found features on K-marked rifles and vice versa .,Careful study of actual pieces will show that many G-found rifles had features marked on K-marked rifles and vice versa .,0
Stile antico became after his move to Wawel the musical language of the main statement of Pękiels .,"Importantly , Stile antico became the musical language of the main statement of Pękiel after his move to Wawel .",1
"Juan Carlos Ferrero won against Guillermo Cañas in the last 7-6 , 6-2 .","Guillermo Cañas won against Juan Carlos Ferrero in the final with 7 : 6 , 6 : 2 .",0
"`` Mission Santa Ynez '' , built in 2010 , was the last survivor of the over 500 T2 tankers scrapped during World War II .","`` Mission Santa Ynez '' , built in 2010 , was the last survivor of over 500 T2 tankers scrapped during the Second World War .",1
MacMahon - Formula is the multiplicative formula for the general values of Formula 30 :,The formula of MacMahon is the general formula for multiplicative values of Formula 30 :,0
The Timiş River is a tributary of the Calova River in Romania .,The river Calova is a tributary of the River Timiş in Romania .,0
John Patrick Lowrie plays Holmes to the Watson of first Lawrence Albert and later John Gilbert .,John Patrick Lowrie plays Holmes to the Watson first Lawrence Albert and later John Gilbert .,1
"In the American series , Benjamin was Michael Evans 's double .","In the American series , Benjamin Michael Evans Double was .",0
The 1956 National Football League season was the 11th year of the team with the Los Angeles Rams and the 19th season in Los Angeles .,The 1956 National Football League season was the team 's 11th year with the Los Angeles Rams and the 19th season in Los Angeles .,1
The church also houses the `` university sermons and hosts the university organ and the clock of the university .,The church also hosts the `` University Sermons '' and houses the University Organ and the University Clock .,0
"The company was registered as Spacetec , which was re-established on December 11 , 1984 .","The company was re-established as Spacetec , which was registered on 11 December 1984 .",0
Bharathiraja was first introduced by Karthik in the film `` Alaigal Oivathillai '' .,First Bharathiraja was presented in the film `` Alaigal Oivathillai '' by Karthik .,1
"Ashton was born on November 30 , 1957 in the Whips Cross Hospital at Forest Gate in London , and lived in North Kilworth , South - Leicestershire .","Ashton was born on November 30 , 1957 in the Whips Cross Hospital in Forest Gate , Leicestershire , and lived in North Kilworth , South London .",0
There were two solutions : reduce the tension in the wire or increase its mass per unit length .,There were two solutions : reduce voltage in the wire or increase the mass per length unit .,1
"Boats of 70 tons were now 87 ½ foot long , 10 ½ feet wide and drew 4 ½ feet water .","Boats that drew 70 tons were now 87 ½ feet wide , 10 ½ feet long and attracted 4 ½ feet water .",0
"The museum consists of a main information room , a restoration hangar , the new Texas Flying Legend Hangar and the Oswin H. Elker Hangar .","The museum consists of a new information room , a restoration hangar , the main Texas Flying Legends hangar and the Oswin H. Elker Hangar .",0
"On March 16 , 1494 , Maximilian Bianca Maria Sforza was married .","Bianca Maria Sforza was married to Maximilian on March 16 , 1494 .",1
Marlborough is to the north of Harare City Centre and lies between the roads leading to Chinhoyi and Bindura from Harare .,Marlborough is located north of Harare and lies between the streets leading from Chinhoyi and Bindura to the Harare City Centre .,0
"Howes married three times in his life : to Mary Donovan Howard in 1923 , Catherine Tabor in 1932 , and Lillian Pechin in 1937 .","Howes married three times in his life : in 1923 with Mary Donovan Howard , in 1932 with Catherine Tabor and in 1937 with Lillian Pechin .",1
"Terzakis has written numerous symphonic works , chamber music pieces , vocal art songs , and choral pieces such as `` Kassandra '' after Aischylos for the ensemble amarcord .","After Aischylos , Terzakis has written numerous symphonic works , chamber music pieces , vocal art songs and choral works such as '' Cassandra `` for the ensemble amarcord .",1
The best-known version of the song was recorded by Dick Rowe and produced in 1953 by The Stargazers in England .,Probably the best-known version of the song was produced by Dick Rowe and recorded in the UK by The Stargazers in 1953 .,0
He was signed by BMG in 1994 after Falcão showed them a Compact Cassette of Raimundo Fagner 's songs .,He was signed by BMG in 1994 after Falcão showed them a compact cassette by Raimundo Fagner 's songs .,1
"In 1983 he married Mateusz Janicki , daughter of Jerzy Niewodniczański . They have two children : Katarzyna Niewodniczanska and Marianna .","In 1983 he married Mateusz Janicki , daughter of Jerzy NiewodniczaÅ Ski with two children : Katarzyna Niewodniczanska and Marianna .",1
"The film The Hunters is a French crime - horror - thriller - film from 2011 by Antoine Huet , produced by Chris Briant .","The Hunters is a 2011 French crime horror thriller film directed by Chris Briant . The film was produced by Antoine Huet ,",0
"Motivated by his passion for local football , Arid Garcia decided to support professional football in the State of Lara .","Motivated by his passion for professional football , Arid Garcia decided to support the local football in the state of Lara .",0
"In July 2011 , responsibility for the Werris Creek to North Star line was transferred from the ARTC to the Country Rail Infrastructure Authority .","In July 2011 , the competence for the Werris Creek to North Star route was transferred from the Country Rail Infrastructure Authority to ARTC .",0
"Danielle , Nadine and Mark have visible their pictures in the school case .","Danielle , Nadine , and Mark have their pictures visible in the school display case .",1
"The Indus cities are known for their complex planning , baked brick houses , urban drainage systems , water supply systems and clusters of large non-residential buildings .","The Indus cities are renowned for their urban planning , baked brick houses , elaborate drainage systems , water supply systems and collections of large non-residential buildings .",0
"After the death of Liberal Democrat Councilor Des Shadrick , Pam Johns won a by-election in Holsworthy with a majority of 66 votes .",Independent Pam Johns won a by-election in Holsworthy with a majority of 66 votes after the death of Liberal Democrat councillor Des Shadrick .,1
"From 1976 to 1979 , he also worked as a regional CBS - NFL and CBS - NBA announcer at CBS Sports , after which he moved to NBC .","He was also employed by NBC as a regional CBS NFL and CBS NBA announcer from 1976 to 1979 , after which he moved to CBS Sports .",0
"On 28 February 2018 , Interoute announced the acquisition of GTT Communications for $ 2.3 billion .","On February 28 , 2018 GTT Communications announced the acquisition of Interoute for $ 2.3 Billion",0
"In November , the Royals acquired CF Coco Crisp from the Boston Red Sox in exchange for RP Ramón Ramírez .","In November , the Royals CF Ramón Ramírez acquired the Boston Red Sox in exchange for RP Coco Crisp .",0
"In 1962 , further restoration was carried out for John Bradburne , who had appointed the poet and mystic William Cardinal Godfrey as caretaker .","Further restoration was carried out in 1962 for John Bradburne , who had earlier appointed the poet and mystic William Cardinal Godfrey to be caretaker .",1
"In 1995 , Brown 's close friend Kris Jenner named her daughter Kendall Nicole Jenner in memory of Brown .","In 1995 , the close friend of Kendall Nicole Jenner , Kris Jenner , named her daughter Brown in memory of Brown .",0
"The elevation of the island is , and it has a shoreline of length .","The elevation of the island has , and it is a coastline of length .",0
"`` Fried Onions '' was shown in a television advertisement for Options indulgence chocolate drink , first used on UK TV in December 2011 .","`` Fried Onions '' was shown in a television advertisement for options - enjoyment - chocolate drink , which was first used in December 2011 on UK TV .",1
"In the 1970s , W & R Jacob in Tallaght , Ireland merged with Boland 's Biscuits to form Irish Biscuits Ltd. and moved to Dublin .","In the 1970s , W & amp ; R Jacob merged with Boland 's Biscuits to Irish Biscuits Ltd in Dublin and moved to Tallaght , Ireland .",0
"Beth confronts herself and frees her , only to discover that she herself was picked up as a baby from this facility by her adoptive parents .","Beth frees herself and confronts her , only to find out that she herself was picked up by her adoptive parents as a baby from this institution .",0
"Doriano Romboni ( December 8 , 1968 in Lerici , Italy -- 30 November 2013 in Latina , Italy ) was an Italian Grand Prix - Motorcycle - Street Race .","Doriano Romboni ( 8 December 1968 in Lerici , Italy -- 30 November 2013 in Latina , Italy ) was an Italian Grand Prix motorcycle road racer .",1
"In 1922 , Sharett married Tzipora Meirov ( 12 August 1896 -- 30 September 1973 ) and had two sons and one daughter , Jacob , Yael and Chaim .","In 1922 , Sharett married Tzipora Meirov ( August 12 , 1896 - September 30 , 1973 ) and had two sons and one daughter , Jacob , Yael and Chaim .",1
He has spent 2012 -- 13 in Israeli Basketball Super League with Bnei Herzliya .,Season 2012 -- 13 he spent in Bnei Herzliya with Israeli Basketball Super League .,0
"A Frankish army under Winigis and Hildebrand , Duke of Spoleto , joined Grimoald and defeated Adelchis on the coast soon after his landing .","A Franconian army under Winigis and Hildebrand , duke of Spoleto , defeated Grimoald and joined soon after his landing Adelchis along the coast .",0
The season from 1982 to 83 National Basketball Association was the 37th season of the NBA .,The 1982 -- 83 NBA season was the 37th season of the National Basketball Association .,1
Mitzy learns Charles Cottier ( Dexter Walker ) has feelings for Marilyn and she tries to make him see that Marilyn does not have any for him .,Mitzy learns Dexter Walker ( Charles Cottier ) has feelings for Marilyn and she tries to get him to see that Marilyn does not have one for him .,1
"Although Fresnel did not know that light waves are electromagnetic , he managed to construct the first coherent light theory in the world .","Although Fresnel did not know that electromagnetic waves are light , he managed to construct the world 's first coherent theory of light .",0
The route had followed `` 7th Street '' in Wilmont and `` 160th Street '' in Larkin Township .,The route followed `` 7th Street '' in Larkin Township and `` 160th Street '' in Wilmont .,0
The 13th World Cup season began in Austria in December 1978 and ended in March 1979 in Japan .,The 13th World Cup season began in December 1978 in Japan and concluded in March 1979 in Austria .,0
T. helena is locally common and widely spread in forest areas .,`` T. helena '' is locally distributed and widely common in forest areas .,1
"When Russ asked him to play guitar in the new band , Aaron agreed to .","When Aaron asked him to play guitar in the band 's new band , Russ agreed .",0
"( EL successor Conrail sold the old New York main line through Utica , Chenango and Susquehanna Valley to the Cassville , Susquehanna and Western Railway in 1982 . )","( EL - Successor Conrail sold the old New York main route through Utica , Chenango , and Susquehanna Valley in 1982 to Cassville , Susquehanna , and Western Railway . )",1
Jeetenkumar Naorem and Tony Aheibam wrote the soundtrack for the film and Raju Mikoncha wrote the lyrics .,Jeetenkumar Naorem and Tony Aheibam composed the soundtrack for the film and Raju Mikoncha wrote the lyrics .,0
"William Stawell KCMG married Mary Letitia Stawell on 14 May 1890 ( 1870 - November 3 , 1938 ) , daughter of Sir Edward .","Edward married Mary Letitia Stawell ( 1870 -- 3 November 1938 ) , daughter of Sir William Stawell KCMG , on 14 May 1890 . Their children included :",0
"Franz Ferdinand 's last words , as reported by Count Harrach , `` Sophie , Sophie !","As reported by Sophie , Sophie 's last words were `` Count Harrach , Franz Ferdinand !",0
Jalari is one of the villages of Hamirpur in India .,"Jalari is one of the villages of Hamirpur , Nadaun , India .",0
"Germar Rudolf , also known as Germar Scheerer , was born on 29 October 1964 , is a German chemist and convicted Holocaust denier .","Germar Rudolf , also known as Germar Scheerer , born 29 October 1964 , is a German chemist and a convicted Holocaust denier .",1
Polymers of the coordination type are also stereoregular and can be isotactic or syndiotactic instead of atactic .,"Coordination type polymers are also atactic and can be isotactic or syndiotactic , instead of just stereoregular .",0
John Floyd was elected over 131 -- 81 via Tyler .,John Floyd was elected 131 -- 81 over Tyler .,1
The real basis of the flower is that lenses can never focus perfectly in the physical world .,"The physical basis of bloom is that , in the real world , lenses can never focus perfectly .",0
A final remix was created after Diddy highlighted his intent to find a UK emcee to record a new version of the song with him .,A final remix was created after Diddy had highlighted his intention to find a British emcee to record with him a new version of the song .,1
The series was written by Chris Roberson and drawn by Robert Adler .,The series was written by Chris Roberson and is drawn by Robert Adler .,1
"Scurria plana is a species of sea snail , a true limpet , a marine gastropod mollusc in the Lottiidae family , one of the families of the true limpets .","Scurria plana is a species of sea snail , a true limpet , a true gastropod mollusc in the Lottiidae family , one of the families of the marine limpets .",0
"As an alternative , tantric Tibetan Buddhism allows to deliberately create a desire to choose the desire , rather than being created by it .","As an alternative , tantric Tibetan Buddhism allows to create a desire consciously ; to choose desire rather than being created by it .",1
Ernest Renan visited Chalaaboun during his mission to Lebanon and found what he described in his book Mission de Phénicie ( 1865-1874 ) .,Ernest Renan visited Chalaaboun during his mission to the Lebanon and described what he found in his book Mission de Phénicie ( 1865-1874 ) .,0
"The album was released on April 30 as a limited , untitled album with hand drawn covers and signed by Buckethead himself to be announced on May 31 .","The album was announced on April 30 as a limited edition , untitled album with hand drawn covers and signed by Buckethead himself to be released on May 31 .",0
The Mine Letneye is a large copper mine in the south-west of Russia in the Orenburg region .,The Letneye mine is a large copper mine located in the south-west region of Orenburg Oblast in Russia .,0
"In a letter to his friend Cicero stationed in Gaul , Testa jokingly refers to `` andabata '' .","In a letter to his friend Trebatius Testa , stationed in Gaul , jokingly refers to `` andabata '' .",0
"In 2004 , the FCC revealed the Parents Television Council as the main source of most content complaints .",In 2004 the FCC revealed the Parents Television Council as the primary source of most content complaints received .,1
"It was born in Cork , daughter of Richard Hartland and Mary Walsh , was the niece of the artist Stephen Jackson and married Henry Albert Hartland .","It was born in Cork , daughter of Richard Hartland and Mary Walsh , was the niece of the artist Henry Albert Hartland and married Stephen Jackson .",0
"Some languages , such as Japanese , have different forms of certain verbs to show transitivity , for example , there are two forms of verb `` to start '' :","Some languages like Japanese have different forms of certain verbs to show transitivity . For example , there are two forms of the verb `` to start '' :",1
"Caleb J. Emerson was born in 1860 in Tunnel Hill , Georgia , the son of William Henry Emerson , daughter of Clisbe Austin and Matilda Caroline Austin .","Caleb J. Emerson was born in Tunnel Hill , Georgia in 1860 to William Henry Emerson , daughter of Clisbe Austin and Matilda Caroline Austin .",1
The MSM model can be specified both in continuous time and in discrete time .,The MSM model can be specified in both discrete time and continuous time .,1
"The conclusions are that we are all perfect spiritual notions of one divine mind and manifest the mind , not a material body .","The conclusions are that we are all manifestations of one perfect spiritual mind and the divine spirit , not a material body .",0
They were under the mentorship of Coach Glenn Capacio and Coach Norman Black .,They were under the auspices of Coach Glenn Capacio and Coach Norman Black .,0
"After serving in various headquarters and troops , general-general in 1951 , lieutenant in 1955 and was promoted to the rank of major in 1959 .","After serving in various headquarters and troops , Major General in 1951 , Lieutenant in 1955 and was promoted to the rank of a general in 1959 .",0
This layer deals with the electrical plugs and sockets and physical specification of signals only .,This layer only deals with electrical connectors and sockets and the physical specification of the signals .,1
"The film is written and staged by Emmy Winner , Matt Drummond and co-produced by Jason Moody and Megan Williams .","The film is written and directed by Emmy Winner , Jason Moody and Megan Williams and co-produced by Matt Drummond .",0
"Audubon Park was established as a community within Audubon in 1941 with the construction of 500 housing units for employees of New York Shipbuilding in Camden , New Jersey .","Audubon Park was founded in 1941 as a community within Audubon with the construction of 500 accommodation units for New York Shipbuilding employees in Camden , New Jersey .",1
"Beaverton is a municipality in Brock Township in the regional commune of Durham , Ontario , Canada .","Brock Township is a municipality in Beaverton , Regional Community of Durham , Ontario , Canada .",0
The affine scaling direction can be used to define a heuristic to adaptively the centering parameter as :,The affine scaling direction can be used to choose a heuristic to adaptive the centering parameter as :,0
"A grandson of Frederick Herbert Wood Mus.Doc was Henry Dennis , who was the organist of the Blackpool Parish Church from 1918 to 1963 .","A grandson of Henry Dennis was Frederick Herbert Wood Mus.Doc , organist of Blackpool Parish Church from 1918 to 1963 .",0
The Văcăria River is a tributary of the Pilugul River in Romania .,The Pilugul River is a tributary of the river Văcăria in Romania .,0
"Each evening will be an intimate celebration of discussion , a pep rally for the inner spirit , and an optimistic look at the overwhelming intensity of life .","Every evening will be an intimate celebration of discussion , a pep rally for the inner mind and an optimistic look at the overwhelming intensity of life .",1
"The municipality is divided into Barrios Asunción , Isabel , Realengo and San José .","The municipality is divided into the barrios of San José , Isabel , Realengo and Asunción .",1
She and her sisters also performed in cafes and sang music to accompany silent films .,She and her sisters also appeared in cafes and sang music to accompany silent films .,1
"Dennis is arrested and convicted to die with Hugh and Barnaby , Hugh and Dennis are hanged , and Barnaby is pardoned by the efforts of Gabriel Varden .","Dennis is arrested and convicted to die with Hugh and Barnaby , Hugh and Dennis are pardoned , and Barnaby is hanged by the efforts of Gabriel Varden .",0
The Genesee College was founded in 1831 by the Methodist Episcopal Church as a seminary in Genesee .,Wesleyan Seminary was founded in 1831 as Genesee College by Methodist Episcopal Church .,0
"Slavic speaking , he then went to the former USSR to study Igor Moiseyev ’ s style of Soviet folk dance , Vaganova ballet technique and Russian repertory .","Slavic speaking , he then went to the former USSR to study Igor Moiseyev style Soviet folk dance , Vaganova ballet technique and Russian repertory .",1
"He founded the citadel of Erebuni in 782 BC , the present capital of Armenia , Yerevan .","He founded the citadel of Erebuni in 782 BC , which is the present capital of Armenia , Yerevan .",1
"By controlling the fluid with a magnetic field , it is formed to create liquid 3-complex shapes as a `` dimensional sculpture '' .","By controlling the fluid with a magnetic field , it is formed to generate liquid 3-complex shapes as a `` dimensional sculpture '' .",1
Steve Brady ( David Eigenberg ) and Miranda meet during the second season when Miranda is waiting for Carrie at the bar where Steve works .,Steve Brady ( David Eigenberg ) and Miranda meet during the second season when Miranda waits for Carrie at the bar where Steve is working .,1
"In Finnmark , he completed several of the paintings he had outlined on his 1832 Stockholm tour .",In Finnmark he completed some of the paintings he had outlined in 1832 on his Stockholm tour .,0
Tang was born in 1970 in Beijing and grew up in Sichuan Province .,was born in Beijing in 1970 and grew up in the Sichuan province .,1
Drietoma is a village and municipality in the Trenčín district in the region of Trenčín in north-western Slovakia .,Drietoma is a village and municipality in the Trenčín District in the Trenčín Region of northwestern Slovakia .,1
Rockhampton was also the junction of the Central Western line and Emu Park line .,Emu Park was also the crossroads of Central Western Line and the Rockhampton line .,0
"In 1838 , Stephenson returned to Manchester and established himself as a historical and landscape engraver in Ridgefield and then at a studio in St. Ann Street .","About 1838 , Stephenson returned to Manchester and established himself as an historical and landscape engraver in St. Ann Street , and then in a studio in Ridgefield .",0
"On 31 October 1846 , Duke of Roxburgh `` sailed again from Port Phillip and reached Gravesend on 7 March 1847 .",`` Duke of Roxburgh '' sailed again from Port Phillip on 31 October 1846 and arrived at Gravesend on 7 March 1847 .,1
We consider pseudo-differential operators here as a generalization of differential operators .,We consider differential operators here as a generalization of pseudo-differential operators .,0
"There is a limited incorporation , used in reflexive constructions .","There is limited incorporation , used in reflexive constructions .",1
"A daughter , Frances Anna Brickman , was born to Miriam and Lester Brickman on March 5 , 1981 .","On 5 March 1981 , Miriam and Lester Brickman were born a daughter , Frances Anna Brickman .",1
His family later moved from Brooklyn to the 110th Street and Amsterdam Avenue in Manhattan .,His family later moved from Brooklyn to Manhattan in 110th Street and Amsterdam Avenue .,0
"More recently , the band has combined extra life aspects of early music with the modern genre of mathematics rock .","More recently , the band Extra Life has combined aspects of early music with the modern genre of math rock .",1
"On April 9 , 1830 , Adam Helmer died in the city of Brutus , Cayuga County , New York .","Adam Helmer died on April 9 , 1830 , in the town of Brutus in Cayuga County , New York .",1
"For example , to draw a vertical line of 4 cm in length , it is sufficient :","For example , to enter a vertical line of 4 cm in length , it is sufficient to draw :",0
"By elevation , Wilmont is the highest incorporated community in America , and is the only place in Nobles County where Larry Lang 's onion rings are sold .","By elevation , Wilmont is the highest integrated community in Nobles County and is the only place in America where the onion rings are sold by Larry Lang .",0
He was elected Chairman of Zilla Parishad ( Pnachayat District ) of Kolhapur in 2012 as a candidate of the Indian National Congress .,"In 2012 , he was elected Chairman of the Indian National Congress ( Pnachayat District ) of Kolhapur as a candidate of Zilla Parishad .",0
"The Moons - organist Tom Warmsley uses a single manual Vox Continental , and James Edward Bagshaw of The Moons uses a Vox Continental 300 .","James Edward Bagshaw , organist of The Moons , uses a single manual Vox Continental , and Tom Warmsley of The Moons uses a Vox Continental 300 .",0
"It was followed by Jon Morgan ( 2000 -- 2007 ) , Paul Gudgin ( 2007 -- 2008 ) and Kath Mainland ( 2008-2015 ) .","She was followed by Paul Gudgin ( 2000 -- 2007 ) , Jon Morgan ( 2007 -- 2008 ) and Kath Festland ( 2008-2015 ) .",0
"In Venezuela there are about 2,018 hospitals and hospitals , 634 in Caracas , 195 in Maracaibo , 173 in Valencia and 92 in Barquisimeto .","There are about 2,018 clinics and hospitals in Caracas , 634 in Valencia , 195 in Barquisimeto , 173 in Maracaibo , and 92 in Venezuela .",0
"The 913th troop transport squadron was consolidated in September 1985 with the 13th Air Refuelling Squadron , but the active squadron has not been consolidated ever since .",The 13th Troop Carrier Squadron was consolidated with the 913th Air Refueling Squadron in September 1985 but the consolidated squadron has not been active since .,0
"Kasubi Hill is a royal cultural site of the Kingdom of Buganda , one of the constitutional traditional monarchies in 21st century Uganda .","Kasubi Hill is a royal cultural site of the Kingdom of Buganda , one of the traditional constitutional monarchies in the Uganda of the 21st century .",1
The manuscript was added to the list of manuscripts of the New Testament by Gregory ( number 252 ) and Scrivener ( number 223 ) .,The manuscript was added to the list of New Testament manuscripts by Gregory ( number 252 ) and Scrivener ( number 223 ) .,1
"Riggs was born in Atlanta , Georgia , the son of William Riggs ( nee Carlton ) and Gina Ann , and has a younger brother , Grayson .","Riggs was born in Atlanta , Georgia , the son of William Riggs ( née Carlton ) and Gina Ann . He has a younger brother , Grayson .",1
"Francis Davenport returned to England in 1841 , leaving Henry Giles to manage his affairs .","In 1841 , Francis Davenport returned to England , leaving Henry Giles to manage his business .",1
"It was developed along the Elk River in the hydrographic basin of the North Saskatchewan River , at the confluence of Brazeau River .","It was developed along the Elk River , at the confluence with Brazeau River , in the hydrographic basin of the North Saskatchewan River .",1
Once upon a time there was a Nottingham railway station on the line between Market Harborough and Hallaton .,There was once a Hallaton railway station on the line between Market Harborough and Nottingham .,0
The Nadeş River is a tributary of the River Ciortosu in Romania .,"The Ciortosu River is a tributary of the River Nadeş , Romania .",0
The TV shows in Praia are made in Cape Verde by TCV and Record Cabo Verde .,Television shows in Praia are made by TCV and Record Cabo Verde in Cape Verde .,1
"On November 10 , 2007 , he made a second FCW appearance as `` Moose Madison '' losing to `` The Natural '' Nick Nemeth with manager Big Rob .","On November 10 , 2007 he made a second FCW appearance as '' Moose Madison `` against '' The Natural `` Nick Nemeth with manager Big Rob to lose .",1
"In 2009 , Hopsin founded his independent record label Funk Volume with Damien Ritter .","In 2009 , Hopsin founded his own independent record label , Funk Volume , with Damien Ritter .",1
The Full-Time MBA is ranked # 1 in Europe and # 18 in Central Europe by QS Global 200 Business School Report 2012 .,"The full-time MBA is ranked number 1 in the QS Global 200 Business School Report 2012 in Central Europe , and in Europe 18 .",0
"Since 2002 , Scotland A has participated in the competition of the Amateur Four Nations and visited Italy , the Netherlands and Serbia .","Since 2002 , Scotland A has participated in the Amateur Four Nations competition and toured Italy , the Netherlands , and Serbia .",1
`` Rockingham '' reached Whampoa on May 23 and arrived in Bombay on September 21 .,`` Rockingham '' reached Bombay on 23 May and arrived on 21 September in Whampoa .,0
"It was , however , a spiritual and not a legal ceremony .","However , it was a legal , and not a spiritual ceremony .",0
"Brigadier General Abram Duryée had commanded the 107th New York Infantry Regiments and the 97th , 104th and 105th Pennsylvania Infantry .","Brigadier General Abram Duryée commanded the 107th New York Infantry Regiment and the 97th , 104th and 105th Pennsylvania Infantry .",1
"The festival originated in 2007 and debuted in Phoenix , Arizona and has since been held in San Diego , Houston and Zurich .","The festival debuted in 2007 and began in Phoenix , Arizona and has been in San Diego , Houston and Zurich since then .",0
"Every evening will be an intimate celebration of discussion , a pep rally for the inner mind and an optimistic look at the overwhelming intensity of life .","Every evening will be an optimistic celebration of the discussion , a pep rally for the inner spirit and an intimate look at the overwhelming intensity of life .",0
"Fish species of the parks rivers and lakes are Sperchios barbel , Macedonian chub , Sperchios spirlin , Greek trout and probably the endangered Marathon minnow .","Fish species of the parks rivers and lakes are Sperchios Barbel , Greek Dobel , Sperchios spirlin , Macedonian trout and probably the endangered Marathon Minnow .",0
"The thirteen colonies of the Anglo-United States were all original possessions , and popular culture became a major foundation of American folk and former British music .","The thirteen colonies of the original United States were all former British possessions , and Anglo culture became an important foundation for American folk music and popular music .",0
I played a role at the coronation of Emperor Matthias in 1612 and the election of Emperor Ferdinand in 1619 .,Johann Reinhard I played a role in the coronation celebrations of Emperor Matthias 1612 and the election of Emperor Ferdinand in 1619 .,1
"Expected Exposure ( EE ) is used similarly to the PFE , except that the average instead of a certain quantile is defined .","The anticipated exposure ( Expected Exposure , EE ) is defined similarly to the PFE , except that the average is used instead of a certain quantile .",0
"He was born and raised in Vancouver , British Columbia , Canada and died in Aylesbury , Saskatchewan , Canada .","Born and raised in Vancouver , Canada , British Columbia , he died in Aylesbury , Saskatchewan , Canada .",1
The breeding takes place in Yucatán from May and in Veracruz between August and April .,"In Yucatán , breeding takes place from May onwards and in Veracruz , between August and April .",1
"He wrote the script in cooperation with Bianca Olsen , Laurie Aubanel and Cyril Rambour .","In collaboration with Bianca Olsen , Laurie Aubanel and Cyril Rambour , he wrote the script .",1
"The manuscript was presented by Nicephorus Glykas , Bishop of Imbro , to Eduard Reuss .","The manuscript was transferred to Nicephorus Glykas by Eduard Reuss , Bishop of Imbro .",0
Children who heard this scene described by a novel clause containing a transitive verb connected the subject of the verb with the agent .,"Children who heard that scene described by a transitive clause containing a novel verb , associated the subject of the verb with the agent .",0
"Like her sister ship , Tirpitz `` armed with a twin battery of eight guns in four main towers .","Like her sister ship , `` Tirpitz '' was armed with a main battery of eight guns in four twin turrets .",0
"The Royal College of Music , together with Maestro Natalia , has appointed Peter Stark as a professor of conducting .",The Royal College of Music has appointed Natalia as a Professor of Conducting alongside Maestro Peter Stark .,0
"Stukley had given false , but not necessarily hostile , evidence against Raleigh .","Stukley had submitted false , but not necessarily hostile , evidence against Raleigh .",1
"The government of Punjab , a provincial government in the federal structure of Pakistan , is in Lahore , the capital of the province of Punjab .","The government of Punjab , a federal government in the provincial structure of Pakistan , is located in Lahore , the capital of the province of Punjab .",0
"He died at Fort Edward on August 18 , 1861 , and was buried at the Union Cemetery in Sandy Hill .",He died in Sandy Hill on 18 August 1861 and was buried at the Union Cemetery in Fort Edward .,0
"From 2015 , Karl Stefanovic appears as a political commentator on Channel 9 's `` The Verdict '' with Brown .","From 2015 , Brown appears as a political commentator on `` The Verdict '' of Channel 9 with Karl Stefanovic .",0
"According to the dictionary of the National Biography of 1885 , Ralph Acton is assigned to the first half of the fourteenth century by Leland and his supporters .","According to the 1885 Dictionary of National Biography , Ralph Acton is assigned by Leland and his followers to the first half of the fourteenth century .",1
"Ferguson remained in Liberia until his death , Monrovia in 1916 , in 1916",Ferguson stayed in Monrovia until his death in 1916 in Liberia .,0
Multiscale geometric analysis or geometric multiscale analysis is an emerging area of high-dimensional signal processing and data analysis .,The multi-scale geometric analysis or geometric multiscale analysis is an emerging area of high-dimensional signal processing and data analysis .,1
"Jovan Karamata is the Phillips Professor of Mathematics at Yale University . Coifman earned a doctorate from the University of Geneva in 1965 , supervised by Ronald Raphael Coifman .","Jovan Karamata is a Phillips professor of mathematics at Yale University , doctorate from the University of Geneva in 1965 and supervised by Ronald Raphael Coifman .",1
"On 18 January , a caucus of 64 Bucktail - legislators US - Vice President Daniel D. Tompkins nominated for governor and senator Benjamin Mooers for Vice Governor .","On January 18 , a caucus of 64 Bucktail legislators nominated U.S. Vice President Daniel D. Tompkins for Governor and State Senator Benjamin Mooers for Lieutenant Governor .",1
"In the narrative , between the current and the next season , we found out that Guido is dead by a car accident .","In the narrative bracket , between the current and the next season , we found out , that Guido is dead due to a car accident .",1
"Ponti played guitars and keyboards on the album , with the help of bassist Camus Celli , keyboard player Guy Daniel and drummer Pat Schick .","Guitars and keyboards played on the album with the help of bassist Camus Celli , keyboardist Guy Daniel and drummer Pat Schick .",1
"Within a few days , around 7,000 female prisoners were evacuated from Sweden to Denmark and then to Ravensbrueck .","Within a few days , around 7,000 female prisoners were evacuated from Ravensbrück to Denmark and then to Sweden .",0
"Their objectives were , in most cases , involuntary areas ( see Underpopulated Remote Settlements in the Soviet Union ) .",In most cases their destinations were Involuntary areas ( see underpopulated remote settlements in the Soviet Union ) .,1
The 1943 Istanbul Football Cup season was the single season of the cup . Galatasaray won the cup for the second time . The tournament was second-elimination .,"The season of the Istanbul football - Cup 1943 was the single season of the cup , Galatasaray won the cup for the second time .",0
"It was directed by Leslie H. Martinson , written by George Kirgo and was originally broadcast April 5 , 1982 on NBC .","It was written by Leslie H. Martinson , addressed by George Kirgo and was originally broadcast on NBC on 5 April 1982 .",0
"Nikolaus Friedrich von Thouret ( born Stuttgart , 2 June 1767 ; died Ludwigsburg , 17 January 1845 ) .","Nikolaus Friedrich von Thouret ( born June 2 , 1767 in Ludwigsburg ; died on 17 January 1845 in Stuttgart ) .",0
Amata leucacma is a species of the moth of the Erebidae family it is found in Queensland ( Australia ) .,Amata leucacma is a species of moth of the family Erebidae . It is found in Queensland ( Australia ) .,1
"The name Edith has four name days : 14 May in Estonia , 31 October in Latvia , 5 July in Sweden and September 16 in France .","The name Edith has four name days : May 14 in Estonia , 31 October in Sweden , 5 July in Latvia and 16 September in France .",0
"In November 2007 , Joseph Ransdell endorsed Jaime Nubiola 's view that `` It is simply a mystery at this point '' .","In November 2007 , Joseph Ransdell advocated Jaime Nubiola 's view that `` at this point it is simply a mystery '' .",1
"In 2014 , Huston Smith was published an authorized biography of Sawyer .","In 2014 , Huston Smith 's authorized biography of Sawyer was published .",1
"Statue of Ma.Po.Si in 2011 in Tyagaraya Nagar ( T. Nagar , Chennai )","Statue of Ma.Po.Si in Chennai in 2011 ( T. Nagar , Tyagaraya Nagar )",0
Narthecium is a herbaceous genus of Eurasian and North American flowering plants .,Narthecium is a herbaceous genus of Eurasian and North American flower plants .,1
"Guelma was a public airport near Guelma Belkheir Airport , Guelma , Algeria .","Guelma was a public use airport located near Guelma Belkheir Airport , Guelma , Algeria .",1
"This version was published on August 18 , 2016 in Europe and Australia and on January 5 , 2017 in North America .","This version was released in North America on August 18 , 2016 , and Europe and Australia on January 5 , 2017 .",0
"In 1951 , he appeared again with Secombe when they appeared on the same bill in variety .","In 1951 , he performed with Secombe again , when they appeared on the same bill in variety .",0
"Hyper Bike is a motorcycle racing game for the Nintendo 64 , which was developed by Snowblind Studios and published by Kemco .","Hyper Bike is a motorbike racing game for the Nintendo 64 , developed by Kemco and published by Snowblind Studios .",0
"It is better expressed as a culturally liberal bias '' , while the former BBC - director Roger Mosey classified it as a `` liberal defensive '' .","It is better expressed as a `` liberal bias `` , while former BBC director Roger Mosey classified it as '' cultural liberal defensive. ``",0
Jason Lipshutz of Fuse wrote that in the song Rihanna `` varies between the decision to leave and to stay the impulse '' .,Jason Lipshutz of Fuse wrote that in the song Rihanna is `` swaying between the decision to stay and the impulse to leave '' .,0
Varshamov was in Tbilisi with Arnold Walfisz ( where he studied Georgian ) .,Varshamov was with Arnold Walfisz in Tbilisi ( where he studied Georgian ) .,1
The series is moderated by Linda Blair and narrated by Zelda Rubinstein .,"The series is hosted by Linda Blair , and narrated by Zelda Rubinstein .",1
"Her work is collected and exhibited in London , Tokyo , Takaoka , Isle of Man , New York , San Francisco , Monterey , Toledo and Fort Wayne .","Her work is being collected and exhibited in New York , San Francisco , Monterey , Toledo and Fort Wayne , Takaoka , Isle of Man , London , Tokyo .",1
Thangpalkot is a village in Nepal in the Sindhupalchok district of Central Nepal and had a population of 2786 at the time of the 1991 population census .,Thangpalkot is a village in Sindhupalchok District in the Bagmati Zone of central Nepal . At the time of the 1991 Nepal census it had a population of 2786 .,0
"In 2004 , Barclaycard took over the sponsorship of Barclays ’ Premier League .","In 2004 , Barclays took over the sponsorship of the Barclaycard Premier League .",0
Adults often remove paper from new nests and use it to recycle old ones .,Adults often remove paper from old nests and recycle it to use it for new ones .,0
An angle clockwise in a figure would correspond to a counterclockwise angle in the other figure .,A counterclockwise angle in one figure would correspond to a clockwise angle in the other figure .,0
"Nilai is part of the constituency of Seremban of the Dewan Rakyat of the Malaysian Parliament , currently represented by Anthony Loke Siew Fook from the Democratic Action Party .","Seremban is part of the Nilai constituency of the Malaysian Parliament 's Dewan Rakyat , currently represented by Anthony Loke Siew Fook of the Democratic Action Party .",0
"The single appeared in three versions : a Limited Edition , a Regular Edition and a Star Driver Edition .","The single was released in three versions : a regular edition , a limited edition , and a Star Driver edition .",1
"Rose Tattoo is a 2011 album by Tiffany , her eighth regular album and first full country record .","Rose Tattoo is a 2011 album by Tiffany , her eighth regular album and her first full country record .",1
"It is bounded by Caoayan and the municipalities Vigan City , San Vicente , Santa Catalina and Sto .","It is bounded by Caoayan and the municipalities of Vigan City , San Vicente , Santa Catalina and Sto .",1
"Pixar also studied the Disney Cruise Line and visited Las Vegas , which was helpful for understanding artificial lighting .","Pixar also visited the Disney Cruise Line and studied Las Vegas , which was helpful for understanding artificial lighting .",0
"Directed by Go Nagai , his third film as a director and his first film as solo director .","Directed by Go Nagai , his first film as director and his third film as a solo director .",0
The actress Manuela do Monte portrays Carol in the Brazilian version of the 2013 series .,Carol do Monte portrays Manuela in the Brazilian version of the series 2013 .,0
Hindsholm was incorporated into the former Odense County while the bulk of the new province was merged with Tranekær County and renamed to Svendborg County .,"Hindsholm was incorporated into the new Odense county , while the majority of the former province was merged with Tranekær County and was renamed to Svendborg County .",0
Some witnesses reported a white powder : TATP is a crystalline white powder .,Some witnesses reported seeing a white crystalline powder : TATP is a white powder .,0
"In 1890 , French Colonel Louis Archinard formally conquered the entire territory of the former Kingdom of Kaarta , which was annexed to the French West Africa in 1904 .","In 1890 , French Colonel Louis Archinard later conquered the entire territory of the former Kaarta kingdom , which was officially annexed to the French West Africa in 1904 .",0
There are a number of remarkable works in the Afghan literature that Muslims discuss during the `` Australian period '' ( 1860-1900 ) .,There are a number of notable works in Afghan literature that discuss the Muslims during the `` Australian period '' ( 1860-1900 ) .,1
"Prior to his arrival in Sweden in 2002 , Mišović was in Serbia where he was involved in organized crime , he left the country to avoid arrest .","Prior to his arrival in Sweden in 2002 , Mišović was in Serbia , where he was involved in organized crime , and left the country to escape arrest .",1
In Western Australia it is found along water courses and in seasonally wet sites throughout the Kimberley region where it grows in sandy alluvium .,"In Western Australia , it is found along water courses and seasonally humid sites throughout the Kimberley region , where it grows in sandy alluvium .",1
Cohen was appointed by Robert W. Edgar as a member of the President 's Council of Common Cause .,Robert W. Edgar was appointed Member of the Council of the President 's Common Cause by Cohen .,0
"( EL - Successor Conrail sold the old New York main route to Cassville , Susquehanna , and Western Railway in 1982 through Utica , Chenango , and Susquehanna Valley . )","( EL successor Conrail sold the old New York main line through Utica , Chenango and Susquehanna Valley to the Cassville , Susquehanna and Western Railway in 1982 . )",1
"Matrons were male almost without exception -- female nurses were not common at all , especially in senior positions .","Matrons were almost invariably male -- female nurses were not at all common , especially in senior positions .",1
The river Valea Voenilor is a tributary of the Pascu River .,The Pascu River is a tributary of the Valea Voenilor River .,0
St. Augustine Governor Farris Bryant announced on 30 June the creation of a biracial committee to restore interracial communication in Florida .,"On June 30 , St. Augustine Governor Farris Bryant announced the formation of a biracial committee to restore interracial communication in Florida .",1
"Under Ottoman rule , Avdella was in the kaza of Bitola , Sanjak of Serfice ( modern Servia ) , Vilayet of Monastir ( modern Grevena ) .","Under Ottoman rule Avdella was in the Kasa of Grevena , Sanjak of Serfice ( modern Servia ) , Vilayet of Monastir ( modern Bitola ) .",0
Allan Stewart ( 1865-1951 ) was a Scottish painter who built his reputation on military and particularly romantic historical paintings as well as on landscapes and portraits .,"Allan Stewart ( 1865 -- 1951 ) was a Scottish painter who built his reputation on romantic , historical and especially military paintings as well as landscapes and portraits .",0
"`` Always and Forever '' , written by Debi Gliori and illustrated by Alan Durant , was nominated in 2003 for the Kate Greenaway Medal .","`` Always and eternally '' , written by Alan Durant and illustrated by Debi Gliori , was nominated in 2003 for the Kate Greenaway Medal .",0
He chose to teach Indian history `` because he wanted to study it '' .,He decided to teach Indian history `` because he wanted to study it '' .,1
Herochroma perspicillata is a kind of moth of the family Geometridae It is found in China ( Yunnan ) .,Herochroma perspicillata is a kind of moth of the family Geometridae It is found in Yunnan ( China ) .,1
It is about 100 km from Northern Motorway Auckland and approximately 75 nautical miles from the Ports of Auckland .,"It is around 100 km from Auckland 's Northern Motorway , and about 75 nautical miles from the Ports of Auckland .",1
"The choice of the Oldham Metropolitan Borough Council in 2000 took place on 4 May 2000 to elect Oldham Council members in Greater Manchester , England .","The 2000 Oldham Metropolitan Borough Council election took place on 4 May 2000 to elect members of Oldham Council in Greater Manchester , England .",1
"Diseases associated with this species include : DCV : increased reproductive potential , extremely pathogenic when injected with high associated mortality , CrPV : paralysis and death .",Diseases associated with this genus include : DCV : increased reproductive potential ; extremely high when associated with pathogenic injected mortality ; CrPV : paralysis and death .,0
"He was born in San Francisco , California and died in Brooklyn , New York , at the age of 81 .","Born in Brooklyn , New York , he died at the age of 81 in San Francisco , California .",0
"Essentially , there are four types of databases : curated databases , integrative databases , literature databases and predictive databases .","There are essentially four types of databases : curated databases , predictive databases , literature databases and inclusive databases",0
The direct market is the dominant distribution and retail network for American comic books .,The direct market is the dominant distribution- and retail network for American comic books .,1
Horner changed his mind when Cameron presented the song to him .,Horner changed his mind when Cameron presented him with the song .,1
He was born in Québec around 1760 and settled in Detroit in 1782 ( then a part of Scotland ) .,He was born in Scotland around 1760 and settled in Detroit in 1782 ( then still Quebec ) .,0
"Port Orford is located on the US Route 101 between the Pacific and Siskiyou National Forest , north of Gold Beach and south of Bandon .","Siskiyou National Forest is located on the U.S. Route 101 between the Pacific Ocean and Gold Beach , north of Port Orford and south of Bandon .",0
"Qtractor 's intention is to provide digital audio workstation software simple enough for the average home user , and yet powerful enough for the professional user .",Qtractor intends to provide a digital audio workstation software that is powerful enough for the average home user and yet simple enough for the professional user .,0
"Born in London for John May , superintendent of a department of the Metropolitan Police , himself , May himself joined the force and left England in 1845 to Hong Kong .","Born in London to John May , Superintendent of A Division of the Metropolitan Police . May himself joined the force and left England in 1845 for Hong Kong .",1
Rabbi Levi showed that on the night described in God taught Jacob all the signs .,Rabbi Levi showed that in the night described in God Jacob all the signs taught .,0
The 26 letters shown directly from bopomofo are transcribed in the following table .,The 26 letters directly shown by bopomofo are transcribed in the following table .,1
Fanny Pak had five of the same members of season two and four new members .,Fanny Pak had five of the same members from season two and four new members .,1
The name `` Macaire '' appears to have several claims of origin . It was a male or female name and currently is considered a male name .,The name `` Macaire '' appears to have several claims to origin : it was a male name and is currently considered a male or female name .,0
The Botfei River or the Agri `` River is a tributary of the Beliu River in Romania .,The Beliu River or Agriș River is a tributary of the Botfei River in Romania .,0
"This riding was created in 1987 by Okanagan -- Similkameen and eliminated in 1996 , when it was divided between Okanagan -- Coquihalla and West Kootenay , Okanagan .","This riding was created in 1987 from Okanagan -- Similkameen , and eliminated in 1996 when it was divided between Okanagan -- Coquihalla and West Kootenay , Okanagan .",1
"On November 23 , 2010 , the Heat waived Stackhouse to make room for Udonis Haslem who was signed to replace injured forward Erick Dampier .","On November 23 , 2010 , the Heat abandoned Stackhouse to make room for Erick Dampier , who was signed to replace the injured Udonis Haslem .",0
"Honeyroot is an Ambient Dance Collaboration between Glenn Gregory and Keith Lowndes , which is signed by the independent record label Just Music .","Honeyroot is an ambient dance collaboration between Glenn Gregory and Keith Lowndes , signed to the independent record label Just Music .",1
"On Cooper 's death in 1897 he was replaced by Frederick William Henckel , who ran the observatory until Marth 's death in 1902 .","In 1897 , Marth 's death was replaced by Frederick William Henckel , who led the observatory until Cooper 's death in 1902 .",0
Gerard Leachman traveled on occasion with St. John Philby and Holt .,Holt traveled with St. John Philby and Gerard Leachman on occasion .,0
The duo borrowed the title `` Electric Arguments '' from the poem '' Kansas City to St. Louis '' of Allen Ginsberg .,The duo borrowed the title `` Electric Arguments '' from the poem '' St. Louis to Kansas City `` of Allen Ginsberg .,0
"At the time , Meacham was president , and his administration learned that Andrew Johnson did not support him .","At that time , Meacham was president , and his administration learned that Andrew Johnson did not support him .",1
Fanny Pak had five of the same members from season two and four new members .,Fanny Pak had five new members from the second season and four of the same members .,0
The season 1954 -- 55 National Basketball Association was the ninth NBA season .,The 1954 -- 55 National Basketball Association season was the ninth season of the NBA .,1
"In 2005 , Tyrone Gabriel left the group and Cassius replaced him .",In 2005 Cassius left the group ; Tyrone Gabriel replaced him .,0
McCabe hooked the first ball he received from Bodyline spearhead Harold Larwood for a boundary .,"Harold Larwood hooked the first ball he received from McCabe , Bodyline Spearhead , for a border .",0
The tree typically grows to a height of and has fibrous rough bark on the trunk .,The tree typically grows to a height and has coarse fibrous bark on the trunk .,1
There were also men on female rape when the cheerleaders kidnap the night before the big game and then have sex with the members of the opposing football team .,There was also female on male rape when the cheerleaders kidnap and then have sex with the members of the opposing football team the night before the big game .,0
Hugo Grotius relied on the natural system of rationalist law of Jäger .,Hunter relied on the rationalist system of natural law of Hugo Grotius .,0
"Alex Corretja defeated Andre Agassi 2 -- 6 , 6 -- 2 , 6 -- 3","Andre Andre Agassi defeated Alex Corretja 2 -- 6 , 6 -- 2 , 6 -- 3",0
He stayed in Japan for three years before moving back with his family to Germany .,He remained in Japan for three years before moving back to Germany with his family .,1
"Károli started his school in Brassó and closed in Nagykároly , in 1556 he went to the Wittenberg Academy , in 1566 he ordered the Synod of Gönc .",Károli started his school in Nagykároly and finished in Brassó . In 1556 he went to the Wittenberg Academy . In 1566 he ordered the Synod of Gönc .,0
"He bought homes in Mar del Plata , a castle in Córdoba and a small hotel in Buenos Aires .","He acquired homes in Mar del Plata , a castle in Córdoba and a small hotel in Buenos Aires .",1
"Charles Duret Aubin , HM Attorney-General , Jersey , Jurat Dorey , Jersey , and Ambrose Sherwill , HM Procureur , Guernsey , received CBEs .","Charles Charles Duret Aubin , Generalawalt HM , Jersey , Ambrose Sherwill , Jersey , Jurat Dorey , HM Procureur and Guernsey , received CBEs .",1
"Dye rode after eight years in Hong Kong , Mauritius .",Dye rode in Hong Kong after eight years in Mauritius .,0
"Also in 1999 , Abdelaziz Bouteflika , who supported Western Sahara 's independence , became president of Algeria .","Also in 1999 , Abdelaziz Bouteflika , who supported the independence of Western Sahara , became president of Algeria .",1
"On the Dagorlad , a great battle took place in which Sauron 's troops were stormed and the Black Gate was destroyed .","At Dagorlad , a great battle took place in which Sauron 's forces were destroyed and the Black Gate stormed .",0
The airline was established in 1990 and was owned by New Zealand Post ( 50 % ) and Airwork ( 50 % ) .,The airline was established in 1990 and owned by Airwork ( 50 % ) and New Zealand Post ( 50 % ) .,1
"He lived ten years in Turin , Italy , and won the classic race of Bardolino in Italy for six years in a row from 2001 to 2006 .","Living in Turin , Italy for ten years , he won The Bardolino classic race in Italy for six years in a row , from 2001 to 2006",1
Karthik is the brother of the actress Sridevi and nephew of the actress Maheswari .,Karthik is the brother of the actress Maheswari and the nephew of actress Sridevi .,0
"Baron Paul George 's Marie Kronacker ( November 5 , 1897 - February 3 , 1994 ) was a liberal chemist and Belgian politician for the Liberal Party .","Baron Paul Georges Marie Kronacker ( November 5 , 1897 - February 3 , 1994 ) was a Belgian chemist and liberal politician from the Liberal Party .",0
Herberg demonstrated how immigration and religious culture was reflected in American ethnic movements and institutions .,Herberg demonstrated how immigration and American ethnic culture reflected in religious movements and institutions .,0
"He was born in 1799 in Kingston , Toronto , and grew up in York .","Born in York ( Toronto ) in 1799 , he grew up in Kingston .",0
"Belize High School is a secondary school , high school in Belize City , Belize .","Belize High School is a high school in Belize City , Belize , Secondary School .",1
"However , he obliged Keldorfer properly and replaced the orchestral introduction with the A - cappella - opening .","However , he duly obliged Keldorfer and replaced the orchestral introduction with the a cappella opening .",1
"When his family from Italy , Rodolpho and Marco , begin to migrate and live with him illegally , the small world in which he operates is destroyed .","When his family from Italy , Rodolpho and Marco , live illegally and begin to migrate with him , the small world that he operates in is disrupted .",0
"There are no bus stops in West Bridgewater , but there are stops in Bridgewater and the Campello section of Brockton .","There are no stops in Bridgewater , but there are bus stops in West Bridgewater and the Campello section of Brockton .",0
"The Australian state election of 1945 was held on Saturday , November 10 , 1945 , in the Victorian state of Victoria to elect 65 members of the state ’ s legislative assembly .",The 1945 Victorian state election was held in the Australian state of Victoria on Saturday 10 November 1945 to elect 65 members of the state 's Legislative Assembly .,0
"The single was produced overseas , in the United States , and created and recorded by Howard Benson .",The single was produced overseas in the United States and was created and recorded by Howard Benson .,1
Angelica Panganiban ( Lizelle Jimenez ) is in new relationship with surgeon Adrian Benitez ( Gabby Concepcion ) .,Lizelle Jimenez ( Angelica Panganiban ) is in a new relationship with Surgeon Adrian Benitez ( Gabby Concepcion ) .,1
"Born in Dublin in 1582 , he was the second but third surviving son of Arland Ussher and his wife Margaret .","Born in Dublin about 1582 , he was second but third surviving son of Arland Ussher and his wife Margaret .",1
"In 1928 , his eldest son , the third baronet , died unmarried and was replaced by his nephew , the second Baronet .","His eldest son , the third Baronet , died unmarried in 1928 and was succeeded by his nephew , the second Baronet .",1
Prosser began his training in the office of the architect Ignatius Bonomi ( 1787-1870 ) in Durham .,Prosser began his training in the office of architect Ignatius Bonomi ( 1787-1870 ) in Durham .,1
"According to the United States Census Bureau , Irvine is a total surface area of which land is and , or 5.13 % , has water .","According to the United States Census Bureau , Irvine has a total area of , of which is land and , or 5.13 % , is water .",1
Sakura Spirit is a 2014 visual novel developed by Winged Cloud and developed by Sekai Project .,Sakura Spirit is a 2014 visual novel developed by Winged Cloud and published by Sekai Project .,0
Huge fields along the zone were discovered at the Huntington Beach Oil Field in 1920 and at Long Beach Oil Field in 1921 .,"Huge fields along the zone were discovered at Huntington Beach Oil Field in 1920 , and the Long Beach Oil Field in 1921 .",1
"He was considered a liberal Spaniard , who practiced the liberal principles for enforcing liberal and democratic laws .",He was considered a liberal Spaniard who practiced the liberal principles for imposing liberal and democratic laws .,1
Jagtial is a village and in Mallapur district in the state of Telangana in India .,"Jagtial is a village and Mallapur district in the state of Telangana , India .",1
"Jake Chapman , Billy Childish , Tracey Emin , Angus Fairhurst , Billy Childish and Joshua Compston included writers for the project .","For this project , Tracey Emin , Angus Fairhurst , Billy Childish , Jake Chapman , Billy Childish and Joshua Compston included .",1
"Leontin Florian Grozavu ( born August 19 , 1967 ) , better known as Leo Grozavu , is a former football manager and Romanian football professional .","Leontin Florian Grozavu ( born 19 August 1967 ) , commonly known as Leo Grozavu , is a former football manager and Romanian professional football player .",1
"Seon is a municipality in the Aargau district of the canton of Lenzburg , Switzerland .",Seon is a municipality in the district of Aargau in the canton of Lenzburg in Switzerland .,1
The main father and spiritual initiator of this wine school was Immanuel Dornfeld .,Immanuel Dornfeld was the spiritual father and main initiator of the wine school .,0
"H02 is a regional road ( H-Highway ) in Lviv - Oblast and Ternopil - Oblast , Ukraine , which runs westway and connects Ternopil with Lviv .","H02 is a regional road ( H-Highway ) in Ternopil . It runs west-east and connects Lviv Oblast and Ternopil Oblast , Ukraine with Lviv .",0
The primitive heart or the tubular heart tube is the earliest stage of the heart development .,The tubular heart or the primitive heart tube is the earliest stage of heart development .,1
"Cornelia Stuyvesant Vanderbilt ( George and Edith Vanderbilt 's only child ) married British aristocrat , John F. A. Cecil , a descendant of William Cecil in 1924 .","John F. A. Cecil ( the only child of George and Cornelia Stuyvesant Vanderbilt ) married in 1924 to the British aristocrat William Cecil , a descendant of Edith Vanderbilt .",0
Bostaph left the band due to an elbow injury and was replaced by the former member Lombardo .,Lombardo left the band for an elbow injury and was replaced by former member Bostaph .,0
Scopula anfractata is a moth of the family Geometridae and is found in China ( Yunnan ) .,Scopula anfractata is a moth of the family Geometridae . It is found in Yunnan ( China ) .,1
"In Wimbledon , Osaka Sara Sorribes Tormo and Barbora Strýcová defeated before losing Venus Williams in the third round .","At Wimbledon , Osaka defeated Sara Sorribes Tormo and Barbora Strýcová before losing to Venus Williams in the third round .",0
"The technological center was founded as a result of the cooperation between the Armenian Government , the Enterprise Incubator Foundation and the World Bank .","The technological center was founded as a result of collaboration between the Armenian government , the World Bank , and the Enterprise Incubator Foundation .",1
"Nick Rotteveel ( born 6 January 1989 ) , professionally known as Nicky Romero , is a Dutch DJ , record producer , musician and remixer .","Nicky Romero ( born January 6 , 1989 ) , known professionally as Nick Rotteveel , is a Dutch DJ , record producer , musician and remixer .",0
"Many of Friend 's descendants now live in Friendsville , and the Friend Family Association 's headquarters and library are in Garrett County because of this connection .","Many of Friend 's descendants live in Friendsville today , and the headquarters and library of the Friend Family Association are in Garrett County because of this connection .",1
"The path was opened in stages , with the most recent section ( from Wellsboro to north of Ansonia ) being completed in 2007 .",The trail opened in stages with the most recent section ( from Ansonia to just north of Wellsboro ) being completed in 2007 .,0
"At the AFL session the next day , Tobin was forced to defend Beck 's actions .","At the AFL meeting the next day , Tobin was forced to defend Beck 's actions .",1
The road usually closes near the Mammoth Mountain Ski Area of Main Lodge before Thanksgiving and usually does not open much before Memorial Day .,The road usually closes near the Main Lodge of Mammoth Mountain Ski Area before Thanksgiving and usually not much before the Memorial Day .,0
"Itami City is located in the southeast of Hyogo Prefecture , with the Ina River east and the Mukogawa River west .","Itami City is located in the southeast of Hyogo Prefecture , with the Ina river to the east and the Mukogawa River to the west .",1
"It has been effectively drunk in the house of the brewer , which then becomes a pub until all its beer is sold .","It has effectively been drunk in the brewer 's house , which then becomes a pub until all the beer is sold .",1
El Elk Township is located in the 2nd Congressional District and is part of the 3rd State Legislative District of New Jersey .,Elk Township is located in the 2nd Congressional District and is part of New Jersey 's 3rd state legislative district .,1
SV Lurup is a federal association of the Football Association from Hamburg in the state of the same name .,SV Lurup is a German association football club from the city of Hamburg in the state of the same name .,0
"Tide is the sixth album by Antônio Carlos Jobim , which was released in 1970 on A 'M Records and arranged by Deodato .","Tide is the sixth album by Antônio Carlos Jobim , released in 1970 on A & M Records and arranged by Deodato .",1
"The family is very religious and , at the age of 12 , Géneviève joined the Protestant choir of her junior church .",The family is very religious and at the age of 12 Géneviève joined her protestant church 's junior choir .,0
Mr Cave made the highest bid for Mr Payne 's goods at an auction .,"At an auction , Mr Cave gave the highest bid for Mr Payne 's goods .",1
"Was born Terry in Fairfax , Iowa , and died in Cedar Rapids , Iowa .","Terry was born in Fairfax , Iowa , and died in Cedar Rapids , Iowa .",1
"In July 2013 , the Tigers Vásquez and a player who would later be named ( David Paulino ) traded to Houston Astros for José Veras .","In July 2013 , the Tigers traded Vásquez and a player to be named later ( David Paulino ) to the Houston Astros for José Veras .",0
PTAs were abolished by the 1985 Local Government Act when the Metropolitan County Councils were restored .,"PTAs were restored by the 1985 Local Government Act , when the Metropolitan County Councils were abolished .",0
Azerbaijan is a largely Sunni Shia population country with a non-observant minority .,Azerbaijan is a largely Sunni - Shia population with a non-observant minority .,1
"In 1948 , he moved to Cyprus . In 1958 , he relocated to England .","In 1948 he moved to Cyprus , to England in 1958 .",1
"In 1968 , Catherine Gillies , the granddaughter of Charles Manson , learned of Barbara Myers about Myers Ranch .","In 1968 , Barbara Myers learned about the Myers Ranch from Catherine Gillies , the granddaughter of Charles Manson .",1
"A competition between Deputy Chief Sharon Raydor , Commander Leo Mason and Captain Winnie Davis developed for the position .","A competition develops between Deputy Chief Winnie Davis , Commander Leo Mason and Captain Sharon Raydor for the position .",0
The first known European sighting of Whidbey Island was during the 1790 Spanish expedition of Manuel Quimper and Gonzalo López de Haro on the `` Princesa Real '' .,The first known European observation of Whidbey Island was at the `` Princesa Real '' during the Spanish expedition of Manuel Quimper and Gonzalo López de Haro in 1790 .,1
"In all , there are three red hats and two blue .","All in all , there are three blue hats and two red .",0
BA relocated the former BCal routes to Tokyo and Saudi Arabia to Heathrow .,BA published the former BCal routes to Heathrow to Tokyo and Saudi Arabia .,0
"He lived ten years in Italy and won the classic Bardolino race in Turin , Italy for six years in a row from 2001 to 2006 .","Living in Italy for ten years , he won The Bardolino classic race in Turin , Italy for six years in a row , from 2001 to 2006 .",1
"On 5 July 1846 he married Elisabeth Klein ( 1828 -- 1899 ) , daughter of the composer Friedrich Nicolai and great-grandmother of Bernhard Klein .","On 5 July 1846 , he married Elisabeth Klein ( 1828 -- 1899 ) , daughter of the composer Friedrich Nicolai and great-granddaughter of Bernhard Klein .",1
"The house was purchased in 1858 by Sir David Dundas of Dunira , who sold it to George Dewhurst from Lymm , Cheshire in 1864 .","The house was purchased by Sir George Dewhurst of Dunira in 1858 , who sold it on to David Dundas of Lymm , Cheshire , in 1864 .",0
Arkansas Highway 1 Business is a business route in Forrest City . It is in length . The highway runs near Forrest City High School .,"Arkansas Highway 1 Business is a business route in Forrest City , in length , the highway runs near the Forrest City High School .",1
Qingyang County Government is located in the town of Rongcheng .,The government of Rongcheng Town is located in Qingyang County .,0
"RAF Ash was closed and the website was sold in July 1998 and is now used by The Bunker , an Internet hosting company , as a secure server farm .","RAF Ash was sold and the site was closed in July 1998 and is now being used by The Bunker , an Internet hosting company , as a secure server farm .",0
"The national organisation was organized under Draft Bylaws in March 1979 and was officially founded in March 1980 in Kansas City , Missouri .","The national organisation was founded in March 1979 under Draft Bylaws , and PAS was officially organized in March 1980 in Kansas City , Missouri .",0
"In 1989 , London joined the Peace Corps in Africa and organized a regional business development program in Malawi .","In 1989 , London joined the Peace Corps in Malawi and co-managed a regional business development program in Africa .",0
Syrian Haitians are Syrian of Haitian descent or a Haitian with Syrian citizenship . A small Syrian community exists in Haiti .,"Syrian Haitians are Syrians of Haitian descent , or a Haitian with Syrian citizenship . A small Syrian community exists in Haiti .",1
"All 14 films were received in North America by Funimation , and all have licensed in-house dubs by the company .",All 14 films were received from funimation in North America and all have in-house dubs licensed by the company .,1
Major General Nathan Mugisha replaced Major General Francis Okello as commander of AMISOM on 7 July 2009 .,"On 7 July 2009 , General Major Nathan Mugisha was replaced as Commander of AMISOM by the general major Francis Okello .",0
Hermione Hoby wrote for `` The Observer '' that `` Guardian '' is `` anthemic and power chord-heavy . '',Hermine Hoby wrote for `` The Observer '' that `` Guardian '' Heavy and Power Chord-anthemic `` is .,0
"Rebana in Jakarta is particularly connected with the Muslim community , such as the Minang in Sumatra and the Betawi in Indonesia .","Rebana in Jakarta is particularly associated with the Muslim community , such as the Minang in Sumatra and the Betawi in Indonesia .",1
"Andrés Gómez defeated Guillermo Pérez Roldán 6 -- 0 , 7 -- 6 , 3 - 6 , 0 - 6 , 6 - 2","Guillermo Pérez Roldán defeated Andrés Gómez 6 -- 0 , 7 -- 6 , 3 -- 6 , 0 -- 6 , 6 -- 2 .",0
"He was born on March 14 , 1981 in Erdington , West Midlands , and has an older brother , Cartwright , who is also an actor .","Cartwright was born on 14 March 1981 in Erdington , West Midlands . He has an older brother , Che Cartwright , who is also an actor .",0
"WORHP , also referred to by ESA as eNLP ( European NLP Solver ) , is a non-linear software library for numerically solving continuous mathematical optimization problems .","WORHP , also referred to as eNLP ( European NLP Solver ) , is a mathematical software library for numerically solving continuous , nonlinear optimization problems .",0
"An aggressive and energetic entrepreneur , he lost a fortune ( which he created ) and started the Crosbie dynasty .","As an aggressive and energetic entrepreneur , he lost a fortune ( which he created ) and started the crosbie dynasty .",1
The prosecution of Gaius Verres in 70 BC was a great forensic success for Cicero .,The persecution of Cicero in 70 BC was for Gaius Verres a great forensic success .,0
"It was released on February 19th , 2016 as the second single from their fourth studio album based on the zodiac `` Leo Rising '' via cheque booklet - records .","It was released on February 19th , 2016 as the fourth single from their second studio album based on the zodiac `` Leo Rising '' via cheque booklet - records .",0
"During the construction of the launch complexes 31 and 32 , which were built on the same site , LC-10 was subsequently demolished .","LC-10 was subsequently demolished during the construction of Launch Complexes 31 and 32 , which were built on the same site .",1
It is found on quartzite hills in the Wheatbelt region of Western Australia near Moora where it grows in sandy soils often with gravel .,"It is found on Quartzite hills in the Wheatbelt region of Western Australia near Moora , where it often grows with gravel in sandy floors .",1
"It began as a fishing village inhabited by German settlers from the region of Kaszub , as well as some Polish immigrants in 1870 .","It began as a fishing village inhabited by Polish settlers from the Kaszub region in 1870 , as well as by some German immigrants .",0
He gradually had contributions as a soldier and was apparently promoted .,Apparently he had contributions as a soldier and was progressively promoted .,0
"Murray Cantor , Distinguished Engineer of IBM , wrote `` Nate Silver 's signal and noise '' is an excellent description of how the forecast works .","Murray Cantor , IBM Distinguished Engineer , wrote `` Nate Silver 's '' The Signal and Noise `` is an excellent description of how prediction works .",1
The airline was established in 1990 and was owned by the New Zealand Post ( 50 % ) and Airwork ( 50 % ) .,The airline was established in 1990 and was owned by Airwork ( 50 % ) and New Zealand Post ( 50 % ) .,1
The 1987 -- 88 Toto Cup Artzit was the 4th season of the second tier League Cup since its introduction .,The 1987 -- 88 Toto Cup Artzit was the 4th season of the second league cup since its introduction .,1
A post office called Lodi was founded in 1837 and the post office was renamed Maple Park in 1880 .,"A post office called Maple Park was first established in 1837 , and the post office was renamed in Lodi in 1880 .",0
"But in recent years , the number of black Americans has increased in the city , and some have occupied well-kept areas in traditionally European areas .","But in recent years the number of European Americans in the city has increased , and some have occupied gentrified areas in traditionally black neighborhoods .",0
She sailed over Rio de Janeiro and arrived in Sydney on September 14 .,She sailed via Sydney and arrived in Rio de Janeiro on 14 September .,0
The Austin Catholic Academy and St. Thomas of Villanova College are officially sponsored and are not operated independently of the Augustinian Order .,"Of these , the Austin Catholic Academy and St. Thomas of Villanova College are operated independently and are not officially supported by the Augustinian Order .",0
"John M. Work was born January 3 , 1869 , in rural Iowa in Southeastern Washington County , the son of John H. Work , a farmer .","John M. Work was born on January 3 , 1869 in rural Iowa in southeastern Washington County , the son of John H. Work , a farmer .",1
"The instruments of Embergher are unequalled , not only the richness and fullness of tone are remarkable , but the intonation is also perfect ``","The instruments of Embergher are remarkable , not only are the richness and abundance of tone unsurpassed , but also the intonation is perfect .",0
"It is owned by the RTL Group , a subsidiary of RTL Nederland .","It is owned by RTL Nederland , a subsidiary of RTL Group .",0
Roger Kirk was born in Norfolk and brought up and trained in East London .,Roger Kirk was born in East London and brought up in Norfolk and educated .,0
"Cedarbrae Mall is a shopping mall in the Toronto , Ontario , Canada area of Scarborough located at the corner of Markham Road and Lawrence Avenue East .","Cedarbrae Mall is a shopping centre located in the area of Toronto , Ontario , Canada of Scarborough on the corner of Markham Road and Lawrence Avenue East .",1
"WORHP , also referred to as eNLP ( European NLP solver ) by ESA , is a nonlinear software library for solving continuous large scale mathematical optimization problems numerically .","WORHP , also referred to as eNLP ( European NLP Solver ) , is a mathematical software library for numerically solving continuous , nonlinear optimization problems on a large scale .",0
"Since 2008 , Hoyer has been touring Canada several times , once with Sean Nicholas Savage , once with Michael Rault , and twice with The Joe .","Hoyer has toured Canada several times since 2008 , including once with Sean Nicholas Savage , once with Michael Rault , and twice with The Joe .",1
"Although the ruins were discovered in 1888 by Samuel Alejandro Lafone Quevedo , they were first examined in 1897 by the archaeologist Juan Bautista Ambrosetti .","Although the ruins were examined in 1888 by Samuel Alejandro Lafone Quevedo , they were first discovered in 1897 by the archaeologist Juan Bautista Ambrosetti .",0
The first stamps used in Tunisia were those of the colonial power France of 1888 . Stamps specifically issued for Tunisia were issued from 1 July 1888 .,"The first stamps issued in Tunisia were those of the colonial power , France , from 1888 . Stamps specifically for Tunisia were used from 1 July , 1888 .",0
"At BHCC , Phillips Brooks preached his last sermon and his Christmas Carol `` O Little Town of Bethlehem '' had its first performance .",Phillips Brooks preached its last sermon at BHCC and its Christmas song `` O Little Town of Bethlehem '' had its first performance .,1
"It was released as a digital download on April 6 , 2010 , and was added on Modern Rock radio in the United States on May 5 , 2010 .","It was added on 6 April 2010 as a digital download and published on May 5 , 2010 by Modern Rock radio in the United States .",0
"In biology , biological specificity is the tendency of a characteristic , such as behavior or biochemical variation , in a particular way to occur .","In biology , biochemical specificity is the tendency of a characteristic , such as a behavior or a biological variation to occur in a particular species .",0
The Active pattern `` aphel '' is verbal Causative .,The active pattern `` aphel '' is causative verbal .,1
"In the early days , many wheelchair basketball players saw participation in individual wheelchair sports as complementary training for their primary interest in basketball .","In the early days , many wheelchair basketball players saw the participation in supplementary wheelchair sports as a basic training for their individual interest in basketball .",0
"Italy is a national park in the northeast of the national park Stelvio , founded in 1935 .","Stelvio National Park ( ; ) is a national park in the north-east of Italy , founded in 1935 .",0
He was born in Canada and died in Canada ’ s Ontario .,"He was born in Canada and died in Ontario , Canada .",1
"Thus , the white drops on a red field are an allusion to his name and his ancestry .","Thus , the red drops on a white field are an allusion to both his name and his ancestry .",0
"On 7 September 2011 , the Blue House officially scrapped plans for a rich tax deduction , marking the fundamental end of Mbnomics .","On 7 September 2011 , the Blue House officially scrapped plans for a rich tax deduction , marking the foundational end of Mbnomics .",1
"The series was written by Ed Brubaker , illustrated by Bryan Hitch and colorized by Butch Guice .","The series was inked by Ed Brubaker , written by Butch Guice , and illustrated by Bryan Hitch .",0
"Berkarat ( formerly Romanized as Berk ’ arrat , Berqarat , and Berkarrat ; also , Akhula ) is a town in the Aragatsotn Province of Armenia .","Berkarat ( formerly known as Berk 'Arrat , Berqarat and Berkarrat ; also Akhula Romanized ) is a town in the aragatsotn province of Armenia .",1
"A few years later , Hyman became himself Goodman pianist .","A few years later , Goodman himself became Hyman 's pianist .",0
Morris County is a residential community located in the northwest corner of Mine Hill Township .,Morris County is a residential community located in the north-western corner of Mine Hill Township .,1
`` CQ Politics '' considered this race as ' Tossup ' . `` The Cook Political Report '' rated it ' Lean Republican ' .,`` CQ Politics '' assessed this race as '' Tossup '' . `` The Cook Political Report '' considered it as '' Lean Republican `` .,0
"On 4 July 1968 , at Smith 's request , Harper resigned from the cabinet .","On 4 July 1968 , Smith resigned from the Cabinet at Harper 's request .",0
"Lloyd took over command of the 12th Field Artillery Brigade on 28 November , 1917 and then the 6th Field Artillery Brigade on 7 February , 1918 .","Lloyd took over the command of the 12th Feldartillerie - Brigade on November 28 , 1917 and then the 6th Field - Artillery - Brigade on February 7 , 1918 .",1
"General elections were held in India in 1998 , after the government convened in 1996 collapsed and the 12th Lok Sabha was elected .","In 1998 , parliamentary elections were held in India after the government called in 1996 collapsed and the 12th Lok Sabha was elected .",1
"Under Phil Testa , and later Nicky Scarfo , Frank served .",Phil Testa served under Frank and later Nicky Scarfo .,0
"Deposed in 1776 by the revolutionary government of Perth Amboy , William was arrested at his home in New Jersey , at the Proprietary House and imprisoned for a time .",William was deposed in 1776 by the revolutionary government of New Jersey and arrested at his home in Perth Amboy at the Proprietary House and temporarily imprisoned .,0
"In 1987 , Fallahian was appointed Chief Prosecutor by Ruhollah Khomeini of the Special Court for the Clergy , and led the trial of Mehdi Hashemi .",In 1987 Fallahian was appointed by Ruhollah Khomeini as chief prosecutor of the Special Court for the Clergy and led the trial against Mehdi Hashemi .,1
The Chinese ambassador in Apia is the official representative of the Government in Beijing to the Government of Samoa .,The Chinese Ambassador to Apia is the official representative of the government in Beijing with the Samoa government .,1
"The Sadrist movement left the Alliance before the December 2005 elections , which also brought the Iraqi National Congress firmly to the Alliance .","The Iraqi National Congress left the Alliance before the December 2005 elections , which also brought the Sadrist movement more to the Alliance .",0
Steckborn is a municipality in Frauenfeld District in the canton of Thurgau in Switzerland .,"Steckborn is a municipality in Thurgau , in the Canton of Frauenfeld , Switzerland .",0
Sissi units have more weapons served by the crew and fewer sniper rifles than regular infantry .,Sissi units have more crew served weapons and fewer sniper rifles than regular infantry .,1
"Ayeza Khan ( born Aiza Khan on 15 January ,1991 ) , also known as Kinza Khan , is a Pakistani television actress and model .","Ayeza Khan ( born January 15 , 1991 in Kinza Khan ) , known as Aiza Khan , is a Pakistani television actress and a model .",0
"Geographically , the NDP campaign focused on targeting seats in Toronto in Ottawa , Hamilton , Scarborough and Etobicoke and Northern Ontario .","Geographically , the NDP campaign focused on targeting seats in Toronto in Ottawa , Hamilton , Scarborough , and Etobicoke and North Ontario .",1
"His meeting with Dave Brubeck is documented in the 2011 book `` Taj-Mahal Foxtrot '' , by Naresh Fernandes .",His meeting with Naresh Fernandes is documented in the book `` Taj-Mahal Foxtrot '' by Dave Brubeck from 2011 .,0
Unrealistic is known to have great body proportions for his characters and `` Tenjho Tenge '' is no different .,Unrealistic is known for his characters to have great body proportions and `` Tenjho Tenge '' is no different .,1
"The bill passed the House 32-8 on April 2 , 2009 , and later passed the Senate 76-41 .",The bill happened the house 32-8 on 2 April 2009 and later the Senate 76-41 .,0
"Spooner founded the rock band Erikson with two fellow musicians in Madison , Wisconsin in 1974 .","In 1974 , Erik Erikson founded the rock band Spooner with two fellow musicians in Madison , Wisconsin .",0
The wizard Merlin had Arthur educated by the knight Sir Ector and his son Kay .,The wizard Merlin had Arthur brought up by the knight Sir Ector and his son Kay .,1
"In the 9th century Bethlehem went through control of the Islamic caliphates of the Abbasids , then in the 8th century the Umayyads .","In the 8th century Bethlehem went through control of the Islamic caliphates of the Umayyads , then in the 9th century the Abbasids .",0
The mechanism also has found thermobaric use in the military weapons .,The mechanism has also found thermobaric use in military weapons .,1
"From the early 1980s to the late 1990s , Cabble was the lead singer in the all female rock bands Clinic Q and then Miss B . Haven .","From the late 1980s to the early 1990s , Cabble was the lead singer in the female rock bands Clinic Q and then Miss B . Haven .",0
During the uprising of 1745 it was again held by Jakobites and visited twice by Bonnie Prince Charlie .,During the 1745 uprising it was twice visited by Jacobites and held again by Bonnie Prince Charlie .,0
"However , in 1919 , concluded that no more operational awards would be made for the recently decreed war .","In 1919 , however , no operational awards would be made for the recently concluded war .",0
"Similar to a CFG , a probabilistic context-free grammar can be defined by a Quintupel :","Similar to a CFG , a free context-probabilistic grammar can be defined by a quintuple .",0
"A quantum fluid refers to each system that shows quantum mechanical effects at the macroscopic level , such as superfluids , superconductors , ultracold atoms , etc .","A quantum mechanical fluid refers to any system that exhibits macroscopic effects at the quantum level such as superfluids , superconductors , ultracold atoms , etc .",0
"Translated into modern algebraic , an apotom can be interpreted as a rational number , formed by subtracting one square root of a square irrational number from another .","Translated into modern algebraic language , an apotome can be interpreted as a quadratic irrational number formed by subtracting one square root of a rational number from another .",0
Jacky Jasper and Marc Live joined forces with Kool Keith to release two albums as KHM .,Kool Keith and Marc Live joined with Jacky Jasper to release two albums as KHM .,0
Trujillo incorporated elements of contemporary art and native figures in a very hieratic style in his canvases .,Trujillo has incorporated in his canvases elements of local art and hieratic figures in a very contemporary style .,0
"Quintus Caecilius Metellus Macedonicus was the second son of the Roman politician , General Lucius Caecilius Metellus Diadematus .",Lucius Caecilius Metellus Diadematus was the second son of the Roman politician and General Quintus Caecilius Metellus Macedonicus .,0
"Heysi Villarreal ( born August 26 , 1986 in Cuba ) is an Olympic and a national record swimmer from Havana .","Heysi Villarreal ( born August 26 , 1986 in Havana , Cuba ) is an Olympic and national record floating swimmer from Cuba .",1
Until 1971 the Southern Pacific Railroad operated from its Third and Townsend Depot commuter trains to San Jose and long distance trains to Los Angeles .,"Until 1971 , the Southern Pacific Railroad operated from its Third and Townsend depots public trains to San Jose and long distance trains to Los Angeles .",1
"The Legacy of the Aldenata , also known as the Posleen War Series , is the military universe of one of John Ringo 's fictional science fiction series .","The heritage of the Aldenata , also known as the Posleen War Series , is the military universe of one of the fictional science - fiction - series by John Ringo .",1
"Mayer ( 2001 ) says Hyman , `` wrote the definitive work on loyalty tests throughout the American history .","Hyman ( 2001 ) said Mayer , `` wrote the definitive work on loyalty tests throughout American history .",0
"Much of the film was shot in Gladstone , New Jersey , New Brunswick , and the Palisades Park , the producer 's home .","Much of the film was shot in Gladstone , New Jersey ; New Brunswick ; and the Palisades Park home of the producer .",1
"The others were Donald Carr from Repton School and the Etonian , Luke White .",The others were Luke White of the Repton School and Etonian Donald Carr .,0
The moai statues of Easter Island ( Chile ) appear as enemies in several `` Gradius '' games .,The Moai statues of Chile ( Easter Island ) appear in several `` gradius '' plays as enemies .,1
"A cover version by Sinitta appeared in 1989 , produced by Phil Harding and Ian Curnow .","In 1989 , a cover version of Sinitta , produced by Phil Harding and Ian Curnow , appeared .",1
In the London production the role was played by Robbie Scotcher and the role was taken over by Jerome Pradon on 23 June 2008 .,"In London production , the role of Robbie Scotcher was played and the role was taken on 23 June 2008 by Jerome Pradon .",1
"In the week before the incident with Coventry fans , 13 men were arrested after clashes between fans from Leicester and Norwich , in which some men suffered slight injuries .","The week before the incident with Coventry fans , 13 men were arrested after clashes between fans from Leicester and Norwich in which some men sustained minor injuries .",1
Temuka was a parliamentary electorate in the New Zealand region of Canterbury from 1911 to 1946 . The electorate was represented by four Members of Parliament .,"From 1911 to 1946 , Temuka was a parliamentary electorate in the Canterbury region of New Zealand and was represented by four Members of Parliament .",0
"The 2013 Texas A & M University football team represented Texas A & M Aggies in the 2013 , NCAA Division I FBS football season . They played their home games at Kyle Field .",The football team of Texas A 'M University from 2013 represented Texas A ' M Aggies in the FBS season of NCAA Division I . They played their home games at Kyle Field .,1
"Copies of the Leach catapult , made locally by the Royal Engineers , were used in the Gallipoli Campaign .","Copies of the Leach catapult , which were used by the Royal Engineers locally , were made in the Gallipoli campaign .",0
The expansion of China Airlines ' political presence has long been limited by Taiwan 's international status .,The expansion of the international presence of China Airlines has long been limited by the political status of Taiwan .,0
"In October 2001 , he defended his PhD in Psychology at the Free University of Brussels on the subject of cognitive models of human hypertext navigation .",He defended his Ph.D. in Psychology from the Free University of Brussels in October 2001 on the subject of cognitive models of human hypertext navigation .,1
"Hall Island ( Russian : `` Остров Галля '' ; `` Ostrov Gallya '' ) is an island in Franz Josef Land , Oblast Archangelsk , Russia .","Hall Island ( Russian : `` Остров Галля '' ; `` Ostrov Gallya '' ) is an island in Franz Josef Land , Arkhangelsk Oblast , Russia .",1
"Note that Ionia and Aeolis were not considered separate units of the Persians , while Lycia was included in offshore - Caria and Sparda - the semi-autonomous islands .","Note that Ionia and Aeolis was not considered separate entities by the Persians , while Lycia were included in offshore Caria and Sparda included the semi-autonomous islands .",1
"The nest is generally a flat cup , but can be deep with a deepening for the eggs .",The nest is generally a deep cup but can be flat with a depression for the eggs .,0
Another feature of traditional houses is their unique design for the cooling of the interior in summer and for heating in winter .,Another unique feature of traditional houses is their special design for cooling the interior in summer and heating the interior in winter .,1
Pepsi Next was established in March 2013 in France and in March 2014 in Finland and Canada .,"Pepsi Next was first introduced in France in March 2013 , and in Finland and Canada in March 2014 .",1
"After the resignation of Drew and the attitude of Jennings B. Whitworth in December 1954 , Crisp was retained as a line coach .",Crisp was again retained as line coach after the resignation of Jennings B. Whitworth and the hiring of Drew in December 1954 .,0
"The concept of a redistribution system is at least as old as the concept of Pharaoh , which means `` great house '' and describes the royal palace .","The concept of a redistributive system is at least as old as the concept of Pharaoh , which means '' great house `` and describes the Royal Palace .",1
"In 1858 he graduated from the Galatasaray Gymnasium in Shumen and became a teacher in Istanbul , where he remained until 1864 .","In 1858 he completed the Galatasaray High School in Istanbul and became a teacher in Shumen , where he remained until 1864 .",0
"Some had several corpses so bound in canvas that the stiff , sharp outline of death was easily traceable .","Some had traceable corpses so tied up in canvas that the stiff , sharp outline of death was easily several .",0
Mr Cave made the highest bid for Mr Payne 's goods at an auction .,"At an auction , Mr Payne submitted the highest bid for Mr Cave 's goods .",0
These puppets had covered their English or Spanish names with a sticker with the German name or sometimes nothing at all .,These puppets had covered their English or German names with a sticker with the Spanish name or sometimes nothing at all .,0
"He sent his brother , the younger Cyrus , to relieve Tissaphernes of his command over Lydia .",He sent his brother Tissaphernes the younger to relieve Cyrus of his command over Lydia .,0
"It became one of the four British chemical companies that merged with Brunner Mond , Nobel Explosives and United Alkali Company in 1926 to set up Imperial Chemical Industries .","It became one of the four British chemical companies which merged in 1926 with Brunner Mond , Nobel Explosives and Imperial Chemical Industries to form United Alkali Company .",0
It was based on a novel by Robert Suhosky and was turned into a screenplay by James Hardiman .,It was based on a novel by Robert Suhosky and turned into a screenplay by James Hardiman .,1
Pimpini plays in Second position as a Second and is right-handed .,Pimpini plays as second in the second position and is right-handed .,1
"Nashville , TN is part of the Hopkinsville television market .","Hopkinsville is part of the television market of Nashville , TN .",0
"The Hunters is a 2011 French crime horror thriller film directed by Chris Briant . The film was produced by Antoine Huet ,","The film The Hunters is a French crime - horror - thriller - film from 2011 by Chris Briant , produced by Antoine Huet .",1
The Saul region is a semi-open belt of dry forest and savannas that are more characteristic of the province of Guayana Lowland .,The Saul region is a dry belt of semi-open forest and savannas that are more characteristic of the province of Guayana Lowland .,0
ProxmapSearch uses the proxMap array generated by a previously created ProxmapSort to find keys in the sorted array A2 in constant time .,ProxmapSearch uses the proxMap array generated by a previously done ProxmapSort to find keys in the sorted array A2 in constant time .,1
"Bonchurch is situated on the southern coast of the Isle of Wight , England just to the east of the village of Monks Bay .","is located on the southern coast of the Isle of Wight , England , to the east of the village of Monks Bay .",1
"In South Korea , the Korean New Right movement is a neo-conservative attempt at Korean politics .","In South Korea , the South Korean New Right movement is a neoconservative attempt at Korean politics .",1
"It is endemic to Hawaii , where it is only known from the northern Koolau Mountains of Oahu .","It is endemic to Oahu , where it is known only from the northern Coolau Mountains of Hawaii .",0
"Danj ( also known as Qūchkānlū ) is a village in the district of Esfarayen , North - Khorasan - Province , Iran , in the Azari county in the central district .","Danj ( also known as Qūchkānlū ) is a village in Esfarayen County , North Khorasan Province , Iran , in the Azari Rural District of Central District .",1
"Doriano Romboni ( December 8 , 1968 in Lerici , Italy -- 30 November 2013 in Latina , Italy ) was an Italian Grand Prix - Motorcycle - Road Racer .","Doriano Romboni ( 8 December 1968 in Italy -- 30 November 2013 in Latina , Lerici , Italy ) was an Italian Grand Prix motorcycle road racer .",0
"Walter Hart ( or Walter Lyhert , died May 24 , 1472 ) was a medieval bishop of Norwich .",Walter Hart ( or Walter Lyhert ; died 24 May 1472 ) was a medieval Bishop of Norwich .,1
"Thompson was born in Juniata County , Pennsylvania , entered Port Royal , Pennsylvania , and was later buried in Perrysville .","Thompson was born in Juniata County , Pennsylvania , entered service in Port Royal , Pennsylvania , and was later buried in Perrysville .",1
"According to Pier Jaarsma in 2011 , neurodiversity is a `` typical neurological concept '' , which `` regards normal human development as a controversial difference '' .","According to Pier Jaarsma in 2011 , neurodiversity is a `` typical neurological concept '' that `` regards normal human development as a controversial difference '' .",1
"New teaching sites were opened in the 1990s in Ivrea , Mondovì , Biella , Alessandria and Vercelli .","New teaching sites were opened in the 1990s in Alessandria , Biella , Ivrea , Mondovì and Vercelli .",1
"The `` formal operations '' are the addition and multiplication of rational series , together with iteration .","The `` rational operations '' are the addition and multiplication of formal series , together with the iteration .",0
"Trained by César Cielo , coach of the American swimmer Bob Bowman , at the University of Michigan , he is a childhood friend of Michael Phelps .","Trained with Bob Bowman , the coach of the American swimmer Michael Phelps , at the University of Michigan , he is a childhood friend of César Cielo .",0
"The development of the energy business included the opening of a special office in Middlesbrough and the construction of a new vessel , Cable Enterprise .","The development of the energy business included the opening of a specialist office in Middlesbrough and the construction of a new vessel , Cable Enterprise .",1
"France won a medal in each of the three team events , but took no more gold medals .","In each of the three team events France took a medal , but no longer won gold medals .",1
"In November 2005 , Robert Israel sold the weekly Plotkin to Mitchell in Bolinas , California .","In November 2005 , Robert Israel Plotkin sold the weekly to Mitchell of Bolinas , California .",0
"`` FIFA Manager 12 '' is a football manager - simulation video game , developed by Bright Future GmbH and published by EA Sports worldwide under the label Electronic Arts .",`` FIFA Manager 12 '' is a football manager simulation video game developed by Bright Future GmbH and published by EA Sports worldwide under the Electronic Arts label .,1
"According to Pier Jaarsma in 2011 , neurodiversity is a `` typical neurological concept '' , which `` regards normal human development as a controversial difference '' .","According to Pier Jaarsma in 2011 , neurodiversity is a `` controversial concept '' that considers '' atypical neurological development as a normal human difference `` .",0
"Brush Valley Township was formed from Wheatfield Township in 1835 , and named for the valley of Brush Creek .",Brush Valley Township was formed in 1835 from Wheatfield Township and named after the Brush Creek Valley .,1
Kinetic Compensation : An increase in the pre-exponential factors tends to compensate for the rise in activation energy :,Kinetic compensation : an increase in the pre-exponential factors tends to compensate for the increase in activation energy :,1
The objective is to find the empirical control parameters that best represent the optimal distribution of a given row .,The objective is to find the empirical control parameters that best represent the optimal distribution of a given dataset .,1
Norton Township was originally called the Sumner Township and was founded in 1858 under the latter name .,Sumner Township was originally called Norton Township and under the latter name was organized in 1858 .,0
"Inspirica , Inc. houses approximately 300 people and serves more than 800 people each year .","Each night Inspirica , Inc. serves approximately 300 people and each year houses more than 800 people .",0
"In September 2003 , Marta Hillers ( a German literature editor ) identified the anonymous author as the journalist Jens Bisky , who died in 2001 .","In September 2003 , Marta Hillers ( a German literary editor ) identified the anonymous author as journalist Jens Bisky , who had died in 2001 .",1
"The US 9 leads to Cape May -- Lewes Ferry , which crosses the Delaware Bay to Lewes , Delaware .","US 9 leads to the Cape May -- Lewes Ferry , which heads across the Delaware Bay to Lewes , Delaware .",1
New boys and girls will come to the Pretty Land School of Arts and already known people will have to deal with complicated and funny situations .,New boys and girls will come to the Pretty Land School of Arts and already known people will have to face complicated and funny situations .,1
"The current Chief Executive is Mathew Walker , and the Chair from 2002 to 2009 was Martin Dean who was succeeded by Eric Bowen .","The current Chief Executive is Martin Dean , and the leader from 2002 to 2009 was Mathew Walker , who was followed by Eric Bowen .",0
"On September 15 , 2015 , Johnson signed with the Polish team SCM CSU Craiova , Johnson signed on 17 July 2016 with the Romanian team Stal Ostrów Wielkopolski .","On September 15 , 2015 , Johnson signed with Polish team SCM CSU Craiova . On July 17 , 2016 , Johnson signed with Romanian team Stal Ostrów Wielkopolski .",1
Cribbins wears on his hat the badge of the parachute - regiment where Mott served during his national service .,"Cribbins wears on his hat the badge of the Parachute Regiment , in which Mott served during his National Service .",1
"Almost all the people in the district of Phu Tan had to be evacuated ( mainly in the Cho Moi , An Phu ) .","Almost all of the people in Phu Tan district had to be evacuated ( mainly to the Cho Moi , An Phu ) .",1
Senator Kennedy telephoned Albert Gore Sr. to inform him that some of his constituents had called to voice their objections to integration .,Senator Kennedy called Albert Gore Sr. to inform him that some of his constituents had expressed their objections to integration .,1
"Suq Al Lail is a neighborhood of Mecca in Saudi Arabia , in the western province of Makkah .","Suq Al Lail is a neighborhood of Mecca in Saudi Arabia , in western Makkah Province .",1
Qtractor intends to provide a digital audio workstation software that is simple enough for the average home user and yet powerful enough for the professional user .,"Qtractor 's intention is to provide digital audio workstation software powerful enough for the average home user , and yet simple enough for the professional user .",0
"Finsch 's monitor was only known from Blanche Bay , Ralum , and New Britain in Massawa .","The Finsch monitor was known only from Blanche Bay , Ralum and New Britain in Massawa .",1
"Rolly Tasker won Australia 's first sail medal at the Melbourne Olympic Games in 1956 , when he and John Scott won a silver medal in their 12 m sharp .",Rolly Tasker won Australia 's first sailing medal at the 1956 Olympic Games in Melbourne when he and John Scott won a silver medal in their 12 m Sharpie .,1
Between five and twelve blossoms are loosely arranged along a high stem or more flowers .,Between five and twelve flowers are loosely arranged along a flowering stem or more high .,0
He and Sant Dnyaneshwar were the popular Sants and both revered Lord Vitthal .,He and Sant Dnyaneshwar worshiped the popular sants and both were Lord Vitthal .,0
"Dharmapuram is a village near the town of Srikakulam in Ponduru Mandal Division in Andhra Pradesh , India .","Srikakulam is a village near Dharmapuram town in Ponduru Mandal Division in Andhra Pradesh , India .",0
"The unlucky drivers turned out to be Max Wissel ( FC Basel 1893 ) , Ryan Dalziel ( Rangers F.C . )","The carpenters turned out to be Max Wissel ( FC Basel 1893 ) , Ryan Dalziel ( Rangers F.C . )",0
Such a modified peptide or a `` distorted key '' will automatically become an inhibitor candidate against HIV protease .,Such a distorted peptide or `` modified key '' becomes an inhibitor candidate against HIV protease automatically .,0
"Hard Candy is the fourth studio album by Counting Crows , released in the United States on June 7 , 2002 and the following day in the United Kingdom .",Hard Candy is the fourth studio album of Counting Crows published on 7 June 2002 and the following day in the United States in the United Kingdom .,0
"The first Syracuse Chiefs baseball team was established in 1934 , when the Jersey City Skeeters moved to Syracuse and were renamed the Chiefs .","The first baseball team of the Syracuse Chiefs was founded in 1934 , when the Jersey City Skeeters were moved to Syracuse and renamed to Chiefs .",1
"The film was produced by Bruce David Janu , directed and processed , the soundtrack was composed by Tom Flannery and Lorne Clarke .","The film was produced , directed and edited by Bruce David Janu . The soundtrack was composed by Tom Flannery and Lorne Clarke .",1
"Melodies were used by composers such as Franz Liszt , Ludwig van Beethoven , Pablo de Sarasate and others .","Bihari 's melodies were used by such composers as Franz Liszt , Ludwig van Beethoven , Pablo de Sarasate and others .",1
"In the final , Herbert and Maxime Teixeira defeated Alessandro Giannessi and João Sousa 6 : 4 , 6 : 3 .","Pierre-Hugues Herbert and Alessandro Giannessi and João Sousa defeated Maxime Teixeira 6 -- 4 , 6 -- 3 in the final .",0
"Devnya is also the seat of the municipality of Devnya ( part of the province of Varna ) , which includes the following 2 villages :","The province of Varna is also the seat of the municipality of Devnya ( part of Devnya ) , which includes the following 2 villages :",0
"On January 16 , 2009 , Hollins was traded with Matt Carroll in exchange for DeSagana Diop to Dallas Mavericks .","On 16 January 2009 , Hollins was traded with DeSagana Diop to Dallas Mavericks , in exchange for Matt Carroll .",0
"is a 1947 Donald Duck short , produced by Walt Disney and directed by Jack King for Walt Disney Productions and RKO Radio Pictures .","Wide Open Spaces is a 1947 Donald Duck short cartoon , produced by Walt Disney and directed by Jack King for Walt Disney Productions and RKO Radio Pictures .",0
"Ranjit Singh marched to ( Rawalpindi ) , from there to ( Rohtas ) and via ( Sarai Kala ) reached Sirikot .","Ranjit Singh marched to ( Rohtas ) , from there to Rawalpindi and to Sirikot via ( Sarai Kala ) .",0
"The 16 remaining shareholders were Frances Bannister ( 75 shares ) , George Truog ( 30 shares ) and Joseph Stenger ( 8 shares ) .","Among the remaining 16 shareholders were Joseph Stenger ( 75 shares ) , George Truog ( 30 shares ) and Frances Bannister ( 8 shares ) .",0
The 1927 Colgate football team represented Colgate University in the 1927 college football season .,The 1927 Colgate University Football team represent Colgate in the College - Football - Season 1927 .,0
The affine scaling direction can be used to choose a heuristic to adaptively define the centering parameter as,The affine scaling direction can be used to define a heuristic to adaptively the centering parameter as :,0
"It is about southeast of White Cap Mountain , 2 miles southwest of Baker Mountain , and 5 miles west of Moosehead Lake .","It is located southeast of Moosehead Lake , 2 miles southwest of Baker Mountain and 5 miles west of White Cap Mountain .",0
"Otto Müller died on December 9 , 1979 as a result of a serious lung disease at the Carl von Basedow - Clinic in Merseburg .","On December 9 , 1979 , Carl von Basedow died at the Otto - Müller - Clinic in Merseburg as a result of a severe lung complaint .",0
"The legacy of the Aldenata , also known as the Posleen War Series , is the fictitious universe of one of the military science - fiction - series by John Ringo .","The heritage of the Aldenata , also known as the Posleen War Series , is the military universe of one of the fictional science - fiction - series by John Ringo .",0
"He was born in Toledo , Ohio , grew up in Minneapolis , Minnesota , and visited the High School for Recording Arts in St. Paul , Minnesota .","He was born in Toledo , Ohio , grew up in St. Paul , Minnesota , and attended the High School for Reception Arts in Minneapolis , Minnesota .",0
"Goodwillie came from Blackburn Rovers , Andy Halliday from Middlesbrough , Andy Keogh from Millwall and Tony McMahon from Sheffield United .",David Goodwillie came in from Blackburn Rovers ; Andy Halliday from Middlesbrough ; Andy Keogh from Millwall ; and Tony McMahon from Sheffield United .,1
"It is located north of New Hempstead , east of Harriman State Park , north of Monsey and west of Mount Ivy .","It is north of New Hempstead to the east of Harriman State Park , north of Monsey and west of Mount Ivy .",1
"Spooner formed the rock band Erikson in 1974 with two fellow musicians in Madison , Wisconsin .","Spooner founded the rock band Erikson with two fellow musicians in Madison , Wisconsin in 1974 .",1
The name `` Macaire '' appears to have several claims to origin : it was a male or female name and is currently considered a male name .,The name `` Macaire '' seems to have several claims of origin : it was a male name and is currently considered a male or female name .,0
Every report that was updated in February 2011 contains data for the completed school year .,"Each report , which was completed in February 2011 , contains data for the school year that is updated .",0
"At the end of his term , Hurtado left Spain to return to Lima , where he died in 1609 .","At the end of his term , Hurtado Lima left to return to Spain , where he died in 1609 .",0
"Martin ( Javier De Pietro ) is a 16-year-old young student who is attracted to his coach , Sebastián .",Martin ( Sebastián ) is a 16-year-old young student who is attracted by his coach Javier De Pietro .,0
They are sometimes consumed with beer and are often a bar snack .,They are often consumed with beer and are sometimes a snack .,0
"The official language is Bhojpuri , while the local language is Hindi .",Bhojpuri is the local language and the official language is Hindi .,0
"KXLF lost ABC programming in 1955 ; soon afterward , the station added DuMont when it shut down .","In 1955 , KXLF added ABC programming , soon the DuMont station was lost when it was shut down .",0
"In 1938 , under pressure from Japan , Germany ended its support for China , and Falkenhausen had to withdraw from China .","In 1938 Germany , under pressure from Japan , ended its support for China and Falkenhausen was forced to withdraw from China .",1
"Dick Stockton defeated Arthur Ashe , 6 : 3 , 6 : 2 .","Arthur Ashe defeated Dick Stockton , 6 -- 3 , 6 -- 2 .",0
"It was first successfully concluded on 26 March 2012 by a 12-year-old American , Tom Schaar .","It was successfully completed first by a 12-year-old American , Tom Schaar , on March 26 , 2012 .",1
"Sofia Ulrika Liljegren , married surname `` Uttini '' , ( 1765 -- December 6 , 1795 ) , was a Swedish-Finnish soprano .","Ulrika Liljegren , Sofia , married , surname `` Uttini '' , ( 1765 -- 6 December 1795 ) , was a Swedish - Finnish soprano .",1
"He played the Montreux Jazz Festival in Switzerland in 1981 and met John McLaughlin , Billy Cobham , who popularized him with Michael Brecker and other fusion stars .","He played the Montreux Jazz festival in Switzerland in 1981 and met Michael Brecker who introduced him to John McLaughlin , Billy Cobham and other fusion stars .",0
Two other sons were born here : Louis in 1882 and Fred in 1884 .,Here two more sons were born : 1882 Fred and 1884 Louis .,0
Codice 13 is also a compiler - magic - function of oxygene that is not a real function and is rolled up to conditional statements at compile time .,Codice 13 is also a compiler - magic - function of oxygene that is not a conditional function and is rolled back to real statements at compile time .,0
This international game is made for the Germans and the pressure of worldwide authority certainly played .,This world game is made for the Germans and has certainly played the pressure of international authority .,1
The Borcut River is a tributary of the Colnici River in Romania .,The Borcut River is a tributary of the River Colnici in Romania .,1
"From then on , `` transferable chieftains were replaced by permanent officials , '' formally appointed by the Ming court .","From then on , “ transferable chieftains ” were replaced by permanent officials , formally appointed by the Ming Court .",1
Seon is a municipality in the district of Lenzburg in the canton of Aargau in Switzerland .,"Seon is a municipality in the Aargau district of the canton of Lenzburg , Switzerland .",0
"Parmele was signed by the Cleveland Browns on August 3 , 2015 . On August 31 , 2015 , he was released by the team .","Parmele was released from the Cleveland Browns on August 3 , 2015 , and was signed by the team on 31 August 2015 .",0
"Lorenzo Giuntini married Susannah Louisa Barnett in Frome , Somerset on September 11 , 1866 and got 8 children .","Susannah Louisa Barnett married Lorenzo Giuntini on 11 September 1866 in Frome , Somerset and had 8 children .",1
"Professor Gilbert was survived by his wife , Ingrid , whom he married in 1967 , and their daughters , Michelle and Fiona .","Professor Gilbert was survived by his wife Fiona , whom he married in 1967 , and whose daughters Michelle and Ingrid survived .",0
Cory S. Sheffield described the species in 2013 and named the specific name in honor of Noam Chomsky .,"Cory S. Sheffield described the species in 2013 , naming the specific name in honor of Noam Chomsky .",1
Duff Twysden was played by Fiona Fullerton in the miniseries '' Hemingway `` in 1988 with Stacy Keach .,"In the miniseries '' Hemingway `` of 1988 with Fiona Fullerton , Duff Twysden was played by Stacy Keach .",0
"Alexandra Prince was born in Hamburg , Germany . Her father is German and her mother is Brazilian .","Alexandra Prince was born in Hamburg , her father is Brazilian and her mother German .",0
"The legend of Hallowdega is a 2010 black comedy Fantasy Mockumentary short film , directed by Terry Gilliam of a script by Aaron Bergeron .","The Legend of Hallowdega is a 2010 black comedy fantasy mockumentary short film , directed by Aaron Bergeron from a screenplay by Terry Gilliam .",0
"Rosemary Casals defeated Nancy Richey 3 -- 6 , 6 -- 1 , 7 -- 5 - 5","Rosemary Casals defeated Nancy Richey 3 -- 6 , 6 -- 1 , 7 -- 5",0
"From September 1966 to June 1967 , Cozarinsky visited New York City to visit Buenos Aires on his return to Europe .","Cozarinsky visited Europe from September 1966 to June 1967 , stopping for a visit to New York City on his return to Buenos Aires .",0
"Notes from Big Sur is an album by jazz saxophonist Lloyd recorded in July 1993 by Charles Lloyd with Bobo Stenson , Anders Jormin and Ralph Peterson .","Notes by Big Sur is an album by jazz saxophonist Lloyd , which was recorded by Charles Lloyd in July 1993 with Bobo Stenson , Anders Jormin and Ralph Peterson .",1
The name `` rigid analytic cohomology '' comes from its relation to rigid spaces .,The name `` rigid analytical cohomology '' comes from its relation to rigid spaces .,1
He frequently observed ballet performances at the Paris Opera and often attended lessons at the dance school .,He frequently attended ballet performances at the Paris Opera and often observed teaching at the dance school .,0
"In the third film , the fat lady of Elizabeth Spriggs and Dawn French is played in the first film .","In the first movie , the Fat Lady is played by Elizabeth Spriggs , in the third film by Dawn French .",0
"During 1942 , `` Whitehall '' was `` adopted '' by the national community of Cheltenham , Gloucestershire , in a Warship Week civil savings campaign .","During 1942 `` Whitehall '' was adopted by the national community of Cheltenham , Gloucestershire , in a civilian savings campaign of the warship - week `` .",1
"September 2 : CF Michael Bourn and CF Drew Stubbs activated , C. Caleb Joseph , LHP Jayson Aquino and RHP Tyler Wilson by AAA Norfolk recalled .","September 2 : CF Caleb Joseph and CF Michael Bourn activated , C Tyler Wilson , LHP Drew Stubbs and RHP Jayson Aquino recalled by AAA Norfolk .",0
"He controls Ballox the Monstroid , and battles Spider-Man and the Vision .",He battles the monstroid Ballox and controls SpiderMan and the vision .,0
The River Frasin is a tributary of the River Straja in Romania .,The Straja River is a tributary of the Frasin River in Romania .,0
"Currently it is the fifth tallest skyscraper in Central Park after QV.1 , the BankWest Tower , City Square and Perth .","It is currently the fifth highest skyscraper in Perth after QV.1 , the BankWest Tower , City Square and Central Park .",0
Thiers proposed that France continue the hostilities against Rosas .,Thiers proposed that France should continue the hostilities against Rosas .,1
"Conotalopia mustelina is a species of sea snail , a marine gastropod mollusk in the family Trochidae , the top snails .","Conotalopia mustelina is a species of sea snail , a marine gastropodemollusk in the Trochidae family , the top snails .",1
"Carlisle County , Kentucky , United States was an unincorporated community in Mississippi .","Mississippi was an unlawful community in Carlisle County , Kentucky , United States .",0
"The agency was founded in 1976 in Chicago , and it entered the New York market in 1998 and Milwaukee in 2009 .","The agency was founded in 1976 in Chicago and entered the New York market in 1998 , in Milwaukee in 2009 .",1
The 2002 National Football League season was the 27th season of the team with the Seattle Seahawks .,The 2002 season Seattle Seahawks was the 27th season of the team with the National Football League .,0
Kevin Spacey ( Henry Drummond ) and David Troughton ( Matthew Harrison Brady ) played in a revival at Old Vic in London in 2009 .,Matthew Matthew Harrison Brady ( Henry Drummond ) and David Troughton ( Kevin Spacey ) played in a revival at The Old Vic in London in 2009 .,0
The Rotunda River is a tributary of the Purul River in Romania .,The Rotunda River is a tributary of the River Purul in Romania .,1
It has developed an open and thoroughly evaluated trusted execution environment ( TEE ) ecosystem with accredited laboratories and evaluated products .,It has developed an open and thoroughly evaluated TEE - Ecosystem ( Trusted Execution Environment ) with accredited laboratories and rated products .,1
"Stukley had given hostile , but not necessarily false , evidence against Raleigh .","Stukley had provided false evidence against Raleigh , but not necessarily hostile .",0
"The population is concentrated in the Andean highlands and along the Caribbean coast , also the population densities are generally higher in the Andean region .","The population is concentrated in the Andean highlands and along the Caribbean coast , and the population densities in the Andean region are usually higher .",1
"Use of Awakening drains the colors from surrounding objects and the less colorful an object is , the more difficult it is to apply Awakening to it .","The use of awakening drains the colors from the surrounding objects , and the less colorful an object is , the harder it is to apply awakening to it .",1
"The 10 Espadas are numbered 0-9 , 0 being the strongest and 9 the weakest .","The 10 Espadas are numbered 0-9 , 0 is the weakest and 9 the strongest .",0
"She lives in Bandra , Mumbai , and has a son Aditya Bhattacharya , film director , and two daughters , Chimmu and Anwesha Arya , a writer .","She lives in Bandra , Mumbai , and has a son , Anwesha Arya , director , and two daughters , Chimmu and Aditya Bhattacharya , a writer .",0
He remained in Germany for three years before moving back to Japan with his family .,He stayed in Germany for three years before moving back with his family to Japan .,1
"7 -- 6 , 7 -- 6 defeated Arnaud Boetsch","Marc Rosset defeated Arnaud Boetsch 7 -- 6 , 7 -- 6",1
It is part of the James River watershed over the Bush River and the Appomattox River .,"Via the Appomattox River and the Bush River , it is part of the James River watershed .",1
"The following is a table of the nominative case of the singular and plural second person in many languages , including their respectful variants ( if exists ) :","The following is a table of the nominative case of the respectful person in many languages , including their singular and plural - second variants ( if present ) :",0
"Count Johann II was arrested for two years , Rapperswil and its castle were destroyed by the Zürich troops , and Brun 's opponents executed or banned .","Count Johann II was executed or banned for two years , Rapperswil and its castle were destroyed by the Zurich troops and arrested of Brun 's opponents .",0
Morse replaced Kelly Nestor in March 2006 .,"In March 2006 , Kelly Morse replaced Kelly Nestor .",1
"This article incorporates information translated from the article ( `` Usuki-shi '' ) in the Japanese Wikipedia , retrieved before September 28 , 2011 .","This article contains information from the article ( `` Usuki-shi '' ) in Japanese Wikipedia , translated before the 28 September 2011 .",0
"The couple had their first child , Schalk Jr , in August 2012 , and their second son Nicol was born in March 2014 .","The couple had their first child in August 2012 , Nicol , and in March 2014 their second son Shalk Jr. was born .",0
"Julio Peralta and Horacio Zeballos won the title , defeating Sergio Galdós and Luis David Martínez at 6 : 2 , 6 : 2 in the final .","Sergio Galdós and Luis David Martínez won the title and defeated Julio Peralta and Horacio Zeballos with 6 -- 2 , 6 -- 2 in the final .",0
"According to the United States Census Bureau , Harmony Township has a total area of , of which is land and , or 5.21 % , is water .","According to the United States Census Bureau , Harmony Township is a total area of which is land and , or 5.21 % , has water .",1
"For example , the National Civic League ( originally the National Municipal League ) promotes effective local government management .","For example , the National Municipal League ( originally the National Civic League ) promotes an effective management of the local government .",0
The latter study remains one of the few prospective demonstrations that environmental stress is associated with hypertension and LVH .,The latter study is one of the few prospective demonstrations that remains associated with high blood pressure and LVH environmental stress .,1
The lyrics were first written by Taupin and John later composed the music .,The texts were first written by Taupin and John composed the music later .,1
Steve Davis won 9 -- 8 against Terry Griffiths in the finals .,Terry Griffiths won in the final 9 -- 8 against Steve Davis .,0
The remaining line from Point Reyes Station to Monte Rio was dismantled in 1930 .,The remaining line from Monte Rio to the Point Reyes station was dismantled in 1930 .,0
"-- Light , camera ... Cut ! -Kid wants to win a contest , so he counts on Big Bang and Horace to help him .","2 . Lights , Camera ... Cut ! -Kid wants to win a contest , so he counts on Big Bang and Horace to help him .",1
"Formal education in Sheffield , a city in England , takes place at the city ’ s two universities , at 141 primary schools and 28 secondary schools .","Formal education in England , a city in Sheffield , takes place at the city 's two universities , at 141 primary schools and 28 secondary schools .",0
The popular armed forces for the liberation of Angola ( FAPLA ) and Cuban troops took the city on 1 February 1976 during the Angolan civil war .,The People 's Army for the Liberation of Angola ( FAPLA ) and Angolan troops took the city on 1 February 1976 during the Cuban civil war .,0
"Columbus is three miles north of Columbus Municipal Airport , in Bartholomew County , Indiana .","Columbus Municipal Airport is three miles north of Columbus , in Bartholomew County , Indiana , United States .",0
The FAA and ICAO are working on a Sonic Boom standard to enable supersonic flights overland .,The ICAO and the FAA are working on a sonic boom standard to allow supersonic flights overland .,1
"Holtwood , Pennsylvania is a village in the Martic Township , Lancaster County , in the US state of Pennsylvania .","Holtwood , Martic Township , Lancaster County is a village in Pennsylvania , in the U.S. state of Pennsylvania .",0
Pennsauken Township is located in the 6th Congressional District and is part of New Jersey 's 1st state legislative district .,Pennsauken Township is located on the 1st Congressional District and is part of the 6th State Legislative District in New Jersey .,0
Small Business Saturday UK began in the United Kingdom in 2013 after the success of Small Business Saturday in the United States of America .,The United Kingdom began in 2013 after the success of Small Business Saturday in the United States of America in the UK .,0
"The series was co-written by John Misto and was produced by Misto , Graeme Koetsveld and Ray Kolle .","The series was created by John Misto and co-written by Misto , Graeme Koetsveld and Ray Kolle",0
"When the fruit is ripe , it appears orange-brown and tastes sweet .",When ripe the fruit appears orange-brown and tastes sweet .,1
"In 1851 , New York and Erie Railroad completed its line between Piermont and Dunkirk , New York via Hornell and Salamanca .","The New York and Erie Railroad completed its line between Hornell and Dunkirk , New York via Piermont and Salamanca in 1851 .",0
"She married Eero on June 10 , 1939 , and they had two children : Susan Saarinen , born 1942 , and Eric Saarinen , born 1945 .","She married Eero on June 10 , 1939 and had two children : Susan Saarinen , born in 1942 , and Eric Saarinen , born in 1945 .",1
"Following the actual invasions of the seventh century , the original Christians from Muslim Azerbaijan have nearly disappeared .",After the Muslim invasions of the seventh century the original Christians have nearly disappeared from actual Azerbaijan .,0
"On August 17 , 1599 , Elizabeth married Knightley Samuel Luke , daughter of Sir Valentine Knightley and Anne Unton , and her son Luke was an MP .","Elizabeth Knightley married Samuel Luke , daughter of Sir Valentine Knightley and Anne Unton on 17 August 1599 . Their son Luke was also an MP .",0
The remixes for the song were made by Gloria Estefan ’ s personal remixer Pablo Flores and by Tommy Musto .,The remixes for the song were made by Pablo Flores 's personal remixer Tommy Musto and by Gloria Estefan .,0
"A copy of the letter reached Montpellier by Toulouse on April 10 , 1562 .","A copy of the letter reached Montpellier by way of Toulouse on April 10 , 1562 .",1
"He owned a collection of 190 paintings , nine by Frans van Mieris and eleven by Gerard Dou , highly appreciated and expensive painters in the 17th century .","He owned a collection of 190 paintings , nine by Frans van Mieris and eleven by Gerard Dou , in the 17th century highly valued and pricey painters .",1
Fallout 3 is an action role-playing game open world video game developed by Bethesda Game Studios and published by Bethesda Softworks .,Fallout 3 is an action role-playing game - Open - World - a videogame developed by Bethesda Softworks and published by Bethesda Game Studios .,0
"The city of Cortland , near the western border of the county , is surrounded by the town of Cortlandville .","The city of Cortland , close to the western border of the county , is surrounded by the town of Cortlandville .",1
"The district 's linguistic makeup is 94.94 % Finnish , and 5.06 % Swedish .",The district 's linguistic composition is 94.94 % Swedish and 5.06 % Finnish .,0
"In the 2015 documentary film `` The Gettysburg Address '' , Ed Asner is portrayed by actor Edward Everett .","In the documentary `` The Gettysburg Address '' of 2015 , Ed Asner is portrayed by the actor Edward Everett .",1
"`` Jamestown '' was decommissioned on December 19 , 1969 and was scrapped in May 1970 .",`` Jamestown '' was decommissioned 19 December 1969 and scrapped in May 1970 .,1
"It consists of two parts , Zemendorf and Stöttera , which are both upstream from Pöttelsdorf and downstream from Antau on the Wulka .","It consists of two parts , Zemendorf and Stöttera , both of which lie on the River Wulka downstream from Pöttelsdorf and upstream from Antau .",0
The modern Oval Office was built in 1933 by President Franklin D. Roosevelt and the old one was demolished .,"President Franklin D. Roosevelt demolished the old Oval Office in 1933 , and built the modern one .",0
The Purdue University football team in 1981 represented Purdue Boilermakers during the 1981 football season of the big ten conference .,The Purdue Boilermakers football team from 1981 represented Purdue University during the Big Ten Conference 's football season in 1981 .,0
Konrad Adenauer was painted 1963 by Hans Jürgen Kallmann .,1963 Hans Jürgen Kallmann was painted by Konrad Adenauer .,0
"Mhasad is a village in the Palghar region of Maharashtra , India . It is located in Dahanu Taluka .","Mhasad is a village in the Dahanu district of Maharashtra , India . It is located in the Palghar taluka .",0
"In 1979 , she fled to West Germany by flying with a false West German passport from Munich to Budapest .",In 1979 she fled to West Germany by boarding a plane from Munich to Budapest with a false West German passport .,1
The 2002 FedEx Express season was the first season of the franchise in the Philippine Basketball Association ( PBA ) .,The PBA season 2002 was the first franchise season in the Philippine Basketball Association ( FedEx Express ) .,0
"We believe that Jesus Christ was born of the Holy Ghost and received by the Virgin Mary , and is true God and true man .",We believe that Jesus Christ was born by the Holy Spirit and conceived of the Virgin Mary and is true God and true man .,1
"In Brazil , the brand IPHONE was registered in 2000 by the company then called Gradiente Eletrônica S.A. , now IGB Eletrônica S.A .","In Brazil the brand IPHONE was in 2000 by the then company Gradiente Eletrônica S.A. , now IGB Eletrônica S.A .",1
The weather in winter is moderately cold and warm in summer .,"The weather is moderately warm in winter , cold in summer .",0
"In the 1983 American television biopic `` Dempsey '' , Victoria Tennant was portrayed by British actress Estelle Taylor .","In the American television biopia `` Dempsey '' , 1983 , Estelle Taylor was portrayed by the British actress Victoria Tennant .",0
"Although its conjugatic acid is highly reactive , peroxynitrite is stable in basic solutions .","Although its conjugated acid is highly reactive , peroxynitrite in stable solutions is basic .",0
The specification is a method for describing teaching strategies ( educational models ) and education goals .,The specification is a method for describing teaching strategies ( educational models ) and pedagogical goals .,0
"It was for most of its time next to Naval Air Station Dallas , now known as the Grand Prairie Armed Forces Reserve Complex .","It was known for most of its time next to the Grand Prairie Armed Forces reserve complex , now known as Naval Air Station Dallas .",0
"Margaret Fleming married James von Barrochan and was succeeded by his eldest son , Alexander .","James married Margaret Fleming of Barrochan and was succeeded by Alexander , his eldest son .",0
The first meeting of the BBU 1932 in Chicago was the final meeting of the GARBC .,The last meeting of the BBU 1932 in Chicago was the first meeting of the GARBC .,0
"Nescopeck Creek 's water is the hardest water in the Stony Creek watershed , with a concentration of over 100 milligrams per liter of dissolved minerals .","Stony Creek water is the hardest water in the Nescopeck Creek watershed , with a concentration of more than 100 milligrams of dissolved minerals per liter .",0
"The smaller one of the two boats carries up to 24 cars , the larger 18 cars .","The larger of the two boats carries up to 24 cars , whilst the smaller one carries 18 cars .",0
"She was born in Da Lat in 1963 , son of a French father and a Vietnamese mother .","It was born in Da Lat in 1963 , to a Vietnamese father and a French mother .",0
"Born in Oak Park , Illinois , Wagenknecht grew up and went to school in Chicago .","Wagenknecht , born in Chicago , grew up and went to school at Oak Park , Illinois .",0
The Stiniș River is a tributary of the Olt River in Romania .,The Stini - River is a tributary of the Olt river in Romania .,1
"Franz Franz Osten was a successful social film from Bombay Talkies , directed by Kishore Sahu , who played in his debut film with Devika Rani and Mumtaz Ali Jeevan Prabhat .",Franz Osten was a successful social film from Bombay Talkies directed by Kishore Sahu . It starred Jeevan Prabhat in his debut film with Devika Rani and Mumtaz Ali .,1
"He died on 23 April 1881 in Long Island , New York ( today Elmhurst Station ) , Flushing , Newtown .","He died on 23 April 1881 in Newtown ( today Elmhurst Station ) , Flushing , Long Island , New York .",0
"The white-spotted fantail , ( `` R. albogularis '' ) until recently was considered a subspecies .",The white-stained fantail ( `` R. albogularis '' ) was until recently considered a subspecies .,1
Waye played his earliest football in Willunga and Renmark before arriving in Adelaide and participating in the Port Adelaide Church Association .,"Waye played his earliest football in Willunga and Renmark , before arriving in Adelaide and competing in the Port Adelaide Church Association .",1
Thus the following ( strong ) maximal ideal theorem ( MIT ) for Boolean algebras is equivalent to BPI :,The following ( strong ) Boolean Theorem ( MIT ) for maximum ideal algebras is thus equivalent to BPI :,0
The music was composed by M. K. Arjunan and the lyrics by KH Khan Sahib and Kanam EJ were written .,The music was composed by M. K. Arjunan and lyrics was written by KH Khan Sahib and Kanam EJ .,1
The inbound logistics follows as details the freight - audit process .,Inbound logistics details the freight audit process as follows :,0
"Teversall Manor is a former railway station in Mansfield on the Derbyshire border west of Teversal , Nottinghamshire .","Teversall Manor is a former station in Mansfield on the Derbyshire border west of Teversal , Nottinghamshire .",1
"The second segment was built in 1929 , and the third segment through Peters Corners was completed in 1930 .","The second segment was built in 1929 , the third segment was completed by Peters Corners in 1930 .",1
A KWL chart can be used for all subjects in a whole group or small group atmosphere .,A KWL chart can be used for all subjects in a small group or in a whole group atmosphere .,1
"Paul Conn wrote his autobiography with Jack , `` Eckerd : Finding the Right Prescription '' in 1987 .","Jack wrote his autobiography in 1987 with Paul Conn , `` Eckerd : Finding the Right Prescription .",0
Airport Road is assigned to the CR 183 which links NY 17B and NY 55 to Sullivan County International Airport .,"CR 183 is assigned to Sullivan County International Airport , which connects NY 17B and NY 55 to Airport Road .",0
"In 1997 , 27.4 % of the population were overweight and 14.4 % were obese , the obesity rate was twice as high in rural areas as in urban areas .","In 1997 , 27.4 % of the population was overweight and 14.4 % were obese . Obesity rates were twice as high in urban areas than in rural areas .",0
"It was first recorded in November 1961 by Irma Thomas , and produced by Allen Toussaint .",It was first admitted by Irma Thomas in November 1961 and produced by Allen Toussaint .,1
"In return , Grimoald granted him his daughter in marriage and gave him the duchy of Spoleto after the death of Atto .","In return , Grimoald granted him his daughter in marriage and , after the death of Atto , gave him the duchy of Spoleto .",1
He replaced Peter Gaussen as Governor and was succeeded by James Sperling .,He dissolved Peter Gaussen as Governor and was replaced by James Sperling .,1
"From 1516 , the Mundy family had the manor house of Allestree until Thomas Evans sold it to Francis Noel Clarke Mundy in 1781 .","From 1516 , the Mundy family had the manor of Allestree until Francis Noel Clarke Mundy sold it to Thomas Evans in 1781 .",0
"Specifically , p63 is expressed within embryonic ectodermal keratinocytes and the early ridge during development .","Specifically , p63 is expressed within the early keratinocytes and embryonic ectodermal ridge during development .",0
"Most white horses , however , have pink skin and some have blue eyes .","However , most pink horses have white skin and some have blue eyes .",0
Brian Meehan fled with Traynor ( who later fled to Amsterdam ) to Portugal .,Brian Meehan fled with Traynor to Amsterdam ( who later fled to Portugal ) .,0
"Hernon was born in New Bedford , Massachusetts , and died in New Bedford . He is buried in St. Mary Cemetery in East Bridgewater , Massachusetts .","Hernon was born in New Bedford , Massachusetts , died in New Bedford , and is buried at St. Mary 's Cemetery in East Bridgewater , Massachusetts .",1
"In 2000 , Tandy Corporation officially became the RadioShack Corporation .","In 2000 , the RadioShack Corporation became officially the Tandy Corporation .",0
"Thomas Johansson won against Renzo Furlan in the finals with 6 -- 3 , 6 -- 4 .","Renzo Furlan won 6 -- 3 , 6 -- 4 against Thomas Johansson in the finals .",0
"D. To foster and develop the intellectual and moral life of Catholic students through religious education , cultural activity and social participation .","D. The intellectual and moral life of Catholic students through religious education , cultural activities and social participation to promote and develop .",1
"St Quentin was widowed , and in 1825 he and Rowden married .","Quentin was widowed , and in 1825 he and Rowden married .",1
The final product was marketed in North America as '' UFO : Enemy Unknown `` and in Europe and Australia as '' X-COM : UFO Defense '' .,The finished product was marketed as `` UFO : Enemy Unknown '' in Europe and Australia and as `` X-COM : UFO Defense '' in North America .,0
"In 2015 , Kim was twice selected for the Korean national team , and became the first man since 1985 to win the World Archery Championships again .","In 2015 , Kim was once again chosen for the Korean national team , and became the first man since 1985 to win twice the World Archery Championship .",0
There are a considerable number of nurses from the Anglophone Caribbean who work in the United Kingdom and an even greater number in the United States .,There are a substantial number of nurses from the Anglophone Caribbean working in the United States and an even greater number in the United Kingdom .,0
"Agnes Milowka ( 23 December 1981 - 27 February 2011 ) was an Australian technical diver , underwater photographer , writer , maritime archaeologist and cave explorer .","Agnes Milowka ( 23 December 1981 - 27 February 2011 ) was an underwater diver , Australian technical photographer , author , maritime archaeologist and cave explorer .",0
"Shawn told Shawn that his mother was not dead and his father was still married and on the day of the wedding of Colleen and Santo , Shawn told Colleen .","Shawn told Shawn that his mother was not married and his father was still dead and on the day of Colleen 's wedding , Stefano told Colleen and Santo .",0
The station was opened on 1 May 1934 on the Stranorlar line from Strabane to Finn Valley Railway .,The station opened on 1 May 1934 on the Finn Valley Railway line from Strabane to Stranorlar .,0
The Greek census of 1951 counted a total of 127 Muslim Albanian Chams in Epirus .,The Muslim - Albanian census of 1951 in Epirus included a total of 127 Greek chams .,0
In 1987 Fallahian was appointed by Ruhollah Khomeini as chief prosecutor of the Special Court for the Clergy and led the trial against Mehdi Hashemi .,"In 1987 , Fallahian was appointed Chief Public Prosecutor of the Special Court for the Clergy by Ruhollah Khomeini , and led the trial of Mehdi Hashemi .",1
"Rakhal Chandra Ghosh ( 1863 -- 1922 ) , whose original name was Swami Brahmananda , was son of a zamindar in the Basirhat area .","Rakhal Chandra Ghosh ( 1863 -- 1922 ) , whose original name was Swami Brahmananda , was the son of a Zamindar in the Basirhat .",1
"Chabrian Jattan is a village in the Mirpur Tehsil of Mirpur District of Azad Kashmir , Pakistan .","Chabrian Jattan is a village in Mirpur Tehsil of the Mirpur District of Azad Kashmir , Pakistan .",1
Cranoe is a small village and civil community in the Harborough Leicestershire district of England .,"Cranoe is a civil village and small municipality in the district of Harborough of Leicestershire , England .",0
A common condition is established for its subsequent use in the law .,A condition common is noted for its subsequent use in the law .,1
The Trust also manages corporate sites on behalf of other bodies on the Wrexham Industrial Estate,The Trust also manages corporate sites on behalf of other organizations on Wrexham Industrial Estate,1
"The four wives of Mundal Ji had Khemi , Toli , Thukri and Santokhi named a son Seuram Ji and a daughter .","The four women of Mundal Ji had named Khemi , Toli , Thukri , and Santokhi a son called Seuram Ji and a daughter .",1
The river Cărbunele or Rădocheasa River is a tributary of the Rădoteasa River in Romania .,The Rădoteasa or Rădocheasa river is a tributary of the River Cărbunele in Romania .,0
The 1990 Philadelphia Wings season marked the second season of the team operation and fourth championship .,The 1990 Philadelphia Wings season marked the fourth season of the team operation and second championship .,0
"Ricardo Lingan Baccay was ordained priest by Diosdado Aenlle Talamayan on April 10 , 1987 .","Diosdado Aenlle Talamayan was ordained a priest on April 10 , 1987 by Ricardo Lingan Baccay .",0
"The neighborhood also has two commuter train stations , the Long Island Rail Road railway stations of Forest Hills and the Kew Gardens .","The neighborhood also has two commuter train stations , the Long Island Rail Road railway stations of the Forest Hills and Kew Gardens .",1
"According to Bryan , Muftić was `` a true scientist in every way ( who ) always looked for physical and chemical explanations of psychological problems .","According to Bryan , Muftić was , in every respect , a true scientist who always looked for physical and chemical explanations for psychological problems .",1
"As a superintendent of the police , he served in Dharmapuri from 1982 to 1983 , and from 1983 to 1985 in Salem .","As Superintendent of Police , he served in Dharmapuri from 1982 to 1983 and Salem from 1983 to 1985 .",1
"Glenn Jones replaced Hart in the band in 1996 and played guitar , while Eric Midkiff moved to bass .","In 1996 , Eric Midkiff replaced Glenn Jones in the band and played guitar , while Hart switched to the bass .",0
"He also played alongside Snookum Russell , Wallace Davenport , Juni Gardner , Nick Gagliardi , Milton Ziedrich and occasionally Al Hirt .","He also played alongside Snookum Russell , Wallace Davenport , June Gardner , Nick Gagliardi , Milton Ziedrich , and occasionally Al Hirt .",1
"Funimation released the series in North America and licensed the first Blu-ray and DVD set on January 23 , 2018 .","On 23 January 2018 , Funimation released the series in North America and licensed the first Blu - ray and DVD set .",1
"Bengidzakiwe is a local song sung in traditional ceremonies in Swaziland , which became a local hit in 2007 .","Mine Bengidzakiwe is a native song sung in traditional ceremonies in Swaziland , which became a local hit in 2007 .",1
The `` medal '' for the golden classes are the 6th and 7th bronze .,The `` medal '' for the 6th and 7th classes are golden bronze .,0
"The 2013 Texas A 'M Aggies Football Team represented Texas A ' M University in the NCAA Division I FBS Football - Season 2013 , where they played their home games at Kyle Field .",The football team of Texas A 'M University from 2013 represented Texas A ' M Aggies in the FBS season of NCAA Division I . They played their home games at Kyle Field .,0
Alabama beat South Carolina 29-0 and moved into the Top Five as Wisconsin .,# 8 Alabama beat South Carolina 29-0 and dropped into the Top Five as Wisconsin moved out .,0
Brayshaw began his career and ended his career with Claremont Football Club in the West Australian Football League .,Brayshaw finished his career and began with his Club Claremont in the West Australian Football League .,0
"Also , there is a promising and more faithful remake called `` Xenonauts '' . ``",There is also a faithful and more promising reprint called `` Xenonauts '' .,0
"Ulpio Minucci ( June 29 , 1917 -- March 9 , 2007 ) was an Italian - born American composer and musician .","Ulpio Minucci ( June 29 , 1917 -- March 9 , 2007 ) was an Italian-born American composer and musician .",1
"Born in London for John May , superintendent of a department of the Metropolitan Police , himself , May himself joined the force and left England in 1845 to Hong Kong .","Born in Hong Kong to John May , Superintendent of A Division of the Metropolitan Police . May himself joined the force and left England in 1845 for London .",0
"Its villages include Dry Tavern , Normal Square ( also in the West Penn Township , Schuylkill County ) , New Mahoning , Jamestown , Mahoning Valley , and Packerton .","Its villages include Dry Tavern , Jamestown , Mahoning Valley ( also in West Penn Township , Schuylkill County ) , New Mahoning , Normal Square , and Packerton .",0
"In the 2012 NFL Draft , Posey was selected by the Houston Texans in the 68th round ( third overall ) .","In the NFL Draft 2012 , Posey was selected by Houston Texans in the 68th round ( third total ) .",1
"Although five issues of the series were printed , the project was finished without any of them being cancelled .","Although five issues of the series were printed , the project was completed without any of them being cancelled .",1
"Planned are new exhibitions in Southend ( 2016 ) , Bow ( 2017 ) and Southampton ( 2017 ) .","New exhibitions are planned in Southampton ( 2016 ) , Bow ( 2017 ) and Southend ( 2017 ) .",0
"Kyparissia ( Latin : Ciparissia ) is a village , former diocese and present Latin Catholic titular seen in southwestern Arcadia , Peloponnese peninsula of continental Greece .","Kyparissia ( Latin Ciparissia ) is a village , continental bishopric and present Latin Catholic titular see in former Arcadia , Peloponnese peninsula of southwestern Greece .",0
Adoum was Pablo Neruda 's personal secretary for nearly two years in Chile .,"For almost two years , Pablo Neruda was Adoum 's personal secretary in Chile .",0
"In 1919 , however , no operational awards would be made for the recently concluded war .","However , in 1919 , decreed that no more operational awards would be made for the recently concluded war .",1
"Hyogo Prefecture is located in the southeast of Mukogawa River , with the Ina River east and the Itami City west .","Itami City is located in the southeast of Hyogo Prefecture , with the Ina river to the east and the Mukogawa River to the west .",0
The secure system is based on the remote mechanism of the ONC First Procedure Call System developed in SunOS .,The first system is based on a secure mechanism of the ONC remote procedure call system developed in SunOS .,0
"At the Larne general elections in 1929 , Pringle stood as a local option candidate in Northern Ireland , but was not elected .","At the Larne general election , 1929 , Pringle stood as a Local Option candidate in Northern Ireland , but was not elected .",1
"Today it is an internationally recognised artistic and educational institution with developed departments , academic degrees , artistic and scientific activities .","Today it is an internationally recognized artistic and educational institution with academic departments , developed degrees , artistic and scientific activities .",0
"La Tempestad ( International Translation : The Storm , called by Univision the Storm ) is a 2013 Mexican telenovela produced by Salvador Mejía Alejandre for Televisa .","La tempestad ( International translation : The Tempest , dubbed The Storm by Televisa ) is a 2013 Mexican telenovela produced by Salvador Mejía Alejandre for Univision .",0
"The Trevi Fountain is a well in the Trevi district in Rome , Italy , designed by Italian architect Pietro Bracci and completed by Nicola Salvi .","The Trevi Fountain is a fountain in the Trevi district in Rome , Italy , designed by Italian architect Nicola Salvi and completed by Pietro Bracci .",0
"In March 1298 , he received Mongolian official recognition as the ruler of Burma .",He received Mongol official recognition as the ruler of Burma in March 1298 .,1
Chief Arthur V. Watkins wrote Utah Senator Pabawena in 1949 to report :,"In 1949 , Pabawena wrote to Utah Senator Arthur V. Watkins to report :",0
Also other studies were submitted to the Congress by the Federal Power Commission and Power Authority of New York .,Other studies have also been submitted to the Federal Power Commission by the Congress and the Power Authority of New York .,0
"Bethlehem then passed through the control of the Islamic caliphates of the Umayyads in the 8th century , then the Abbasids in the 9th century .","In the 8th century Bethlehem went through control of the Islamic caliphates of the Umayyads , then in the 9th century the Abbasids .",1
A multi-image filter is an electronic filter consisting of composite image filter sections of two or more different types .,A multiple image filter is an electronic filter consisting of composite image filter sections of two or more different types .,1
He was the son of Shmuel Binyamin Sofer ( `` Moses Sofer '' ) and grandson of Ksav Sofer ( the `` Chasam Sofer '' ) .,He was the son of Shmuel Binyamin Sofer ( `` Moses Sofer '' ) and grandson of Ksav Sofer ( `` Chasam Sofer '' ) .,1
"With Esmeralda 's help , a frozen Quasimodo announced Mavis 's true nature during Johnny'celebration where the Fly translated his frozen language .","A frozen quasimodo announced with Esmeralda 's help Johnny 's true nature during the celebration of Mavis , where the fly translated his frozen language .",0
"In April 2013 , when the merger of Air Italy was completed , Meridiana Fly returned to its former , shorter name `` Meridiana '' .","In April 2013 , when the Air Italy merger was completed , Meridiana returned to its former , shorter name , `` Meridiana Fly '' .",0
A pneumatic chain saw driven by an air hose from a conventional external compressor is under development .,A conventional external chain saw driven by an air hose from a pneumatic compressor is currently under development .,0
"Baby Boom is a romantic comedy orchestrated by Nancy Meyers in 1987 , produced by Charles Shyer and Shyer and written by Meyers and Bruce A .","Baby Boom is a 1987 romantic comedy directed by Charles Shyer , written by Nancy Meyers and Shyer , produced by Meyers and Bruce A .",0
"Due to the results in the previous round , Gianni Morbidelli received + 30 kg , Jordi Gené + 20 kg and Andrea Belicchi + 10 kg .","Due to the results obtained in the previous round , Gianni Morbidelli received + 30 kg , Jordi Gené + 20 kg and Andrea Belicchi + 10 kg .",1
The United States Postal Service operates the Bell Post Office at 6327 Otis Avenue and Bandini Station Post Office at 5555 Bandini Boulevard .,The United States Postal Service operates the Bell Post Office at 6327 Otis Avenue and the Bandini Boulevard Post Office at 5555 Bandini Station .,0
"Some southern states , such as Chu and Wu , claimed independence from the Zhou , who undertook wars against some of them ( Wu and Yue ) .","Some southern states , such as Zhou and Wu , claimed independence from the Chu who led to wars against some of them ( Wu and Yue ) .",0
"Anabel Medina Garrigues and Virginia Ruano Pascual won in the final 6 -- 2 , 6 -- 4 , against Eleni Daniilidou and Jasmin Wöhr .","Eleni Daniilidou and Jasmin Wöhr won against Anabel Medina Garrigues and Virginia Ruano Pascual in the Finals 6 : 2 , 6 : 4 .",0
"The city is situated on the main road between Mogadishu and Jilib , near Barawa and about 80 kilometers northeast of Kismayo .","The city is situated on the main road between Mogadishu and Kismayo , near Barawa and about 50 miles northeast of Jilib .",0
Riverside is located in the 7th Congressional District and is part of the 3rd state of New Jersey 's Legislative District .,Riverside is located in the 3rd Congressional District and is part of the 7th State Legislative District of New Jersey .,0
It was directed by Joanna Lipper and produced by Nicholas Paleologos .,It was led by Joanna Lipper and produced by Nicholas Paleologos .,1
Qtractor intends to provide a digital audio workstation software that is powerful enough for the average home user and yet simple enough for the professional user .,Qtractor intends to provide a digital audio workstation software that is simple enough for the average home user and yet powerful enough for the professional user .,0
"Madison was platted out and sold in 1810 , and the first lots were laid in 1811 by John Paul .","In 1810 , Madison was dealt and sold , and the first lots were laid in 1811 by John Paul .",1
"Although developed in Singapore , it is commercially used mainly in Europe .","Although being developed in Europe , it is mainly used commercially in Singapore .",0
"Its villages include Dry Tavern , Normal Square ( also located in West Penn Township , Schuylkill County ) , New Mahoning , Jamestown , Mahoning Valley , and Packerton .","Its villages include Dry Tavern , Normal Square ( also in West Penn Township , Schuylkill County ) , New Mahoning , Jamestown , Mahoning Valley , and Packerton .",1
"In January 2006 , he involved in David Di Michele transfer , which seen Santoni , Simone Pepe and Salvatore Masiello went to Udinese Calcio in co-ownership deal .","In January 2006 , he participated in David Di Michele Transfer , which went to Santoni , Simone Pepe and Salvatore Masiello in Udinese Calcio in the Co-Ownership Deal .",1
"At the AFL session the next day , Tobin was forced to defend Beck 's actions .","At the next day 's AFL meeting , Beck was forced to defend Tobin 's actions .",0
"Charles , Edwin and James , all served in the US Army .","Everyone , James , Edwin and Charles , all served in the US army .",1
Red Bank is located on the 4th Congressional District and is part of the 11th State Legislative District in New Jersey .,Red Bank is located in the 11th Congressional District and is part of the 4th State Legislative District of New Jersey .,0
"On 5 July 1846 he married Elisabeth Klein ( 1828 -- 1899 ) , daughter of the composer Friedrich Nicolai and great-grandmother of Bernhard Klein .","On 5 July 1846 , he married Elisabeth Klein , ( 1828 -- 1899 ) , daughter of the composer Bernhard Klein and great-granddaughter of Friedrich Nicolai .",0
"An aggressive and energetic entrepreneur , he created a fortune ( which he lost ) and founded the Crosbie - dynasty .","An aggressive and energetic entrepreneur , he created a fortune ( which he lost ) and started the Crosbie dynasty .",1
"The network previously repeated a translator in Waterbury , W12BH ( channel 12 ) , which directly operated WEDY .","The network previously run a translator in Waterbury , W12BH ( Channel 12 ) , which repeated WEDY directly .",0
"If a forward error correction code is used , the spectral efficiency is reduced from the unencoded modulation efficiency .","If a spectral error correction code is used , the forward efficiency is reduced by the uncoded modulation efficiency .",0
"Big Sur 's album Notes is an album by jazz saxophonist Charles Lloyd , which was recorded by Lloyd with Bobo Stenson , Anders Jormin and Ralph Peterson in July 1993 .","Notes from Big Sur is an album by jazz saxophonist Charles Lloyd recorded in July 1993 by Lloyd with Bobo Stenson , Anders Jormin and Ralph Peterson .",1
"In most cells , Ca channels regulate a wide variety of intracellular processes due to their role in controlling biochemical Ca concentrations .","In most cells , Ca channels regulate a multitude of biochemical processes due to their role in controlling intracellular ca concentrations .",0
Romanian nationalism promotes the nationalism which asserts that Romanians are a nation and is the cultural unity of Romanians .,"Nationalism is nationalism , which claims that the Romanians are a nation and promotes the cultural unity of Romanians .",0
Stanley Graham ( baptized Eric Stanley George Graham ) ( 12 November 1900 -- 21 October 1941 ) was a New Zealander who killed seven people .,Stanley Graham ( baptized Eric Stanley George Graham ) ( 12 November 1900 - 21 October 1941 ) was a New Zealander who killed seven people .,1
"Until 1971 , the Southern Pacific Railroad operated from its Third and Townsend depots public trains to San Jose and long distance trains to Los Angeles .","Until 1971 , the Southern Pacific Railroad operated from its Third and Townsend depots private trains to Los Angeles and long distance trains to San Jose .",0
In January 1967 Daltoni won the first place at Belgrade 's second Guitar festival .,"In January 1967 , Daltoni won first place at the second Belgrade Guitar Festival .",1
With these and other men he continued in the following five years to complete the harrying of the north and conduct the Norman conquest of England .,With these and other men he went on in the five succeeding years to conduct the Harrying of the North and complete the Norman conquest of England .,0
"Around 1890 Emily Dennison Allen Morgan ran off with Albert Allen , a stepson of Tom 's stepmother , Kate .","Around 1890 Kate ran with Albert Allen , a stepson of Tom 's stepmother , Emily Dennison Allen Morgan .",0
"In 2002 , the American-born scholar Kwame Ture Molefi listed Kete Asante as one of his 100 greatest African-Americans .","In 2002 , the American-born scholar Kwame Ture listed Molefi Kete Asante as one of his 100 Greatest African-Americans .",1
"However , on July 17 , 2006 , in a radio interview with López Obrador on `` Radio UNAM '' , Miguel Ángel Granados Chapa said :","On 17 July 2006 , López Obrador said in a radio interview with Miguel Ángel Granados Chapa about `` Radio UNAM '' :",0
"It was directed by Paul Krasny , written by Nancy Steen and Neil Thompson , and produced by Robert K. Weiss .","Directed by Paul Krasny , written by Nancy Steen and Neil Thompson , produced by Robert K. Weiss .",1
The main international airport is the Douala International Airport and a secondary international airport at Yaoundé Nsimalen International Airport .,The main international airport is Yaoundé Nsimalen International Airport and a secondary international airport at Douala International Airport .,0
"McClain was one of the pioneers in introducing `` ragtime minstrelsy '' , which opened a wider range of styles on the eve of the vaudevillized era .","McClain was one of the pioneers in introducing `` vaudevillized minstrelsy '' , which opened up a wider range of styles on the eve of the Ragtime era .",0
She was selected in the 20th round of the 2012 WNBA Draft ( second total ) by Minnesota Lynx .,She was selected in the 20th round of the 2012 WNBA Draft ( second overall ) by the Minnesota Lynx .,1
Varshamov studied in Tbilisi under Arnold Walfisz ( where he was Georgian ) .,Varshamov was in Tbilisi with Arnold Walfisz ( where he studied Georgian ) .,0
"He moved to Macao , joined the Jesuit Order and died in 1737 as a martyr in Vietnam .","He was transferred to Vietnam , joined the Jesuit Order and died in Macau in 1737 as a martyr .",0
He was also influenced by Spanish classical music and began a lifelong love of Spanish guitar .,He was also influenced by Spanish music and began a lifelong love of classical Spanish guitar .,0
"Reidar Smestad ( 8 May 1888 -- 29 June 1962 ) was a Norwegian industrialist , the son of Carl Smestad and grandson of Jacob Olssøn Smestad .","Reidar Smestad ( May 8 , 1888 - June 29 , 1962 ) was a Norwegian industrialist , the son of Carl Smestad and grandson of Jacob Olssøn Smestad .",1
"A book by Nobuyuki Matsuhisa , `` The Japanese Foie Gras Project '' , was published in 2007 and contains a lecture by Scott Hallsworth .","A book by Scott Hallsworth , `` The Japanese Foie Gras Project '' was published in 2007 , and contains a forward by Nobuyuki Matsuhisa .",0
Warwick Smith was replaced by Hammy McMillan as skip after Draw 4 .,`` Hammy McMillan was replaced by Warwick Smith as Skip after Draw 4 Replaced,0
"Leading Creek is located along the Ohio River at the mouth of Middleport ( 38.998829 , -82.057204 ) .","is located at ( 38.998829 , -82.057204 ) along the Ohio River at the mouth of Leading Creek .",0
"In 1742 the last possession of the Genoese in the Mediterranean , the island fortress of Tabarka , was lost to Tunis .","The last possession of the Genoese in the Mediterranean , the island fortress Tabarka , was lost in Tunis in 1742 .",1
There were 5 different groups of people at EuroJam . The official border colors of their main EuroJam scarves identified them .,There were 5 main groups of people at EuroJam who were identified by the different border colors of their official EuroJam scarves .,0
Fowey Rocks Light is located seven miles southeast from Cape Florida on Key Biscayne .,Fowey Rocks Light is located seven miles southeast of Cape Florida on Key Biscayne .,1
"At the 54th International Film Festival of Locarno , his British English feature , Déjàvu `` , was premiered with international actors .",His international English feature film `` Déjàvu '' with British actors premiered at the 54th Locarno International Film Festival .,0
The Casimcea River is a tributary of the Cartal River in Romania .,The Cartal River is a tributary of the River Casimcea in Romania .,0
The plate is sometimes known as '' Turkish pizza `` or '' Armenian pizza `` .,The dish is sometimes known as `` Turkish pizza '' or `` Armenian pizza '' .,1
"The flag of Sri Lanka , was adopted for the Western Province of Western Province in 1987 .",Sri Lanka 's flag was adopted in 1987 for the Western Province of Western Province .,1
"According to the 2000 census , 36.4 % of Finnish , 10.2 % Swedish , 9.2 % were German , 7.1 % Italian and 5.4 % Scottish origin .","36.4 % were Finnish , 10.2 % Italian , 9.2 % of German , 7.1 % Swedish and 5.4 % Scottish origin according to the 2000 census .",0
Looker spent a training camp with the Rams in 2000 before being traded on 7 August with the New England Patriots .,Looker spent 2000 training camp with the Rams before being traded to the New England Patriots on August 7 .,1
"Hirasea diplomphalus is a species of small air-breathing snail , a terrestrial pulmonate gastropod mollusk in the Endodontidae family .","Hirasea diplomphalus is a species of small air-breathing land snail , a terrestrial pulmonate gastropod mollusk in the family Endodontidae .",1
The evidence was British Celtic sagas about great queens and warrior maidens .,The evidence was British Celtic sagas about great queens and warrior girls .,1
The Merovingian Kingdom of the Franks became the most powerful realm in Western Europe among all the barbarian tribes .,"Amongst all the Merovingian tribes , barbarian kingdom of the Franks became the most powerful realm in Western Europe .",0
"He and his family moved from Colorado to Wyoming to Oregon until he was about five years old when they settled in Silver Spring , Maryland .","He and his family moved from Wyoming to Colorado to Oregon until he was about 5 years old , when they settled in Silver Spring , Maryland .",0
"Margarites giganteus , common name of the giant margarite , is a species of sea snail , a marine gastropod mollusk in the Margaritidae family .","Margarites giganteus , common name of the marine margarite , is a species of sea snail , a huge gastropod mollusk in the Margaritidae family .",0
She worked on processes of solvent extraction of metal complexes and described the chemical and physical properties of chemical species in an organic solvent .,It worked on solvent extraction processes of metal complexes and described the chemical and physical properties of chemical species in an organic solvent .,1
"The following night , Delirious set aside his problems with Danielson to challenge Pearce .","The following night , Delirious set aside his problems with Pearce to challenge Danielson .",0
He then became Deputy Director of the Ayala Corporation 's Strategic Planning Group and Vice President and Chief Legal Counsel of BPI Capital Corporation .,He then became Associate Director of the Strategic Planning Group of Ayala Corporation and Vice President and Chief Legal Counsel of BPI Capital Corporation .,1
"Coelurosaurs , for example , had good stereoscopic or binocular vision , whereas large carnosaurs had poor binocular vision , comparable to that of modern alligators .","For example , coelurosaurs had poor binocular vision , while large carnosaurs had good stereoscopic or binocular vision , comparable to that of modern alligators .",0
Sjón frequently collaborates with the singer Björk and has performed with The Sugarcubes as Johnny Triumph .,Johnny Triumph often collaborates with the singer Björk and has performed as Sjón with The Sugarcubes .,0
"It runs from east to west for , serving 7 counties : Claiborne , Copiah , Hinds , Rankin , Smith , Jasper , and Clarke .","It runs from east to west for 7 counties : Claiborne , Copiah , Hinds , Rankin , Smith , Jasper and Clarke .",1
The spiritual father and main initiator of this wine school was Immanuel Dornfeld .,The main father and spiritual initiator of the wine school was Immanuel Dornfeld .,0
"In ( 5 ) the first term of the right hand side , formula _ 27 is the increment in hydrostatic energy for unit volume change due to elastic pressure .","In ( 5 ) is the first term on the right , Formula 27 , the increment of hydrostatic energy for volume change of unit due to elastic pressure .",1
"The sonata was premiered in 1919 at the Aeolian Hall , London , by Billy Reed , with Landon Ronald at the piano .","The Sonata was premiered in 1919 by Billy Reed at the Aeolian Hall in London , with Landon Ronald on the piano .",1
"On August 2 , 2011 , Reeves defeated Billy Hewes .","On August 2 , 2011 , defeated Reeves Billy Hewes .",1
"The Divisional Secretariat Mirigama is a divisional secretariat of the Western Province of Sri Lanka , the Gampaha District .","Mirigama Divisional Secretariat is a Divisional Secretariat of Gampaha District , of Western Province , Sri Lanka .",0
"The Olt River or Pârâul Sec is a tributary of the River Seaca , Romania .",The Olt River or Pârâul Sec is a tributary of the Seaca River in Romania .,1
"On February 24 , 1798 , Colonel Richard Randolph II married the grandson of John Bolling Jr. , William Bolling 's daughter Mary ( 1775 - 1863 ) .","John Bolling Jr. 's grandson , Colonel William Bolling married Richard Randolph II 's daughter , Mary ( 1775 -- 1863 ) on February 24 , 1798 .",0
"However , Aramaic remains a local language for spoken , literary , and liturgical Christians and also some Jews .","However , Aramaic remains a local language for spoken , literary and liturgical Christians and also for some Jews .",1
The Madang languages are a family of languages in New Guinea - condition of the Rai - coast .,The Rai Coast languages are a family of languages in the Madang stock of New Guinea .,0
"His current best championship result is the 4th place in the team - Dressage at the European Dressage Championships 2015 , while his current best individual result is 18th place of the 2014 Worlds .","His current best championship result is 18th place in team dressage at the 2015 European Dressage Championships , while his current best individual result is 4th place from 2014 Worlds .",0
"On November 18 , 2010 , Polumenta published his fifth studio album `` Buntovnik '' ( `` Rebel '' ) under Grand Production , his second project at the label .","On 18 November 2010 Polumenta published his second studio album `` Buntovnik '' ( Rebel ) under Grand Production , his fifth project on the label .",0
"In later years , his poems were more metaphysical and included contemporary events in `` Dominion Janana '' and the `` Samsara Rajyanga '' .",In the later years his poems were more contemporary and contain metaphysical events in `` Dominion Janana '' and `` Samsara Rajyanga '' .,0
"Victoria S. Bull ( `` Victor '' ) was introduced in 2001 as Vicki 's sister , but has been unseen for many years .","Victoria S. Bull ( `` Vicki '' ) was introduced in 2001 as Victor 'apos ; s sister , but has not been seen for many years .",0
"RVD tried to break the hold , but the flair rolled into the ropes to reverse the hold .","RVD tried to reverse the hold , but the flair rolled into the ropes to break the hold .",0
"The Nottawa River , also known as the Nottawa Creek , flows through Athens .","The Nottawa Creek , also known as Nottawa River , flows through Athens .",1
It is part of the James River watershed over the Bush River and the Appomattox River .,"Via the Appomattox River and the Bush River , it is part of the watershed of the James River .",1
"Jamil commented that Gwen is homophobic , saying that he thought that `` every Lesbian woman was a woman waiting for the right man '' .","Gwen commented that Jamil is homophobic , saying that he thought `` every lesbian woman was a woman waiting for the right man '' .",0
"The fumarate - hydratase - gene , located on the long arm of chromosome 1 ( 1q42.3-43 ) , stretches over 22 kilobases and has 10 exons .","The fumarate hydratase gene , located on the long arm of chromosome 1 ( 1q42.3-43 ) , spans 22 kilobases and has 10 exons .",1
Ida Bjørndalen replaced Linn Jørum Sulland on 30 November 2014 due to an injury .,Linn Jørum Sulland replaced Ida Bjørndalen on 30 November 2014 due to an injury .,0
Jones also served as director of the Illinois Department of Revenue and as general manager of radio station WGRT ( later WJPC ) in Chicago .,He has also served as director of the Illinois Department of Revenue and as General Manager of the WGRT ( later WJPC ) radio station in Chicago .,1
"The Siphumelele mine is one of the largest platinum mines located in the north-western part of South Africa in Rustenburg , North West .","The Siphumelele - Mine is one of the largest platinum mines in the north-western part of South Africa in Rustenburg , northwest .",1
District Viñac is one of thirty-three districts of the region Lima in Yauyos province in Peru .,Viñac District is one of thirty-three districts of the Lima Region in the Yauyos Province of Peru .,1
"On the runway , she has walked for Lacoste , Michael Kors , Valentino , Fendi , Jason Wu , Altuzarra , and Alexander Wang among others .","On the runway she went among others for Lacoste , Michael Kors , Valentino , Fendi , Alexander Wang , Altuzarra and Jason Wu .",1
"It is north of New Hempstead to the east of Harriman State Park , north of Monsey and west of Mount Ivy .","It is located north of Mount Ivy , east of Harriman State Park , north of Monsey and west of New Hempstead .",0
"Bath was served by Boston , Concord and Montreal and White Mountains ( N.H. ) Railroad in 1874 .","By 1874 , Boston , Concord and Montreal and White Mountains was served by the Bath ( N.H. ) Railroad .",0
The system required the user to first encode the standard spelling into a quasi-phonetic rendering .,The system required the user to encode the quasiphonetic spelling first into a standard rendering .,0
It has been claimed that the church was founded in the 12th century by St. Birinus and parts of the church date from the 7th century .,It has been claimed that the church was founded in the 12th century by St Birinus and parts of the church date from the 7th century .,1
"Examples of ceramics include white porcelain or white porcelain decorated with cobalt , copper red underglaze , blue underglaze and iron underglaze .","Examples of ceramics include white porcelain or white porcelain , decorated with cobalt , copper blue underglaze , red underglaze and iron glaze .",0
"The novel was read as a BBC Radio 4 Book at Bedtime by Kirsty Williams in 2008 , adapted by Toby Stephens and produced by Lu Kemp .","The novel was adapted in 2008 by Lu Kemp as BBC Radio 4 book near Bedtime , read by Toby Stephens and produced by Kirsty Williams .",0
"The 8 talukas of this district are Devgad , Kankavli , Malvan , Kudal , Sawantwadi , Vengurla and Dodamarg and Vaibhavwadi .","The 8 Talukas of this area are Devgad , Kankavli , Malvan , Kudal , Sawantwadi , Vengurla and Dodamarg and Vaibhavwadi .",1
The 119th squadron of helicopters was formed in May 1968 as part of the 48th transport helicopter regiment at Niš Airport .,The 48th helicopter squadron was founded in May 1968 as part of the 119th transport helicopter regiment at Niš Airport .,0
Ruth later reluctantly agrees that Nate can stay for a few more days .,Nate later reluctantly agrees that Ruth can stay for a few days .,0
"Foley worked with , among others , Gurf Morlix , Townes Van Zandt , Guy Schwartz , Billy Block , and Calvin Russell .","Foley collaborated with Calvin Russell , Townes Van Zandt , Gurf Morlix , Billy Block and Guy Schwartz , among others .",1
Gesine Schwan celebrated her second wedding in 2004 with the long-time companion Peter Eigen in Berlin .,"In 2004 , Peter Eigen celebrated her second wedding with longtime companion Gesine Schwan in Berlin .",0
"On 12 February 2014 , Roddy Collins signed for Derry City ￼ ￼ under Elebert .","On February 12 , 2014 , Elebert signed under Roddy Collins for Derry City .",0
"In 1993 , Aviance who was living in Florida at the time was asked to moved down to New York City by Mother Juan .","In 1993 , Aviance , who was at the time living in Florida , was asked by Mother Juan to move to New York .",1
The 500 Hispanic settlers who had lived near Los Adaes had to relocate in 1773 in San Antonio .,The 500 Hispanic settlers who had lived near Los Adaes had to resettle in San Antonio in 1773 .,1
"Since these laws were opened , many nanobreweries have changed .",Many nanobreweries have opened since these laws were changed .,0
The 2007 Ballymore Cup is the fourth edition of the expanded Ballymore Cup and eighth if the pre- 2003 Metropolitan Cup is included .,The Ballymore Cup 2007 is the eighth edition of the expanded Ballymore Cup and the fourth is if the Metropolitan Cup is included before 2003 .,0
"The Pittsburgh Frank & Seder was expanded in 1913 , but destroyed by fire in 1917 at a loss of $ 600,000 ; its replacement was completed in 1918 .","The Pittsburgh Frank Seder was expanded in 1913 , but destroyed by a fire in 1917 with a loss of $ 600,000 , the replacement was completed in 1918 .",1
Prairie Justice is a 1938 `` B '' movie directed by Bob Baker and starring George Waggner as a singing cowboy .,Prairie Justice is a 1938 `` B film directed by Bob Baker and George Waggner as a singing cowboy .,1
"Eastside is a former settlement in Holtville . It was located north of Imperial County , California .","Eastside is a former settlement located in Imperial County , California , north of Holtville .",0
"Critics of HRW include the former governments it has investigated , NGO Monitor , the media , and its founder ( and national chairman ) , Robert L. Bernstein .","Critics of HRW include the former governments that it has examined , NGO monitor , the media and its founder ( and national chairman ) , Robert L. Bernstein .",1
"The election of the Oldham Metropolitan Borough Council in 2000 took place on 4 May 2000 to elect members of the Oldham Council in the Greater Manchester , England .","The 2000 Oldham Metropolitan Borough Council election took place on 4 May 2000 to elect members of Oldham Council in Greater Manchester , England .",1
A real nightingale is used in `` and '' to replace a mechanical nightingale for a princess .,A mechanical nightingale is introduced in `` and is used to replace a real nightingale for a princess .,0
The wettest calendar year since 1948 has been 1965 with and the driest 1956 with .,The driest calendar year since 1948 has been in 1965 and the wettest in 1956 .,0
"On 2 June 2006 , the Palestinian Supreme Court banned Jund al-Sham , together with the Russian group of Islamic Jihad .","On June 2 , 2006 the Palestinian Supreme Court banned Jund al-Sham along with the Russian Islamic Jihad group .",1
Almost all Basal - Ceratopsians except `` Yinlong '' and perhaps the Chaoyangsauridae were known .,Psittacosaurides were basal to almost all known Ceratopsians except `` Yinlong '' and perhaps the Chaoyangsauridae .,0
The River Milotina is a tributary of the Vânăta River in Romania .,The river Vânăta is a tributary of the River Milotina in Romania .,0
"April 23 , 1975 : Derby County title win after Ipswich Town with Manchester City can only draw 1 : 1 .","April 23 , 1975 : Manchester City win the title after Derby County only with Ipswich Town 1-1 draw .",0
"Cashel is a village in County Galway , in the province of Connacht , Ireland .","Cashel is a village in the province of Connacht , County Galway , Ireland .",0
One of the fine constants is the dimensionless fundamental constant :,One of the dimensionless fundamental constants is the fine structure constant :,0
"However , the Russian villain is an original and sometimes interesting danger .","The Russian villain , however , is an interesting and sometimes original menace .",0
"A macro is used to design variables or procedures , to allow code reuse , or to define domain-specific languages .","A macro is used to define variables or procedures , to allow reuse of code , or to design domain-specific languages .",0
In 1975 he returned to Odibo and went to Windhoek in 1977 .,"In 1975 he returned to Odibo , and in 1977 moved to Windhoek .",1
The section from Interstate 5 to Canyonville at Fifth Street overlaps OR 99 .,The section from Interstate 5 to Fifth Street in Canyonville overlaps OR 99 .,0
"In October 2007 , he signed on to play for three years with West Adelaide Football Club in the SANFL .","In October 2007 , he signed with SANFL in the West Adelaide Football Club for three years .",0
"The name derives from the nearby town of Gath , which was identified with the Philistine site of Tel Erani at the time the Kibbutz was founded .","The name is derived from the Philistine town Gath , which at the time the kibbutz was founded was identified with the nearby site of Tel Erani .",0
"This list shows atmospheric entries in which the spacecraft is not to be destroyed , but is recovered in the atmosphere .","This list shows atmospheric entries in which the spacecraft is not intended to be recovered , but is destroyed in the atmosphere .",0
"He has also recorded duets with Daniel Santos , Olimpo Cárdenas and Alci Acosta .","He also accompanied duets with Alci Acosta , Olimpo Cárdenas and Daniel Santos .",1
"Sir Richard Wells died on 26 November 1957 and was followed by his son , Sir Charles Maltby Wells , 2nd Baronet ( 1908-1996 ) .","Sir Richard Wells died on 26 November 1957 , and was succeeded by his son , Sir Charles Maltby Wells , 2nd Baronet ( 1908-1996 ) .",1
"By then , only the largely Spanish areas of Lamitan and the interior remained outside of Yakan control .","Until then , only the largely Spanish areas of Lamitan and the interior remained outside Yakan control .",1
"In 1516 , the Mundy family owned the manor house of Allestree until Francis Noel Clarke Mundy sold it to Thomas Evans in 1781 .",The Mundy family owned the Manor of Allestree from 1516 until Francis Noel Clarke Mundy sold it to Thomas Evans in 1781 .,1
Specific historical conditions determined the attitude of Russians towards the idea of cultural-national autonomy .,Specific historical conditions determined the attitude of the Russians towards the idea of national-cultural autonomy .,1
The TV shows in Praia are made in Cape Verde by TCV and Record Cabo Verde .,Television shows in Cape Verde are made by TCV and Record Cabo Verde in Praia .,0
The Urechioiu River is a tributary of the Sitna River in Romania .,The river Sitna is a tributary of the River Urechioiu in Romania .,0
"RAF Ash has been closed and the site was sold in July 1998 and is now used by The Bunker , an Internet hosting company , as a secure server farm .","RAF Ash was closed and the site sold in July 1998 . It is now used as a secure server farm by The Bunker , an Internet hosting company .",1
"With 10 goals , Ishmael Miller was top scorer in all competitions , followed by James Hayter with 8 goals .","Nottingham Forest loanee Ishmael Miller was top scorer in all competitions with 10 goals , followed by James Hayter with 8 goals .",1
"This is a list of Locomotives of the `` Polish State Railways , PKP '' ( Polskie Koleje Państwowe ) .","This is a list of locomotives of the `` Polish National Railways , PKP '' ( Polskie Koleje Państwowe ) .",1
"About 1838 , Stephenson returned to Manchester and established himself as an historical and landscape engraver in St. Ann Street , and then in a studio in Ridgefield .","Around 1838 , Stephenson returned to Manchester and established himself as a historical and landscape engraver in Ridgefield and then in a studio in St. Ann Street .",0
"After the massacre , they left the corpses and brought them into the swamps of Rayer Bazaar .","After the massacre , they left the corpses and brought them to the swamps of the Rayer - Bazaar .",1
"The Slavic Soul includes the most beautiful musical themes from 9 countries : songs are traditional , classic and popular , all in new arrangements .","The Slavic Soul includes the most beautiful music themes from 9 countries . Songs are traditional , classical and popular , all in new arrangements .",1
"A Japanese reporter in 1910 described the scene for the people of Kyūshū in a local newspaper , the `` Fukuoka Nichinichi '' :","In 1910 , a local reporter described in a Japanese newspaper , `` Fukuoka Nichinichi '' , the scene for the people of Kyūshu .",0
"Formal education in Sheffield , a city in England , takes place at the city 's two universities , 141 primary schools and 28 secondary schools .","Formal education in Sheffield , a city in England , takes place at the city ’ s two universities , at 141 primary schools and 28 secondary schools .",1
From 1996 to September 2010 he was Ambassador of Liechtenstein to Belgium .,"From 1996 to September 2010 , he was ambassador to Belgium in Liechtenstein .",0
"Mora was born in Guadalajara and played professionally for the Universidad de Guadalajara , Cruz Azul and Monterrey .","Mora was born in Monterrey and professionally played for the Universidad de Guadalajara , Cruz Azul and Guadalajara .",0
It is possible to play the tilt sensor to be able to properly reverse it on a GBA SP .,It is possible to play the tilt sensor in order to be able to reverse it properly on a GBA SP .,1
`` Melaleuca similis '' occurs in the Ravensthorpe district in the Esperance Plains and Mallee biogeographic regions . It grows in sand along drainage lines .,`` Melaleuca similis '' comes in the Ravensthorpe district in the biogeographic regions Esperance Plains and Mallee and grows in sand along drainage lines .,1
"We believe that Jesus Christ was born of the Holy Ghost and received by the Virgin Mary , and is true God and true man .",We believe that Jesus Christ was conceived by the Holy Spirit and born of the Virgin Mary and is true God and true man .,0
"The 908th Airlift Squadron is part of the 357th Airlift Wing at Maxwell Air Force Base , Alabama .","357th Airlift Squadron is part of the 908th Airlift Wing in the Maxwell Air Force Base , Alabama .",0
Adoum was Pablo Neruda 's personal secretary for nearly two years in Chile .,"For almost two years , Pablo Neruda 's personal secretary was in Chile Adoum .",0
"She moved to Switzerland when she was a few months old , then grew up to France , but largely in Paris .","She moved to Switzerland when she was a few months old , mostly to France , but then grew up in Paris .",0
The typical Portuguese immigrant was a single man in Brazil .,The typical Portuguese immigrant in Brazil was a single man .,1
"Ila , formerly Ilevolden , is a tram stop at Trondheim Tramway , in Trondheim , Ila , Trondheim , Norway .","Ila , formerly Ilevolden , is a tram stop on the Ila , located at Trondheim Tramway , Trondheim in Trondheim , Norway .",0
"Vancouver also had 4.9 , Calgary had 5.6 , Winnipeg had 5.6 , Montreal had 7.9 , Toronto had 11.2 and Sarnia had 12.7. ``","Vancouver had also 4.9 , Calgary had 5.6 , Winnipeg had 5.6 , Montreal had 7.9 , Toronto had had 11.2 and Sarnia had 12.7 .",1
Flashbacks show between their conversations Hannah and Annie 's history with Adrian .,"In between their conversations , flashbacks show Adrian 's history with Hannah and Annie .",0
Over the Bush River and Appomattox River it is part of the watershed of the James River .,He is part of the James River Watershed via the Appomattox River and the Bush River .,1
"Warrington died on February 10 , 1906 in Brentford , Middlesex , and his will was demonstrated in London on March 29 .","Warrington died in London on 10 February 1906 , and his will was proven on 29 March in Brentford , Middlesex .",0
Maplewood is situated in the 10th Congressional District and is part of New Jersey 's 27th legislative district .,Maplewood is located in the 27th Congressional District and is part of New Jersey 's 10th state legislative district .,0
"In 2013 , Williamson left and was replaced by guitarist Keith Tew and later , Boling left and was restored by Don Hill .","In 2013 , Williamson left and was replaced by guitarist Don Hill and later , Boling was left and replaced by Keith Tew .",0
"From 1965 to 2000 , it was owned by newspaper chains including Thomson Newspapers and the MediaNews Group .","From 1965 to 2000 , it was owned by newspaper chains including MediaNews Group and Thomson Newspapers .",1
"In the TV series , Olaf Petersen is played by Mark Williams .",Mark Williams is played in the TV series by Olaf Petersen .,0
The Georgian Government protested against the allegedly growing uncontrolled presence in the region and against the Russian economic and political military on the South Ossetian side .,The Georgian government protested against the allegedly increasing Russian economic and political presence in the region and against the uncontrolled military of the South Ossetian side .,0
"Its holding company , Guinness World Records Ltd , was owned by Diageo , subsequently Guinness plc , until 2001 .","Its holding company , Guinness World Records Ltd , was owned by Diageo until 2001 , later Guinness plc .",1
"In the Netherlands , Owobale was born into a Dutch father and a Nigerian mother .","In the Netherlands , Owobale was born into a Nigerian father and a Dutch mother .",0
The small institutions that they founded would not have found them like universities -- they were tiny and did not offer higher degrees in medicine and theology .,The tiny institutions they founded would not have appeared to them like universities -- they were small and did not offer the higher qualifications in medicine and theology .,1
"If it was necessary , as I now believe , then it was right and moral .","If it was right and moral , as I now believe , it was necessary .",0
The Wilhelm Archipelago is an island group off the west coast of the Antarctic Peninsula in Antarctica .,The Antarctic Peninsula is an island archipelago off the western coast of the Wilhelm archipelago in Antarctica .,0
Pennsauken Township is located on the 1st Congressional District and is part of the 6th State Legislative District in New Jersey .,Pennsauken Township is located in the 6th Congressional District and is part of the 1st State Legislative District of New Jersey .,0
"The program was filmed at the Eaves Movie Ranch near Santa Fe and Storrie Lake in Las Vegas , New Mexico .","The program was filmed at the Eaves Movie Ranch near Las Vegas , New Mexico and near Storrie Lake in Santa Fe .",0
( A1 ) Boston Celtics vs. ( A2 ) New York Knicks : `` Knicks win series 4-1 '',( A1 ) Boston Celtics versus ( A2 ) New York Knicks : `` Knicks Series 4-1 '' Win,1
"Kaia Kanepi defeated Caroline Wozniacki , 6 -- 2 , 3 -- 6 , 1 -- 6","Kaia Kanepi defeated Caroline Wozniacki , 6 -- 2 , 3 -- 6 , 6 -- 1",1
The sessions were arranged by Bruce Botnick and engineered by Nick De Caro .,The sessions were arranged by Nick De Caro and developed by Bruce Botnick .,0
"Redmond , Oregon ( Roberts Field ) is a domestic airport in the Deschutes County , Oregon , owned and operated by Redmond Municipal Airport .","Redmond Municipal Airport ( Roberts Field ) is a domestic airport in Deschutes County , Oregon . It is owned and operated by the city of Redmond , Oregon .",0
Ricci is known for publishing the original edition of the `` Codex Seraphinianus '' and some books by Guido Crepax .,Guido Crepax is known for publishing the original edition of `` Codex Seraphinianus '' and some Ricci books .,0
"Giedraitis is a Lithuanian family name , the Polish language version is Giedroyć .",Giedraitis is a Polish language family name . The Lithuanian-language version is Giedroyć .,0
"Simpson is also part of the civil parish of Simpson and Ashland , which now includes Ashland and West Ashland .","Simpson is also part of the municipality of Simpson and Ashland , which now includes Ashland and West Ashland .",1
"This version of Hector Hammond is a xenobiology professor , an old friend of Hal Jordan and the son of United States senator Robert Hammond .","This version of Robert Hammond is a Xenobiology - Professor , an old friend of Hal Jordan and the son of US Senator Hector Hammond .",0
"The destroyer was defeated in 1922 and entered on 12 April in the Philadelphia Navy Yard , where she was inactivated on 17 July 1922 .","The destroyer was decommissioned in 1922 , and on 12 April , entered the Philadelphia Navy Yard where she was ordered inactivated on 17 July 1922 .",1
"In bioinformatics , inverted indexes are very important in the sequence assembly of short fragments of sequenced DNA .","In bioinformatics , short indices in the sequence assembly of inverted fragments of sequenced DNA are very important .",0
"MacFarlane has commented that he can not understand why the word is not allowed on Fox , given that it is permitted on other networks .","MacFarlane has commented that he can 't understand why the word is not allowed on Fox , provided that it is permitted on other networks .",1
"Thomas Edward Donne ( 1860 -- 1945 ) was a New Zealand civil servant , author , fine hunter and collector of Maori antiquities and New Zealand recreational art .","Thomas Edward Donne ( 1860 -- 1945 ) was a New Zealand civil servant , writer , fine hunter and collector of Maori - antiquities and New Zealand leisure art .",1
"Between 1928 and 1934 Latham was a member of the Municipal Reform Party , representing Lewisham East as a member of the Conservative-backed London County Council .","Between 1928 and 1934 , Latham was a member of the London County Council , representing Lewisham East as a member of the Conservative-backed Communal Reform Party .",0
"For Kholm 's command of the defense , Scherer was personally awarded the knight 's cross of the Iron Cross with oak foliage by Adolf Hitler .",Adolf Hitler was personally awarded the Knight 's Cross of the Iron Cross with Oak Leaves by Scherer for the command of the defense of Kholm .,0
"In 1974 , Erik Erikson founded the rock band Spooner with two fellow musicians in Madison , Wisconsin .","Spooner formed the rock band Erikson in 1974 with two fellow musicians in Madison , Wisconsin .",0
"A Kepler triangle is a golden triangle with edge lengths in geometric progression , whereby the ratio of the edges of a Kepler triangle is connected to the right ratio .",A Kepler triangle is a golden triangle with edge lengths in geometric progression . The ratio of the edges of a Kepler triangle is linked to the right ratio .,1
"Boiling Point is an unlawful community in the Mojave desert of the Antelope Valley , in northern Los Angeles County , California , USA .","Boiling Point is an unincorporated community located in the Antelope Valley of the Mojave Desert , in northern Los Angeles County , California .",0
"Congregation : But if we confess our sins , God who is faithful and just will cleanse our sins and forgive us from all unrighteousness .","Congregation : But if we confess our sins , God who is faithful will cleanse our sins and forgive us from all injustice .",1
"In conservative potential coordinates , the Hamilton operator can be written of a free particle moving in a spherical `` U `` .",In conservative potential coordinates the Hamiltonian of a free particle moving in a spherical `` U '' can be written,1
"The library is located next door to the BHPD headquarters , opposite the Beverly Hills Fire Department , and near the Beverly Hills City Hall .","The library is located next to the headquarters of BHPD , opposite the Beverly Hills Fire Department and near the Beverly Hills City Hall .",1
"For example , the player controlling Clarke will find toy soldiers in a biology facility , while the player that controls Carver will not see them .","For example , the player controlling Clarke will find toy soldiers in a biology facility , while the player controlling Carver will not see them .",1
"Hidalgo , born in Badajoz , played for Sevilla and Celta de Vigo .","Hidalgo , who was born in Seville , played for Badajoz and Celta de Vigo .",0
"Parmele was released from the Cleveland Browns on August 3 , 2015 , and was signed by the team on August 31 , 2015 .","On 3 August 2015 , Parmele was signed by the Cleveland Browns and was dismissed by the team on 31 August 2015 .",0
The father of Ted and Steve was Tom Tom .,Tom was the father of Ted and Steve .,1
"In October 2015 , Shuli Mualem resigned from the Knesset in order to allow Bennett to take over his seat .","In October 2015 , Shuli Mualem resigned from the Knesset in order to allow Bennett to take his seat .",1
"The journal is abstracted and indexed by EMBASE , Expanded Serial , Google Scholar , and Summon by Academic Solutions .","The magazine is abstracted and indexed by Academic Solutions by EMBASE , Expanded Serial , Google Scholar and Summon .",1
"The Central Mainland of the Shetland Islands is the part of the Mainland , between Hellister , Aith and Voe .","The central mainland of the Shetland Islands is part of the mainland between Hellister , Aith and Voe .",1
"Ashok was then selected to replace Vaibhav Reddy in Deepan Chakravarthy 's psychological thriller `` , a second film in C. V. Kumar 's `` Pizza '' franchise .","Ashok was then selected to replace Vaibhav Reddy in Deepan Chakravarthy 's psychological thriller `` , a second film in C. V. Kumar ' ; s '' Pizza '' series .",1
"On 13 October 2010 , the Atlanta Braves announced that Bobby Cox would replace the long-time Braves manager Fredi González as team manager in 2011 .","On October 13 , 2010 , the Atlanta Braves announced that Fredi González would replace Braves ’ manager Bobby Cox as team manager in 2011 .",0
Glasson won Australian championships 19 times including nine national indoor championships .,"Glasson won 19 times Australian championships , including nine national hall championships .",1
The absence of trouble with the law was guaranteed by the secret protection of the Préfet de police Jean Chiappe and Minister Albert Sarraut .,The absence of annoyance with the law was guaranteed by the secret protection of Préfet de Police Albert Sarraut and Minister Jean Chiappe .,0
He was born in Adelaide into a Scottish family from Glasgow and is the brother of footballer Ryan McGowan .,McGowan was born in Adelaide into a Scottish family from Glasgow . He is the brother of fellow footballer Ryan McGowan .,1
"Xmonad is a functional window manager ( tiling ) for the X Window System , written in the dynamic programming language Haskell .",Xmonad is a dynamic window manager ( tiling ) for the X Window System written in the functional Haskell programming language .,0
"William Belden Noble Lectures is an American series of annual presentations by accomplished individuals , held at Harvard University .",Noble Lectures by William Belden is an annual series of successful presentations of American individuals held at Harvard University .,0
The 1935 Chico State Wildcats football team represented Chico State College during the 1935 college football season .,The 1935 Chico State Wildcats football team represents Chico State College during the College - Football - Season 1935 .,1
"In 1999 , Trinity merged with Trinity Mirror to Mirror Group Newspapers , the largest stable in the country 's newspapers .","In 1999 , Trinity merged with Mirror Group newspapers to Trinity Mirror , the largest stable in the country 's newspapers .",0
This scene was cut even though its opening recitative was present in rewritten form in the first production .,"This scene has been rewritten , although its opening recitative was present in cut form in the first production .",0
The Leetonia Exempted Village School District is a public school district serving Leetonia and surrounding Salem Township in northern Columbiana County in the U.S. state of Ohio .,"The Leetonia Exempted Village school district is a public school district serving Leetonia and the surrounding Salem Township in northern Columbiana County , Ohio , USA .",1
"According to Candice 's eviction , Spencer was again nominated for three consecutive evictions , but each time spared at the expense of Judd , Jessie and Helen .","After Candice 's eviction , Spencer would be nominated again for three consecutive evictions , but was spared each time at the expense of Judd , Jessie and Helen .",1
"In October 1989 , Langland performed at the same theatre in `` Nuts ( Homage to Freud ) '' .","In October 1989 , Langland performed in the same theatre 's `` Nuts ( Homage to Freud ) . ''",1
Brian Meehan fled with Traynor ( who later fled to Portugal ) to Amsterdam .,Brian Meehan fled with Traynor to Portugal ( who later fled to Amsterdam ) .,0
"On Victory Road , they introduced their new manager , Voodoo Queen , Christy Hemme , to embarrass Roxxi Laveaux .","At Victory Road , they introduced their new manager , the Voodoo Queen , Christy Hemme , to embarrass Roxxi Laveaux .",1
"In 1967 he became a monk at Stagrimo Gompa , a Drukpa - Kagyu monastery in Padum near Ladakh .","In 1967 he became a monk in the Stagrimo Gompa , a Drukpa - Kagyu monastery in Ladakh near Padum .",0
"There are only three regular tessellations : those consisting of equilateral triangles , squares or regular hexagons .","There are only three regular tessellations : those made up of equilateral triangles , squares , or regular hexagons .",1
"Felix researched in Bielsko , Vienna , Prague and London and worked in Jerusalem from 1927 to 1945 for the Hadassah Medical Organization .","He researched in Bielsko , Vienna , Prague and Jerusalem and worked for the Hadassah Medical Organization from 1927 to 1945 in London .",0
"The Queen 's exchange is a play by Richard Brome , a tragicomedy written by Caroline .","The Queen 's Exchange is a Caroline era stage play , a tragicomedy written by Richard Brome .",0
"In Korea , the fried-style fried rice is a separate genre of Korean rice that differs from Korean Chinese-style fried rice dishes .","In Korea , Korean Chinese-style fried rice is a separate genre of fried rice that differs from the Korean fried rice .",0
"Cowles married Elizabeth Waller in 1900 , and their daughter Harriet was born in 1912 .","In 1900 , Elizabeth Waller married Cowles , and her daughter Harriet was born in 1912 .",1
"After receiving his doctorate , Betzig was hired by Semiconductor Physics Research Department in the AT & T Bell Laboratories in 1989 .","After his doctorate in 1989 , Betzig was hired by AT ’ T Bell Laboratories in the semiconductor physics department .",0
"The second board revision is true JAMMA and also has a switch to select between JAMMA output as well as MVS output , which has stereo sound .","The second board revision is real JAMMA and also has a switch to select between JAMMA output as well as MVS output , which has stereo sound .",1
Former station North East was located north of Seymour at the junction of the Mangalore and Shepparton lines .,Former North East station was located north of Seymour at the crossroads of the Mangalore and Shepparton lines .,1
It is located on the N83 road at the junction with national roads R328 and R360 .,It is located on the N83 regional road at its junction with the R328 and R360 national secondary roads .,1
"Chloe Wang was born in Chicago , Illinois , Chloe Bennet , the daughter of Bennet Wang , an investment banker , and Stephanie Crane , an internal .","Chloe Bennet was born in Chicago , Illinois , Chloe Wang and is the daughter of Bennet Wang , an investment banker , and Stephanie Crane , an intern .",0
"Two weeks before the invasion , the corps was pulled out of the Third Army and placed in Omar Bradley 's First Army .","Two weeks before the invasion , the corps was pulled from the First Army and placed in the Third Army of Omar Bradley .",0
Miguel Ángel Virasoro ( ; born 1940 in Argentina ) is an Argentine physicist who has done most of his work in Italy .,Miguel Ángel Virasoro ( born Argentina in 1940 ) is an Argentine physicist who has done most of his work in Italy .,1
"Surrounding suburbs are ( from the north to the south ) : Balgownie , Mount Pleasant , Mount Ousley , Keiraville , West Wollongong , Figtree and Mount Kembla .","Surrounding suburbs are ( from north to south ) : Balgownie , Mount Pleasant ; Mount Ousley ; Keiraville ; West Wollongong ; Figtree and Mount Kembla .",1
The 187 km long segment from Kaduna to Abuja was the first one to be built .,The 187 km segment from Kaduna to Abuja was the first to be built .,1
"The current Chief Executive is Nick Hawkins , who replaces Rob Powell in October 2017 .","The current Chief Executive is Nick Hawkins , who replaced Rob Powell in October 2017 .",1
"A cover version by Phil Harding and Ian Curnow appeared in 1989 , produced by Sinitta .","In 1989 , a cover version of Sinitta , produced by Phil Harding and Ian Curnow , appeared .",0
"Official Sinn Féin also built up fraternal relations with the USSR and with socialist , workers ' and communist parties around the world .","Sinn Féin also established fraternal relations with the USSR and with socialist , workers , and communist parties around the world .",1
You Marry Lord Sultan and Annachie Leave,You must marry Lord Sultan and leave Annachie ``,0
Unrealistic is known for his characters to have great body proportions and `` Tenjho Tenge '' is no different .,Unrealistic is known to have his characters having great body proportions and `` Tenjho Tenge '' is no different .,1
"The Italian overture should not be confused with the French overture , a three-part quick-slow-quick structure .","The French overture should not be confused with the Italian overture , a three-part rapid screw structure .",0
"Siskiyou National Forest is located on the U.S. Route 101 between the Pacific Ocean and Gold Beach , north of Port Orford and south of Bandon .","Port Orford is located on U.S. Route 101 between the Pacific Ocean and the Siskiyou National Forest , north of Gold Beach and south of Bandon .",0
"September 2 : CF Michael Bourn and CF Drew Stubbs activated , C Caleb Joseph , LHP Jayson Aquino and RHP Tyler Wilson recalled by AAA Norfolk .","September 2 : CF Caleb Joseph and CF Michael Bourn activated , C Tyler Wilson , LHP Drew Stubbs and RHP Jayson Aquino of AAA Norfolk recalled .",0
"In 1934 , Khun Wichitmatra wrote the texts of the Thai national anthem , two years after the anthem was written by Chan Kamwilai .","In 1934 , Chan Chanwilai wrote the texts of the Thai national anthem , two years after the anthem was first written by Khun Wichitmatra .",0
The texts were later written by Taupin and John composed the music first .,The lyrics were first written by Taupin and John later composed the music .,0
"The Trevi Fountain is a well in the Trevi district in Rome , Italy , designed by Italian architect Pietro Bracci and completed by Nicola Salvi .","The Trevi Fountain is a fountain in the Trevi district in Rome , Italy , designed by Italian architects Nicola Salvi and concluded by Pietro Bracci .",0
"Ulriksdal Palace , preferred by Sweden , as his summer residence and ignored Drottningholm , but Oscar II of Sweden continued the repairs .","Oscar II of Sweden preferred Ulriksdal Palace as his summer residence and ignored Drottningholm , but Charles XV of Sweden continued the repairs .",0
"Rubén Ramírez Hidalgo won the title and defeated Carlos Salamanca 5 -- 7 , 6 - 2 , 6 -- 1 in the final .","In the final , Carlos Salamanca won the title and defeated Rubén Ramírez Hidalgo with 5 -- 7 , 6 -- 2 , 6 -- 1 .",0
"Critics of HRW include the former governments that it has examined , NGO monitor , the media and its founder ( and national chairman ) , Robert L. Bernstein .","Critics of HRW include the national governments it has investigated , NGO Monitor , the media , and its founder ( and former chairman ) , Robert L. Bernstein .",0
"João was born in Portugal , but attended school in Paris before moving to Brazil , the British Antilles and finally to New Orleans .","João was born in Brazil but attended school in Portugal , before moving to Paris , the British West Indies , and finally New Orleans .",0
Paul Raymond quit the band during their US tour in August 1986 and was replaced for the rest of the tour by David Jacobson .,"During her US tour in August 1986 , Paul Raymond left the band and was replaced for the rest of the tour by David Jacobson .",1
"The former actor James Whitmore , who appeared in the TV series '' The Law and Mr. Jones '' with Conlan Carter and `` Combat ! `` .","The former actor Conlan Carter , who performed in the television series '' The Law and Mr. Jones '' with James Whitmore and `` Combat ! '' appeared",0
"Polumenta released his second studio album `` Buntovnik '' ( Rebel ) on 18 November 2010 under Grand Production , his fifth project with the label .","On November 18th , 2010 Polumenta published his second studio album `` Buntovnik '' ( Rebel ) under Grand Production , his fifth project with the label .",1
Abe Drexler ( Charlie Hofheimer ) calls Elisabeth Moss ( Peggy ) and insists on meeting her for food .,Abe Drexler ( Charlie Hofheimer ) calls Peggy ( Elisabeth Moss ) and insists on meeting them for dinner .,1
"On December 22 , 1862 , to reorganize the Washington territory and form the new Montana territory .","738 on December 22 , 1862 , to reorganize the Washington Territory and form the new Montana Territory .",1
"`` Holocaust '' , created in Lincoln Park in November 1984 , was dedicated by sculptor George Segal .","`` Holocaust '' , dedicated to Lincoln Park in November 1984 , was created by the sculptor George Segal .",0
"It continues to work as a nonprofit development agency for film , television , commercial and print/still photography talent in the city and county of San Diego .","It continues to work as a commercial development agency for film , television , nonprofit and print / still photography talent in the city and county of San Diego .",0
It was written by Jim Aparo and Mike DeCarlo and is drawn by Jim Starlin .,It was written by Jim Aparo and Mike DeCarlo and drawn by Jim Starlin .,1
"In a universal legend , Vikramaditya has 32 marks on his body , a property of the medieval Tamil emperors .","In a medieval Tamil legend , Vikramaditya has 32 marks on his body , a property of the universal emperors .",0
Fuksas was born in Rome in 1944 ; his father was Lithuanian Jewish while his French mother was the daughter of a Catholic father and an Austrian mother .,"He was born in Rome in 1944 , his father was Lithuanian - Jewish , his French mother was the daughter of a Catholic father and an Austrian mother .",1
"After Candice 's eviction , Spencer was once again nominated for three consecutive evictions , but each time spared at the expense of Judd , Jessie and Helen .","After Spencer 's eviction , Candice would be nominated again for three consecutive evictions , but was spared each time at the expense of Judd , Jessie and Helen .",0
"A market was perceived for future tours and destinations , Scandinavia was in April 1975 and in September followed another tour in Switzerland .",A market was perceived for future tours and destinations . Scandinavia was in April 1975 and there followed another tour to Switzerland in September .,1
"From 2 June 1969 , lectures were held for the first 300 students , and the academic workforce consisted of 28 local lecturers at that time .","For the first batch of 300 students , lectures were held beginning from 2 June 1969 . At that time , the academic workforce consisted of 28 local lecturers .",1
"The eggs , which are generally two in the number , are marked with greenish white brown and measure about 1.14 cm by 0.77 cm .","The eggs , which are generally two in number , are greenish white marked with brown , and measure about 1.14 cm by .77 cm .",0
"After Munga 's death , Kublai became the Khan .",After Munga 's death Khan Kublai became .,0
David David Urquidi played keyboards while Rami played Jaffee saxophone and Aguilar played trumpet .,Rami Jaffee played keyboards while David Urquidi played saxophone and Aguilar played trumpet .,0
"After May 4 , 2012 , Gordon M. Snow was replaced by Michael S. Welch and then Joseph M. Demarest with a limited formal announcement .","After May 4 , 2012 , Gordon M. Snow was replaced by Joseph M. Demarest and then Michael S. Welch with limited formal announcement .",0
"It is found in Serbia and Montenegro , Bosnia and Herzegovina , Croatia , the Republic of Macedonia and Bulgaria , and Turkey , Azerbaijan and Iran .","It is found in Serbia and Montenegro , Bosnia and Herzegovina , Croatia , the Republic of Macedonia and Bulgaria , as well as Turkey , Azerbaijan and Iran .",1
Some large excess microwave noise generators use Avalanche diodes to create commercial noise that can be switched on and off .,Some commercial microwave noise generators use Avalanche diodes to create a large excess noise that can be switched on and off .,0
The station was opened on 1 July 1903 on the railway line Donegal Railway from Stranorlar to Glenties .,The station was opened on 1 July 1903 on the line of the Donegal Railway Company from Glenties to Stranorlar .,0
"His father , Gerry , his uncle , Jimmy Doyle , and his brother , Tommy , enjoyed also with Tipperary All - Ireland - success .","His father , Gerry , his uncle , Tommy , and his brother , Jimmy Doyle , enjoyed with Tipperary also All - Ireland - success .",0
"After completing his university education at Cardiff University and Rouen , France , he was based in Harrogate , North Yorkshire , from 1996 to 1999 .","After completing his initial university education at Cardiff University , and in Rouen , France , he was from 1996 to 1999 based in Harrogate , North Yorkshire .",1
"Following the resignation of Jennings B. Whitworth and the hiring of Drew in December 1954 , Crisp was retained as a line coach .","After the resignation of Drew and the attitude of Jennings B. Whitworth in December 1954 , Crisp was retained as a line coach .",0
"The father of Woodstock , Artie Kornfeld , has teamed up with Larry McClurg to promote the Goodstock Music Festival , Pollstar reported .","The Father of Woodstock Artie Kornfeld teamed up with Larry McClurg to promote Goodstock Music Festival , reported Pollstar .",1
He was the brother of actor Barry Lupino ( 1882 -- 1962 ) and the father of Ida Lupino .,He was the brother of the actor Ida Lupino ( 1882 -- 1962 ) and father of Barry Lupino .,0
"The following schools are located in Papakura ( schools in Rosehill , Takanini and Opaheke are exempt ) :","The following schools are located at Takanini ( schools in Rosehill , Papakura and Opaheke are excluded ) :",0
"In 1923 , Meltzer married Shach 's niece , Guttel Gilmovski .","In 1923 , Meltzer Shach married niece , Guttel Gilmovski .",0
"Cotton gins continued to operate in Carencro until the middle 1970s , when the last two , Cotton Products Co. and Farmer 's Gin Co. , were closed .","Until the late 1970s , when the middle two Cotton Products Co. and Farmer 's Gin Co. were closed , Cotton Gins continued to operate in Carencro .",0
"In the War of the Fourth Coalition , Joachim Murat fought in the Grande Armée under command of Klein .","In the Fourth Coalition War , Klein fought in the Grande Armée under the command of Joachim Murat .",0
"The adult is scattered black or blue to dorsal pale , with bright yellow spots .","The adult is scattered black or blue to pale dorsally , with bright yellow spots .",1
"Easton forms the northeastern corner of Bristol County , where the county cuts with Plymouth County to the east and Norfolk County to the north .","Easton forms the northeastern corner of Bristol County , where the county intersects with Plymouth County to the east and Norfolk County to the north .",1
The first known Spanish sighting of Whidbey Island was during the 1790 European expedition of Manuel Quimper and Gonzalo López de Haro on the `` Princesa Real '' .,The first well-known Spanish sighting of Whidbey Island was during the European expedition of Manuel Quimper and Gonzalo López de Haro at the `` Princesa Real '' in 1790 .,1
Many nanobreweries have opened since these laws were changed .,"Since these laws were changed , many nanobreweries have been opened .",1
The first meeting of the BBU in Chicago in 1932 was the last meeting of GARBC .,The final meeting of the BBU in 1932 in Chicago was the first meeting of the GARBC .,0
Hector Pieterson was buried at the Avalon Cemetery in Johannesburg with Hastings Ndlovu .,Hastings Ndlovu was buried with Hector Pieterson at Avalon Cemetery in Johannesburg .,0
"When Santa Anita Park was closed in 2014 , the race was transferred to Hollywood Park Racetrack .","In 2014 , when Hollywood Park Racetrack was closed the race in Santa Anita Park was moved .",0
Riverside is located in the 7th Congressional District and is part of New Jersey 's 3rd state legislative district .,Riverside is located on the 3rd Congressional District and is part of the 7th State Legislative District in New Jersey .,0
Nikolai Myaskovsky wrote his symphony No . 9 in e - Moll op . 28 between 1926 and 1927 . Nikolai Malko was dedicated .,"Nikolai Malko wrote his Symphony No . 9 in E minor , Op . 28 , between 1926 and 1927 . It was dedicated to Nikolai Myaskovsky .",0
"Tabda , also known as Tabto , is a town in the southern Lower Juba ( Jubbada Hoose ) region of Somalia .","Tabda , also known as Tabto , is a city in the southern Jubbada Hoose ( Lower Juba ) region of Somalia .",1
"All standard varieties are based on the non-standardized spoken varieties of the Shtokavian dialect ( Ijekavian - varieties , including Ijekavian also Ikavian Shtokavian ) .","All standard varieties are based on the non-standard spoken varieties of the Shtokavian dialect ( Ijekavian varieties including , beside Ijekavian , also Ikavian Shtokavian ) .",1
"Brokenstraw Creek is a tributary of Coffee Creek at Warren County , Pennsylvania in the United States .","Coffee Creek is a tributary of Brokenstraw Creek in Warren County , Pennsylvania , the United States .",0
Sondhi countered that Thaksin was trying to silence the press .,Sondhi countered by saying that Thaksin was trying to silence the press .,1
"In both New Spain and Peru , silver became the engine of the Spanish colonial economy .","Both in Peru and New Spain , silver became the engine of the Spanish colonial economy .",1
The Astoria terminal is located in Hallets Cove between the Astoria Houses public housing project and Socrates Sculpture Park .,The Astoria Terminal is located in the Hallets Cove between the Astoria Houses project and Socrates Sculpture Park .,1
Some Native Americans and American-European settlers began to create a community around the post .,Some indigenous Americans and European-American settlers began to create a community around the post .,0
"Depicted by Russell Streiner and John Russo , presented by Kane Hodder , accepted by Danny Pintauro and Jason Voorhees .","Presented by Russell Streiner and John Russo portrayed by Kane Hodder , accepted by Danny Pintauro and Jason Voorhees .",1
"In 1975 , Georgi Daneliya performed in one of his most famous comedies '' Afonya `` , directed by Leonid Kuravlyov .","In 1975 , Georgi Daneliya starred in one of his most famous comedies `` Afonya '' , directed by Leonid Kuravlyov .",1
"The nearest airport is Ujjain , the nearest is the airport Devi Aahilya Bai Holkar , Indore .","The nearest airport is Ujjain . The nearest railway station is Devi Aahilya Bai Holkar Airport , Indore .",0
It is found in North America where it has been recorded in Canada from the coast to the coast .,"It is found in North America , where it has been recorded from coast to coast in Canada .",1
It was this title that Lancelot Brenton inherited ( his older brother John Jervis Brenton having died in 1817 ) .,"It was this title that Lancelot Brenton ( his elder brother , John Jervis Brenton , died in 1817 ) inherited .",1
"Lee Lee Field is the club 's home stadium on the Galewood neighborhood of Wyoming , Michigan .","Lee Lee Field is the club 's home stadium in Wyoming 's neighborhood of Galewood , Michigan .",0
It was won by Agnieszka Włodarczyk ( Potoczny Weronika from Plebania ) .,It was won by Agnieszka Włodarczyk ( Weronika Potoczny from `` Plebania '' ) .,1
"Ice hockey at the Canada Winter Games 2011 was held in the Halifax and Halifax Forum in New Scotland and at the Halifax Metro Centre in Dartmouth , Dartmouth Sportsplex .","Ice hockey at the Canada Winter Games 2011 was held at Halifax Metro Centre and Halifax Forum in Halifax and the Dartmouth Sportsplex in Dartmouth , Nova Scotia .",0
Castlebrae Community High School is a secondary school in the Greendykes area of Edinburgh .,Castlebrae Community High School is a secondary school in the Greendyke area of Edinburgh .,1
Thangpalkot is a village in Nepal in the Sindhupalchok district of Central Nepal and had a population of 2786 at the time of the 1991 population census .,Thangpalkot is a village in Nepal in the Sindhupalchok District of central Nepal . At the time of the 1991 Bagmati Zone census it had a population of 2786 .,1
"The novel was adapted as a BBC Radio 4 Book at Bedtime by Lu Kemp in 2008 , read by Toby Stephens and produced by Kirsty Williams .","The novel was adapted in 2008 by Lu Kemp as BBC Radio 4 book near Bedtime , read by Toby Stephens and produced by Kirsty Williams .",1
The dolls she created in Spain were dramatically different from those in New York .,The dolls she created in New York were dramatically different than those in Spain .,0
The elastodynamic wave equation for anisotropic media can be expressed as follows :,The elastodynamic wave equation for anisotropic media can be expressed as,1
"The mare was sent to France , where she was trained in Europe by Maurice Zilber .",The filly was sent to France where she was trained in Europe by Maurice Zilber .,1
"In 1942 , Breton collaborated with artist Wifredo Lam on the publication of Breton 's poem `` Fata Morgana '' , which was illustrated by Lam .","In 1942 , Breton collaborated with the artist Wifredo Lam on the publication of Breton 's poem `` Fata Morgana '' , illustrated by Lam .",1
"The first integer formula 177 , for which Formula 178 is ranked , has the Formula 179 Formula 180 .",The first integer formula _ 177 for which formula _ 178 has rank formula _ 179 is formula _ 180 .,0
`` The Woman King '' is the third episode of the fourteenth season from the science fiction television series `` Battlestar Galactica '' .,`` The Woman King '' is the third episode of the fourteenth season from the Science - Fiction series '' Battlestar Galactica `` .,1
Some witnesses reported a white powder : TATP is a white crystalline powder .,Some witnesses reported seeing a white powder : TATP is a white crystalline powder .,1
"The film was produced through Columbia Pictures and Imagine Entertainment by daughter and father Brian Grazer , as well as Bryce Dallas Howard and Ron Howard .",The film was produced by Columbia Pictures and Imagine Entertainment by daughter and father Bryce Dallas Howard and Ron Howard as well as Brian Grazer .,0
The river Bohotin is a tributary of the Bazga River in Romania .,The Bazga River is a tributary of the Bohotin River in Romania .,0
"DeMille first appeared in Corey 's novel `` Plum Island '' , in 1997 .",DeMille appeared in 1997 in Corey 's novel `` Plum Island '' .,1
The Royal College of Music has appointed Natalia alongside Maestro Peter Stark as Professor of Conductors .,The Royal College of Music has appointed Peter Stark as a Professor of Conducting alongside Maestro Natalia .,0
"In the TV series `` Muhteşem Yüzyıl '' , Deniz Çakır is played by Turkish actress Şah Sultan .","In TV series '' Muhteşem Yüzyıl `` , Şah Sultan is played by the Turkish actress Deniz Çakır .",0
"Gralee is a suburb of the Leeton Shire in Leeton , New South Wales .","Gralee was a suburb of Leeton , New South Wales in Leeton Shire .",0
"In 1998 , Rituparna Sengupta and Indrani Halder for the film shared the National Film Award as Best Actress , Ghosh won the National Film Award as Best Screenplay .","In 1998 , Rituparna Sengupta and Indrani Halder won the National Film Award for the film as the Best Actress , Ghosh shared the National Film Award for the Best Screenplay .",0
"On 1 November 2017 , Yuri Alberto was promoted to the main team by the interim manager Elano .","On 1 November 2017 , Yuri Alberto was promoted to the main squad by interim manager Elano .",1
Huracán beat Tigre in 1950 and then beat Quilmes a year later .,Huracán defeated Tigre in 1950 and then beat Quilmes a year later .,1
"An `` almost diagonal '' matrix formula 34 in `` Jordan - normal form '' , similar to Formula 2 , is given as follows :","An `` almost diagonal '' matrix formula _ 34 in `` Jordan normal form '' , similar to formula _ 2 is obtained as follows :",1
His KHL debut made Rafikov during the 2015 season -- 16 Continental Hockey League .,Rafikov made his KHL debut during the 2015 -- 16 Kontinental Hockey League season .,1
Withypool is located in the Barle Valley on the river Barle . The village lies on the route of the Two Moors Way and the Exmoor Celtic Way option .,Withypool lies in the River Barle on the Barle Valley . The village is on the route of the Two Moors Way and the Celtic Way Exmoor Option .,0
The Luodong Forest Railway was opened in 1920 and connected to Taiping Mountain Forest Railway in 1924 .,Luodong Forest Railway was commissioned in 1920 and connected to the Taiping Mountain Forest Railway in 1924 .,1
"He is well known for his precise jab , but the weakness is the glass chin that already comes from the Muay Thai .","He is already known for his precise jab , but the weakness is the glass chin , which is from the Muay Thai well .",0
"For example , the National Civic League ( originally the National Municipal League ) promotes effective local government management .","For example , the National Civic League ( originally the National Municipal League ) promotes an effective management of the local government .",1
is a brominated derivative of phenol with the CHBrO molecular formula .,is a molecular derivative of phenol with the brominated formula CHBrO .,0
"These groups are maximal tori of SO ( 4 ) , which are all mutually conjugate in SO ( 4 ) . See also Clifford torus .","These groups are conjugated Tori of SO ( 4 ) , which in SO ( 4 ) are all maximal , see also Clifford - Torus .",0
Cornish is drained by the Saco River and the Ossipee River .,Cornish is drained by the Ossipee River and Saco River .,1
"The 13th Troop Carrier Squadron was consolidated in September 1985 with the 913th Air Refueling Squadron , but the consolidated squadron has since been no longer active .","The 913th troop carrier squadron was consolidated in September 1985 with the 13th air refuelling squadron , but the active squadron has not been consolidated since then .",0
The Păstrăvul or Pârâul cu Păstrăvi river is a tributary of the Ozunca River in Romania .,The Păstrăvul River or Pârâul cu Păstrăvi is a tributary of the Ozunca River in Romania .,1
"The main campus of the university is located in the area of Antakya , north of Serinyol .","The main campus of the university is located in the area of Serinyol , north of Antakya .",0
The music was written by A. T. Ummer and the text was composed by Koorkkancheri Sugathan and Poovachal Khader .,The music was composed by A. T. Ummer and lyrics were written by Koorkkancheri Sugathan and Poovachal Khader .,0
"They could perhaps have been relatives , instead members of a family bonded by blood to serve Dracula .","They could have been relatives instead , perhaps members of a family connected by blood to serve Dracula .",0
Suo Chao is killed in a fight against General Fang La of Shi Bao .,Suo Chao is killed in a fight against General Shi Bao of Fang La .,0
"The valley itself is made rocky by the river , while the surroundings is lush and green desert .","The valley itself is made lush and green by the river , while the surrounding area is rocky desert .",0
It was written by Tom Spezialy and Marc Cherry and was directed by Jeff Melman .,It was written by Jeff Melman and was run by Tom Spezialy and Marc Cherry .,0
"Chimpanzees often eat the marrow of long bones of colobus monkeys with the help of small sticks , after opening the ends of the bones with their teeth .",Chimpanzees often eat the mark of small bones of colobus monkeys with the help of long sticks after having opened the ends of the bones with their teeth .,0
"Alander Mountain and the southern escarpment of the western Taconic Mountains lie along the western border of Columbia County , New York at the Mount Washington line .","Alander Mountain and the southern embankment of the western Taconic Mountains lie along the western border of Columbia County , New York , on the Mount Washington line .",1
Karen and Kristoffer together have eight children .,Kristoffer together with Karen had eight children .,1
Daniel Rinner ( born 11 November 1990 in Vaduz ) is a Liechtenstein cyclist .,"Daniel Rinner ( born November 11 , 1990 in Liechtenstein , Germany ) is a cyclist from Vaduz .",0
AMBIT is a symbolic programming language that was introduced in 1964 by Carlos Christensen of Massachusetts Computer Associates for historical calculations .,AMBIT is a historical programming language that was introduced by Carlos Christensen of Massachusetts Computer Associates in 1964 for symbolic computation .,0
The Slatina River is a tributary of the Cochirleanca River in Romania,The River Slatina is a tributary of the River Cochirleanca in Romania,1
"In 1997 , he founded Equicore Beteiligungs GmbH and co-founded Freiburger Vermögensmanagement GmbH in 1998 .",In 1997 he founded Equicore Beteiligungs GmbH and in 1998 the Freiburger Vermögensmanagement GmbH .,1
"Born in Norway , Kwarasey represents Ghana at international level .","Kwarasey , born in Ghana , represents Norway at an international level .",0
"Surrounding suburbs are ( from north to south ) : Balgownie , Mount Pleasant ; Mount Ousley ; Keiraville ; West Wollongong ; Figtree and Mount Kembla .","The surrounding suburbs ( from north to south ) are Balgownie , West Wollongong , Mount Ousley , Mount Pleasant , Keiraville , Figtree and Mount Kembla .",1
Species were named and described in 2013 and were discovered by Samuel P. Iglésias and Lou Frotté in 2015 .,The species were named and described in 2013 and were discovered by Samuel P. Iglésias and Lou Frotté in 2015 .,1
Margaret Foote Hawley 's niece Kate Foote Coe was an artist who specialized in portrait miniatures .,"Margaret Foote Hawley , a niece of Kate Foote Coe , was an artist who specialized in portrait miniatures .",0
Jimmy Wareing was born in 1917 in Silloth and played the Rugby - Union for Silloth and Cumberland before the war .,Jimmy Wareing was born in Cumberland in 1917 and played for Silloth and Silloth Rugby - Union prior to the war .,0
MCI migrated the voice and data traffic of most SBS customers to its terrestrial network .,The MCI migrated the voice and data traffic of most SBS customers to its terrestrial network .,1
"Twin Falls High School is a public secondary school in Twin Falls , Idaho , one of two traditional high schools operated by the Twin Falls School District .","Twin Falls High School is a secondary public school in Twin Falls , Idaho , one of the two traditional high schools operated by the Twin Falls School District .",1
"Spain recognized Irish nobles on equal footing as Spaniards , and Irish could claim Spanish citizenship .","Spain recognized Irish nobles as Spaniards on an equal footing , and Irish may claim Spanish citizenship .",1
"Alema Nature Reserve is a nature reserve in northern Harju County , in Estonia .","Alema Nature Reserve is a nature reserve in northern Estonia , in Harju County .",0
"Philip Norman , the biographer of the Beatles , wrote that Charles Sutcliffe was a heavy drinker and physically cruel to his wife , which the young Sutcliffe had watched .","The Beatles ' biographer , Charles Sutcliffe , wrote that Philip Norman was a heavy drinker and physically cruel to his wife , which the young Sutcliffe had witnessed .",0
His Othello was detained as Iago in 1964 with Jay Robinson and in 1981 with Ron Moody as Iago on video .,His Othello was captured on record in 1964 with Jay Robinson as Iago and on video in 1981 with Ron Moody as Iago .,0
"However , he was displaced in the Cardiff side , soon after by Johnny Watkins and later Colin Hudson .","However , he was driven out in the Cardiff side , soon after by Johnny Watkins and later Colin Hudson .",1
"Hislop married his wife , Desha , in 1995 . He is the cousin of American sprint athlete Natasha Hastings .","In 1995 , Hislop married his wife Desha , the cousin of the American sprint athlete Natasha Hastings .",1
Charles Gowan was born in Wisconsin in 1849 or in 1850 and emigrated early to New York .,"Charles Gowan was born in Wisconsin in 1849 or 1850 , and migrated to New York early in life .",1
Paul Conn wrote his autobiography in 1987 with Jack : `` Eckerd : Finding the Right Prescription '' .,"Jack wrote his autobiography with Paul Conn , `` Eckerd : Finding the Right Prescription in 1987 .",0
It was then the capital of a province ( called `` Mauretania Prima '' ) under the Byzantine rule and was still a place of strategic importance .,It was still the capital of a province ( called `` Mauretania Prima '' ) under Byzantine rule and was then a place of strategic importance .,0
"Károli started his school years in Brassó and closed in Nagykároly , in 1556 he went to the Wittenberg Academy and ordered the Synod of Gönc in 1566 .","Károli started his school in Nagykároly , graduated in Brassó , went to the Wittenberg Academy in 1556 and ordered the Synod of Gönc in 1566 .",0
"36.4 % were Finnish , 10.2 % Italian , 9.2 % German , 7.1 % Swedish and 5.4 % of Scottish origin according to the 2000 census .","According to the 2000 census , 36.4 % of Finnish , 10.2 % Swedish , 9.2 % were German , 7.1 % Italian and 5.4 % Scottish origin .",0
"The former actor James Whitmore , who appeared in the TV series '' The Law and Mr. Jones '' with Conlan Carter and `` Combat ! `` .","The former actor Conlan Carter , who appeared on the television series `` The Law and Mr. Jones '' with James Whitmore and `` Combat ! ''",0
January 8 : Received Kyle Kubitza and Nate Hyatt from the Kansas City Royals for Ricardo Sanchez .,8 January : reception of Kyle Kubitza and Nate Hyatt for Ricardo Sanchez from the Kansas City Royals .,1
Giuseppe begs his father and his brother Fabrizio to help him dress more presentably for Clara .,"Fabrizio asks his father and his brother , Giuseppe , to help him dress more for Clara .",0
"Fox played internationally for Canada twice , at the 1990 and 1994 FIBA World Championships .",He played twice internationally for Canada at the 1990 and 1994 FIBA World Championships .,1
"It was destroyed and rebuilt in 1446 , and it was abandoned in 1551 .",It was abandoned in 1446 and destroyed in 1551 and rebuilt .,0
"In 1999 , Trinity merged with Trinity Mirror to Mirror Group Newspapers , the largest stable in the country 's newspapers .","In 1999 Trinity merged with Mirror Group Newspapers to become Trinity Mirror , the largest stable of newspapers in the country .",0
Each layer is layered on its own and cooked and baked in a pan until the top is tanned .,Each layer is cooked on its own and layered in a pan and baked until the top is browned .,0
"Jumping is parachuting or wingsuit , flying from a fixed structure or a cliff .","Jumping , is parachuting or wingsuit flying from a fixed structure or cliff .",1
"This culminated in a match on March 18 at `` Volume 48 '' , where Knight Melissa defeated to win the Shimmer - Championship .","This culminated in a match on 18 March on `` Volume 48 '' , where Knight defeated Melissa to win the Shimmer Championship .",0
"September 2 : CF Caleb Joseph and CF Michael Bourn activated ; C Tyler Wilson , LHP Drew Stubbs , and RHP Jayson Aquino recalled from AAA Norfolk .","September 2 : CF Michael Bourn and CF Drew Stubbs activated , C. Caleb Joseph , LHP Jayson Aquino and RHP Tyler Wilson by AAA Norfolk recalled .",0
"Notre Dame received half of the 7.6 million dollars that NBC paid each year for the rights of the deal , and the opponent received the other half .","Notre Dame received half of the 7.6 million dollars that NBC paid each year for the rights of the deal , and his opponent received the other half .",1
"In 1944 , he became the editor when he succeeded Edward Taylor Scott , son of C. P. Scott .","Wadsworth became editor in 1944 , when he succeeded Edward Taylor Scott , son of C. P. Scott .",1
"He bought homes in Mar del Plata , a castle in Córdoba and a small hotel in Buenos Aires .","He bought homes in Mar del Plata , a castle in Buenos Aires and a small hotel in Córdoba .",0
The diminutive form of the word `` Caipirinha '' is known worldwide as a cocktail .,"The diminutive form of the word `` caipirinha '' , is worldwide-known as a cocktail well .",0
"In the United Kingdom , mescaline in dried powder form is a Class A drug . However , purified cactus can be bought and sold legally .","In the United Kingdom , mescaline is a class A drug in dried powder form , but cleaned cactus can be bought and sold legally .",1
"In Waynesburg , it collects a short stream , known as Little Sandy Creek .",At Waynesburg it collects a short stream known as Little Sandy Creek .,1
"The following schools are located in Papakura ( schools at Rosehill , Takanini and Opaheke are excluded ) :","The following schools are located in Takanini ( the schools in Rosehill , Papakura , Opaheke are excluded ) :",0
"Of the women , Sarah Hendrickson ( USA ) , Sara Takanashi ( Japan ) , Coline Mattel ( France ) and Evelyn Insam ( Italy ) were the favourites .","Of the women , Sara Takanashi ( USA ) , Sarah Hendrickson ( Japan ) , Coline Mattel ( France ) and Evelyn Insam ( Italy ) were the favourites .",0
"The flowers often appear outlandish and `` showy '' because they are most commonly pollinated by insects , so use these tactics to appeal to pollinators .","The flowers often appear striking and `` foreign '' because they are most commonly pollinated by insects , so use these tactics to appeal to pollinators .",1
"The cross vault of the roof is visible in the choir and in the right transept , while the rest of the church has a wooden roof .","The wooden vaulting of the roof is visible in the choir and the right transept , while the rest of the church has a groined roof .",0
"In July 2013 , Lone Star sold comics three of their five remaining stores in Plano , Hurst and Mesquite .","In July 2013 , Lone Star Comics sold off three of their five remaining stores in Plano , Hurst and Mesquite .",1
"He was born on 14 March 1981 in Erdington , West Midlands , and has an elder brother , Che Cartwright , who is also an actor .","Cartwright was born on 14 March 1981 in Erdington , West Midlands . He has an older brother , Che Cartwright , who is also an actor .",1
The difficulty of measuring or defining intelligence in non-human animals makes the subject difficult for scientific study .,The difficulty of measuring or defining intelligence in non-human animals makes the subject difficult for a scientific study .,1
"The network previously repeated a translator in Waterbury , W12BH ( Channel 12 ) , which WEDY operates directly .","The network previously run a translator in Waterbury , W12BH ( Channel 12 ) , which repeated WEDY directly .",0
"After 52 years in the historic BB `` T Ballpark '' , the Dash now plays its home games in the new Ernie Shore Field , which opened in 2010 .","After 52 years at historic BB & T Ballpark , the Dash now plays its home games at the new Ernie Shore Field , which opened in 2010 .",1
Hasegawa ’ s research also includes the political and social history of the Russian Revolution of 1917 and Soviet -- Japanese relations .,Hasegawa 's research also includes the political and social history of the Russian Revolution of 1917 and Soviet -- Japanese relations .,1
"Rory Firth from his first marriage , Amy , Alex and James Firth from his second marriage , has been married three times and has four children .","Firth has been married three times and has four children ; Rory Firth , from his first marriage , Amy , Alex and James Firth from his second .",1
The Aube has 365 historical monuments of which 144 are enrolled and 221 are classified .,"The Aube has 365 historical monuments , 144 of which are classified and 221 are registered .",0
"Neuqua Valley High School , along with three middle schools and 19 elementary schools from this district , are within Naperville city limits in the southern part .","Neuqua Valley High School , along with three primary schools and 19 secondary schools from this district , are within Naperville city limits in the southern part .",0
"Tadiyale is a village in the Dahanu district of Maharashtra , India . It is located in the Arabian Sea Taluka , on the banks of Palghar .","Tadiyale is a village in the Palghar district of Maharashtra , India . It is located in the Dahanu - Taluka , on the banks of the Arabian Sea .",0
"Bruce Sagan , a longtime owner and publisher of `` Hyde Park Herald , is the father of Paul Sagan , the former CEO of Akamai Technologies .","Paul Sagan , a longtime owner and publisher of `` Hyde Park Herald , is the father of Bruce Sagan , the former CEO of Akamai Technologies .",0
Scott Martin is currently the Australian and Melbourne record holder with a litter of 21.26 meters in the Oceania leg of the World Athletics Tour meeting in February 2008 .,Scott Martin is currently the Australian and Melbourne record holder with a throw of 21.26 metres in the Oceania leg of the World Athletics Tour meeting in February 2008 .,1
"Rachel Dratch is a name of a fictional `` Saturday Night Live '' character who debuted in 2004 , and who was portrayed by Debbie Downer .",Debbie Downer is a name of a fictional `` Saturday Night Live '' character that was debuted in 2004 and portrayed by Rachel Dratch .,0
"Liubov Gromoglasova has won several awards and prizes in important international contests performing both , as a solo and in a piano duo , together with her sister Anastasia Gromoglasova .","Anastasia Gromoglasova , together with her sister Liubov Gromoglasova , has won several awards and prizes in important international competitions , both as a solo and as a piano duo .",0
"Franscoviak married the writer Maggie McGuane on November 24 , 2012 , who lives with her children Maisie and Charlie Kirn in Livingston , Montana .","On November 24 , 2012 , Franscoviak married the writer Charlie Kirn , who live with their children Maisie and Maggie McGuane in Livingston , Montana .",0
"The party began as a resistance movement that fought for East Timor 's independence between 1974 and 1998 , first of Indonesia and then of Portugal .","The party began as a resistance movement that fought for East Timor ’ s independence between 1974 and 1998 , first from Portugal and then from Indonesia .",0
The race covered the sixteenth race : Fox Sports was at Auto Club Speedway .,The race was sixteenth race Fox Sports covered at the Auto Club Speedway .,0
"The four wives of Mundal Ji named Khemi , Toli , Thukri and Santokhi had a son Seuram Ji and a daughter .","The four women of Mundal Ji had Khemi , Toli , Thukri and Santokhi a son named Seuram Ji and a daughter .",0
"She married Eero on June 10 , 1939 , and they had two children : Susan Saarinen , born 1942 , and Eric Saarinen , born 1945 .","She married Eero on June 10 , 1939 , and they had two children : Eric Saarinen , born 1942 , and Susan Saarinen , born in 1945 .",0
"Furthermore , Spain agreed into negotiations with the Portuguese court and on 13 February 1668 entered the Peace of Lisbon .","Furthermore , Spain entered into negotiations with the Portuguese court and agreed to achieve the Lisbon peace on 13 February 1668 .",0
"`` It was a crazy race , and I had such a fast Pennzoil Ford , '' said Logano .","`` It was a crazy race and I had such a fast Pennzoil Ford '' , Logano said .",1
"New teaching sites were opened in Ivrea , Mondovì , Biella , Alessandria and Vercelli in the 1990s .","In the 1990s , new teaching campuses were opened in Ivrea , Mondovì , Biella , Alessandria and Vercelli .",1
"She graduated from the Institute of Health Management in Nairobi , where she acquired a Physiotherapy Certificate , she comes from Kenya and stands .","She graduated from the Institute of Health Care Management in Nairobi , where she received a physiotherapy certificate . She comes from Kenya and stands .",1
"In August 2017 , as a member of the Republican Party , Glassman announced an exploratory campaign for the Arizona Corporation Commission ’ s race of 2018 .","In August 2017 , as a member of the Arizona Corporation Commission , Glassman announced an exploratory campaign for the 2018 race of the Republican Party .",0
Sportswriter and fellow player Wallace played Jimmy Smith on his 1909 All American Team `` .,Sportswriter and fellow player Wallace put Jimmy Smith on his 1909 `` All American Team . '',0
These partnerships allow providers to remove user-uploaded content from VK and replace it with legal embedded copies from the provider 's website .,These partnerships allow providers to remove user-uploaded content from VK and substitute it with legal embedded copies from the provider 's site .,1
There is no railway station in Kadipur airport that you can reach from Sultanpur by bus .,There is no railway station & airport in Kadipur . You can reach here by bus from Sultanpur .,1
He studied oriental languages in Amsterdam ( Athenaeum Illustre ) and in Leiden .,He studied Oriental languages in Leiden ( Athenaeum Illustre ) and Amsterdam .,0
"Conn Smythe , the founder of Toronto Maple Leafs , team owner Harold Ballard and Wrestler Whipper Billy Watson , helped Rumball raise the $ 7.6 million to open the center .","Harold Ballard , founder of Toronto Maple Leafs , team owner Conn Smythe , and Wrestler Whipper Billy Watson helped Rumball find the 7.6 million dollars to open the centre .",0
"The longtime owner and publisher of the `` Hyde Park Herald '' remains Bruce Sagan . He is father of Paul Sagan , the former CEO of Akamai Technologies .","Paul Sagan , a longtime owner and publisher of `` Hyde Park Herald , is the father of Bruce Sagan , the former CEO of Akamai Technologies .",0
"Balıklı is a village in the District of Gümüşhacıköy , Amasya Province , Turkey .","Balıklı is a village in the district of Gümüşhacıköy , province Amasya , Turkey .",1
Eastern Cape is an administrative district in the Amatole District of the Mnquma Local Municipality in South Africa .,Eastern Cape is an administrative area in the Amatole District of the Mnquma Local Municipality in South Africa .,1
"The other stations include Peelamedu , Singanallur , Irugur , Perianaikanpalayam , Madukkarai , Somanur and Sulur Road .","Other stations include Peelamedu , Singanallur , Irugur , Perianaikanpalayam , Madukkarai , Somanur and Sulur Road .",1
"Szabina Tápai ( born January 30 , 1986 in Kiskunhalas ) is a Hungarian handball player who plays in the second league for the Szent István SE .","Szabina Tápai ( born January 30 , 1986 in Kiskunhalas ) is a second handball player who plays in the Hungarian League for Szent István SE .",0
"In 2014 , A. R. Rahman recorded a song at a Singapore studio for Chithra 's private album `` Raunaq '' written by Kapil Sibal .","In 2014 , A. R. Rahman adopted a song for Chithra 's private album `` Raunaq '' in a Singapore studio , written by Kapil Sibal .",1
Darren Wassall attended our Lady of Fatima Primary School and the Lordswood Girls Secondary School and is a cousin of footballer Isitt .,Darren Wassall went to our Lady of Fatima Primary School and Lordswood Girls Secondary School and is a cousin of the footballer Isitt .,1
"In 1996 , Fleet acquired the British branch network ( in New York and New Jersey ) from the US National Westminster Bank .","In 1996 , Fleet acquired the British branch network ( in New York and New Jersey ) of the US National Westminster Bank .",1
A real nightingale is featured in `` and is used to replace a mechanical nightingale for a princess .,A real nightingale is introduced in `` and is used to replace a mechanical nightingale for a princess .,1
"In September 2003 , published in France , `` Sharko III '' was later released in Belgium , the Netherlands , Switzerland and Japan .","Released in September 2003 in France , `` Sharko III '' was later released in Belgium , the Netherlands , Switzerland , and Japan .",1
"She took refuge in England with her family in 1938 , and the family settled in East Finchley in northern London , where they visited the Tollington Hill School .","With her family she took refuge in England in 1938 , and the family settled in East Finchley , in northern London where she attended Tollington Hill School .",1
Administratively this island belongs to the Astrakhan Oblast of the Russian Federation .,"Administratively , the island belongs to the Astrakhan Oblast of the Russian Federation .",1
"Abel Aganbegyan ( born 1972 , Novosibirsk ) is a Russian economist , president of the Micex , son of the famous Soviet economist Ruben Aganbegyan .","Abel Aganbegyan ( ; b . 1972 , Novosibirsk ) is a Russian economist , the President of Micex . Son of the famous Soviet economist Ruben Aganbegyan .",1
It was built in 1988 by Jim Bell and William Feldstein and has been developed by H & amp ; H .,It was developed in 1988 by Jim Bell and William Feldstein and built by H & H .,0
Soundtrack was composed by Deva and lyrics were written by Palani Bharathi and Vaasan .,The soundtrack was composed by Palani Bharathi and the lyrics by Deva and Vaasan were written .,0
"In the confusion of events , Empress Gao tried to have the mother of Emperor Xiaoming , Consort Hu , kill , but could not .","In the confusion of the events , Empress Gao tried to have Emperor Xiaoming 's mother Consort Hu killed , but could not .",1
"On 22 June 1941 , the 27th , 56th , and 85th Rifle Divisions were part of the corps , as part of 3rd Army .","On 22 June 1941 , the 85th , 56th and 27th rifle divisions were part of the corps as part of the 3rd army .",1
"It was produced by Hiroaki Gōda , animated by TBS and Kodansha , and directed by Anime International Company .","It was directed by Hiroaki Góda , animated by Anime International Company , and produced by TBS and Kodansha .",0
Anthony Calvillo completed 22 of 32 pass attempts for 301 yards . Ricky Ray was 22 for 37 for 371 yards .,Ricky Ray completed 22 of 32 passage attempts for 301 Yards Anthony Calvillo was 22 for 37 for 371 Yards .,0
The preferred method of treatment at the time was active medication .,The most active treatment method at present was the preferred medication .,0
"Lee Lee Field , in Wyoming neighborhood of Galewood , Michigan , is the home stadium of the club .","Lee Field in the Wyoming neighborhood of Galewood , Michigan is the club 's home stadium .",1
"It was born in Cork , daughter of Richard Hartland and Mary Walsh , was the niece of the artist Stephen Jackson and married Henry Albert Hartland .","She was born in Cork , the daughter of Richard Hartland and Mary Walsh . She was the niece of artist Stephen Jackson . She married Henry Albert Hartland .",1
"She also had a supporting role in the 1992 film `` Bob Roberts '' , as Dolores Perrigrew .","She also had a supporting role in the film `` Dolores Perrigrew '' 1992 , when Bob Roberts .",0
"For many years , Ian Weatherhead lived in Somerset , before moving to Cheltenham .",Ian Weatherhead lived for many years in Somerset before moving to Cheltenham .,1
"Cherry Jones ' character was the daughter of Elizabeth , played by Allison Janney , and not the daughter of Mary , who was played by Katie Holmes .","Cherry Jones ' character is the daughter of Elizabeth , played by Allison Janney , and not the daughter of Mary played by Katie Holmes .",1
"About Cowles distinction between primary succession and secondary succession , Clements wrote ( 1911 ) :",Cowles ( 1911 ) wrote about distinguishing clements between primary succession and secondary succession :,0
They had a neighborhood allies including the collopys ( Brian Collopy and Phillip Collopy ) .,They had a neighborhood allies including the Collopys ( being Brian Collopy and Phillip Collopy ) .,1
"Jan Hambourg was born in Voronezh , Russia , the middle brother between famous pianist Mark Hambourg ( b .","Jan Hambourg was born in Voronezh , Russia , the middle brother between the famous pianist Mark Hambourg ( b .",1
There were 15 ( 6.6 % ) unmarried partnerships and 1 ( 0.4 % ) same-sex couples or partnerships .,"There were 15 ( 6.6 % ) unmarried opposite-sex partnerships , and 1 ( 0.4 % ) same-sex married couples or partnerships .",1
The 2nd BCT of the 28th Infantry Division concentrated in Ramadi on controlling the main roads and protecting the governor and government centre .,The 2nd BCT of the 28th Infantry Division focused in Ramadi on protecting the main roads and controlling the governor and the government center .,0
"Real world , which seems to them more favorable than parallel .","Parallel world , which seems more favorable than real to them .",0
"The ground was home to the American Association , that played in the Players ' League in 1890 and the Boston Reds in 1891 .","The soil was home to the American Association , which played in 1890 in the players ' League and the Boston Reds in 1891 .",1
"Stevens was a Republican when the party was founded , and was a delegate to the Republican National Conventions in 1860 and 1868 .","Stevens became a Republican when the party was founded , and was a Delegate to the Republican National Conventions in 1860 and 1868 .",1
The FIFA 10 Manager was developed by Bright Future and is published by EA Spore .,FIFA Manager 10 was developed by Bright Future and published by EA Spore .,1
"According to Jon Uren , Marketing Director of Warner Music Europe , the song also had `` fantastic '' early support all over Europe .","According to Jon Uren , Marketing Director of Warner Music Europe , the song had also `` early '' fantastic support across Europe .",1
"From behind bars , Dimitri finds out , Maddie is not Erica 's father and helps Edmund to reunite with his daughter .","From behind bars , Erica finds out Dimitri is not Maddie 's father and helps Edmund reunite with his daughter .",0
"It was the northernmost of several Muslim states in the Horn of Africa , acting as a buffer between the Christian Kingdom and the Muslim states along the coastal regions .","It was the northernmost of several Muslim states in the Horn of Africa , acting as a buffer between Christian kingdom and the Muslim states along the coastal regions .",1
"It is licensed and published in Taiwan by Blu on May 8 , 2007 . The manga is licensed in North America by Sharp Point Press .","It is licensed and published in Taiwan by Blu on May 8 , 2007 , and is licensed by Sharp Point Press in North America .",1
"Without a proposed timeframe , given is the Cleveland Athletic Club building conversion into a Crowne Plaza hotel .","Without a proposed timeframe , the Cleveland Athletic Club building is transformed into a Crowne Plaza hotel .",1
"Quindío is a municipality in the western part of the department of Montenegro , Colombia . It is located 10 km west of the departmental capital Armenia .","Montenegro is a municipality located in the western part of the Quindío department of Colombia , 10 km west of the district capital Armenia .",0
"In the United Kingdom , mescaline is a class A drug in dried powder form , but cleaned cactus can be legally bought and sold .","In the United Kingdom , meskaline is a class A drug in purified powder form , but dried cactus can be bought and sold legally .",0
"It was the northernmost of several Muslim states in the Horn of Africa , acting as a buffer between the Christian Kingdom and the Muslim states along the coastal regions .","It was the northernmost of several Muslim states in the Horn of Africa , acting as a buffer between Muslim kingdom and the Christian states along the coastal regions .",0
Startforth Rural District was a rural district in the North Riding of the historic county of Yorkshire in the Pennines north of England .,Startforth Rural District was a rural district in the North Riding of the historic county of Yorkshire in the Pennines of northern England .,1
"A quantum fluid refers to each system that shows quantum mechanical effects at the macroscopic level , such as superfluids , superconductors , ultracold atoms , etc .","A quantum mechanical fluid refers to any system that shows macroscopic effects at the quantum level , such as superfluids , superconductors , ultracold atoms , etc .",0
"The Entente Cordiale of 1904 changed the diplomatic and military landscape , which was reflected in fictional writings .","The Entente Cordiale of 1904 changed the diplomatic and military landscape , which reflected in fictional writings .",1
"A second production facility was opened in 1973 in Kumasi , Ghana , and a third opening in Pilsting in December 1974 in order to support a large contract .","A second manufacturing facility opened in Pilsting in 1973 , and a third opening in Kumasi , Ghana , in December 1974 to support a large order .",0
"Born in 1783 in Sheffield , the second son of Isabella and Thomas Beilby , the family went to Birmingham in 1783 .","Born in 1783 in Birmingham , the second son of Isabella and Thomas Beilby . In 1783 the family moved to Sheffield .",0
"The average net content of a Croatian worker was 5,895 HRK per month in January 2017 , while the average gross salary was 7,911 HRK per month .","The average net salary of a Croatian worker in January 2017 was 5,895 HRK per month , and the average gross salary was 7,911 HRK per month .",1
"Scenic design was created by Allen Moyer , lighting by David Van Tieghem , costumes by Michael Krass and the original music and sound design by David Lander .","Scenic design was by Allen Moyer , lighting by David Van Tieghem , costumes by Michael Krass and the original music and sound design by David Lander .",1
He developed a psychogenic disorder and severe dissociative amnesia .,He developed psychogenic disorder and a severe dissociative amnesia .,1
This includes public bodies and public bodies that regulate private bodies .,This includes public bodies and public bodies that regulate private institutions .,1
"Keyboarder Rusty Scott left the band at the end of 2012 to continue his musical career in a different direction , and Travis Colby is now on keyboards .",Keyboardist Travis Colby left the band at the end of 2012 to continue his music career in a different direction and Rusty Scott is now on keyboards .,0
A back injury forced Dan Lauzon out of his bout with Rafaello Oliveira and he was replaced by Nik Lentz .,A back injury forced Nik Lentz out of his battle with Rafaello Oliveira and he was replaced by Dan Lauzon .,0
Mohsin Zaidi lived in Delhi for nearly four decades before settling down in Lucknow after retirement .,"For almost four decades , Mohsin Zaidi lived in Lucknow before settling after retirement in Delhi .",0
"Ashton was born on November 30 , 1957 in the Whips Cross Hospital at Forest Gate in Leicestershire , and lived in North Kilworth , South London .","Ashton was born on November 30 , 1957 in the Whips Cross Hospital in the Forest Gate , London , and lived in North Kilworth , South - Leicestershire .",0
Diseases associated with this genus include : DCV : increased reproductive potential ; extremely high when associated with pathogenic injected mortality ; CrPV : paralysis and death .,"Diseases associated with this genus include : DCV : increased reproduction potential , extremely pathogenic when injected with high associated mortality , CrPV : paralysis and death .",0
"In late 2017 , Brandon started garage rock band The Vitriots with sydney-based Richard Heath and Jaxon Brown .","In late 2017 , Brandon founded the garage rock band The Vitriots with Sydney-based Richard Heath and Jaxon Brown .",1
Next year he became a starter at left guard and right tackle .,"The next year , he became a starter at both left guard and right tackle .",1
Orson Welles saw Schilling in Florida and followed him to New York .,Orson Welles saw in Florida Schilling and followed him in New York .,1
"Professor Gilbert was survived by his wife , Fiona , whom he married in 1967 , and their daughters , Michelle and Ingrid .","Professor Gilbert was survived by his wife Fiona , whom he married in 1967 , and whose daughters Michelle and Ingrid survived .",1
"Coins were described using only three adjectives : `` fine '' , `` good '' , or `` immovable '' .","Coins were described using only three adjectives : `` fine , `` good '' or `` uncirculated '' .",1
"In bioinformatics , inverted indexes are very important in the sequence assembly of short fragments of sequenced DNA .","In bioinformatics , inverted indices in the sequence assembly of short fragments of sequenced DNA are very important .",1
"In 1908 , Jolley died and the newspaper was bought by Galen Seaman .",Galen Seemann died in 1908 and the newspaper was bought by Jolley .,0
"Barbara Rogowska , known as Barbara Kwarc ( born June 19 , 1953 ) is a Polish actress , comedian and celebrity .","Barbara Rogowska , known as Barbara Kwarc ( born June 19 , 1953 ) is a Polish comedian actress , comic and celebrity .",1
"In July 2013 , Lone Star sold comics three of their five remaining stores in Plano , Hurst and Mesquite .","In July 2013 , Lone Star comics sold three of their five remaining stores in Mesquite , Hurst and Plano .",1
"In a standard - RAID - 01 - configuration , at least four disks are required , but larger arrays are also required .","At least four disks are required in a standard RAID 01 configuration , but larger arrays are also used .",1
"Carson City was first recorded in 1866 on land owned by R. M. Abbott , Delia Miner , and Hiram T. Sherman and platted in 1871 .","Carson City was first recorded in 1866 in the land owned by R. M. Abbott , Delia Miner and Hiram T. Sherman and in 1871 .",0
"The position of Leader of the Opposition was essentially informal throughout the nineteenth century , with formal recognition only being granted in the early twentieth century .","The position of the opposition leader was essentially informal in the whole of the twentieth century , with formal recognition only being granted in the nineteenth century .",0
"Lennox Island 6 is located in Fernwood , Prince Edward Island , approximately to the west of the Bedeque community .","Lennox Island 6 is located in Fernwood , Bedeque , approximately west of the community of Prince Edward Island .",0
"Born in Geneva , she later traveled to Moscow to study chemistry .",She was born in Moscow and later traveled to Geneva to study chemistry .,0
"The zone serves eastern and central Madhya Pradesh , the southern Uttar Pradesh and northeastern Rajasthan State .","The zone serves eastern & central Madhya Pradesh , southern Uttar Pradesh , and northeastern Rajasthan state .",1
"The word for similar is `` radulans '' , which is quite rough .","The word for the similar is '' Radulans '' , which is quite rough .",1
"Tamira Paszek defeated Agnieszka Radwańska , 6 -- 3 , 6 -- 4 .","Tamira Paszek defeated Agnieszka Radwaą ska , 6 -- 3 , 6 -- 4 .",1
"In March 2009 , Marco Pierre White , whom Claudia Winkleman described as '' naturally funny `` , was confirmed as a new host .","In March 2009 , Claudia Winkleman , described by Marco Pierre White as '' naturally funny `` , was confirmed as the new host .",0
It was created by Eddie Mort and Lili Chin and produced by Warner Bros .,It was created by Eddie Mort and Lili Chin and produced by Warner Bros..,1
He was once imprisoned for gambling and subsequently relished the affair with pride .,He was subsequently imprisoned for gambling and once enjoyed the affair with pride .,0
"Hector Crawford was the brother of 3DB manager and administrator Dorothy Crawford , and also brother to Curteis Crawford .","Hector Crawford was the brother of 3DB manager and administrator Dorothy Crawford , and brother of Curteis Crawford .",1
Abraham Naftali Hertz Scheuer was born in Frankfurt am Main in 1753 as son of his father Rabbi David Tebele Scheuer .,David Tebele Scheuer was born in Frankfurt am Main in 1753 to his father Rabbi Abraham Naftali Hertz Scheuer .,0
"The 1978 Daytona 500 , the second race of the event , was the 20th round of the 1978 NASCAR Winston Cup season .","The 1978 Daytona 500 , the 20th round of the event , was the second race of the NASCAR Winston Cup season in 1978 .",0
"`` Love Me '' is a song from the Bee Gees , recorded on the 1976 album `` Children of the World '' .","`` Love Me '' is a song released by the Bee Gees , recorded on the 1976 album `` Children of the World '' .",1
"Guillermo Cañas won against Juan Carlos Ferrero in the final with 7 : 6 , 6 : 2 .","Juan Carlos Ferrero won in the final 7-6 , 6-2 , against Guillermo Cañas .",0
"In the 476th round ( 16th total ) of the Major League Baseball draft in 2004 , Arizona Reynolds was selected by the Arizona Diamondbacks .","In the 16th round ( 476th total ) of the Major League Baseball draft in 2004 , Arizona Reynolds was selected by the Arizona Diamondbacks .",0
"The plant grows on wet , often slightly calcareous , rocks and ledges .","The plant grows on calcareous , often slightly wet rocks and cliffs .",0
"In 1889 , Esler sold Charles Conger , who sold it to Horace Nichols in May 1891 .","Esler sold it to Charles Conger in 1889 , who sold it to Horace Nichols in May 1891 .",1
"Lazkao is a town and municipality located in the Goierri region of the province of Gipuzkoa , in the Basque Autonomous Community in Northern Spain .","Lazkao is a town and municipality in the Goierri region in the province of Gipuzkoa , in the Basque Country Autonomous Community of Northern Spain .",1
Small populations have also been found in western Illinois and eastern Oklahoma .,Small populations have also been found in the western Illinois and eastern Oklahoma .,1
"He received the title of a baron of Harsefeld in Bremen , then in Swedish hands when he was a French ambassador in Hamburg .","He received from her the title of Baron of Harsefeld in Bremen , then in Swedish hands , when he was French ambassador in Hamburg .",1
"Shaffer Creek is a tributary of the Brush Creek ( Raystown Branch Juniata River ) in Bedford County , Pennsylvania , United States .","Shaffer Creek is a tributary of the Raystown Branch Juniata River ( Brush Creek ) in Bedford County , Pennsylvania , United States .",1
The Patriarchal is a member of Metropolitan Synod .,The metropolitan is a member of the Patriarchal Synod .,0
"The spacecraft is the first application of Astrium `` Flexbus '' platform , GRACE was the second .","The spacecraft is the second application of the `` Flexbus '' platform by Astrium , GRACE was the first .",0
"Michael Michael Stich defeated Nicklas Kulti with 6 -- 3 , 1 -- 6 , 6 -- 2 .","Nicklas Kulti defeated Michael Stich 6 -- 3 , 1 -- 6 , 6 -- 2",0
"Nicky Romero ( born January 6 , 1989 ) , known professionally as Nick Rotteveel , is a Dutch DJ , record producer , musician and remixer .","Nick Rotteveel ( born January 6 , 1989 ) , professionally known as Nicky Romero , is a Dutch DJ , record producer , musician and remixer .",0
He had to compose in Sweden and Mexico compared to the other S2000 drivers with superior status and therefore had to sweep the streets for them .,He had to compose in Mexico and Sweden compared to the other S2000 drivers with superior status and therefore had to sweep the streets for them .,1
"Some have positive effects , some negative .",Some have negative and some positive effects .,1
"RAF Ash was sold and the site was closed in July 1998 and is now being used by The Bunker , an Internet hosting company , as a secure server farm .","RAF Ash has been closed and the site was sold in July 1998 and is now used by The Bunker , an Internet hosting company , as a secure server farm .",0
"In 1882 , he was named to the Quebec Superior Court for Gaspé district , later serving in Joliette , Kamouraska and Montmagny districts .","In 1882 he was named the Quebec Superior Court for Joliette district , later in Montmagny , Kamouraska and Gaspé districts .",0
"These dioceses had direct election of four members , indirect election of three members :","These dioceses had an indirect election of four members , direct election of three members .",0
The Văcăria River is a tributary of the River Pilugul in Romania .,The Pilugul River is a tributary of the river Văcăria in Romania .,0
The change was still in the air in 1969 and T. and R. Smith was taken over by J. N. Nichols ( Vimto ) from Manchester .,The change was still in the air in 1969 and T. and J. N. Nichol was taken over by R. Smith ( Vimto ) from Manchester .,0
"It was a finalist for the 2002 Sidewise Award for best alternate-form long history , and the 2003 John W. Campbell Memorial Award .",It was a finalist for the 2002 Sidewise Award for the best long form Alternate History and the John W. Campbell Memorial Award 2003 .,0
"The cooperative National Weather Service station reports that Occidental has warm , dry winters and cool , wet summers .","The cooperative national weather station reports that Occidental has cool , wet winters and warm , dry summers .",0
Serkan Yalçın ( born 2 November 1982 ) is a Turkish professional footballer who plays as a defender for Akhisar Belediyespor in the TFF First League .,"Serkan Yalçan ( born November 2 , 1982 ) is a Turkish football professional who plays as a defender for the TFF First League in Akhisar Belediyespor .",0
"During the early 21st century , certain real island was occasionally listed as '' Lot 1 Norfolk Bay , Dunalley TAS 7177 `` on Smooth -estate classifieds .","During the early 21st century , Smooth Island was occasionally listed as `` Lot 1 Norfolk Bay , Dunalley TAS 7177 '' on certain real-estate classifieds .",0
"Verónica Cepede Royg won the title , defeating Darija Jurak and Anastasia Rodionova and Mariana Duque Mariño in the final , 6 -- 3 , 6 -- 2 .","Darija Jurak and Anastasia Rodionova won the title , Verónica Cepede Royg and Mariana Duque Mariño in the finals , 6 -- 3 , 6 -- 2 defeated .",0
The 35th wing was replaced with the newly activated 85th wing .,The 35th Wing was replaced by the newly activated 85th Wing .,1
Thomas Thomas was the youngest child of the farmers Fred and Elizabeth Goodwill .,Fred was the youngest child of farmers Thomas and Elizabeth Goodwill .,0
"On 31 July 2015 , Moore was signed by the Chicago Bears , and on 5 September 2015 he was released by the Bears .","On July 31 , 2015 , Moore was released by the Chicago Bears . On September 5 , 2015 , he was signed by the Bears .",0
"During this time the climate was a mixture of two different seasons , a dry season and a shorter rainy season .","The climate during this time was a mixture of two different seasons , rainy seasons and a shorter dry season .",0
"He was murdered , with 18 other captured SOE officers , at the Gross-Rosen concentration camp in Lower Silesia in July or August 1944 .","In July or August 1944 , he was captured in Lower Silesia with 18 other murdered SOE officers in the Groß-Rosenen concentration camp .",0
"In addition , it destroyed 340 houses and damaged 12 , most of which are in Collier County .","In addition , it damaged 340 houses and destroyed 12 , most of which were in Collier County .",0
"It impregnates all his art , and it impregnates it with extraordinary creativity and constructive character. ``",It impregnates all his art and impregnates it with extraordinary creativity and constructive character .,1
"The eggs , which are generally two , are marked brown with greenish white and measure about 1.14 cm by 0.77 cm .","The eggs , which are generally two in number , are greenish white marked with brown , and measure about 1.14 cm by .77 cm .",0
Snake finds Melissa and flees to the horses where they are met by Arevin and safety .,"Snake escapes Melissa and finds back to the horses , where they are met by Arevin and safety .",0
"Here he helped with performances of the Association of Young People from the Parish Saint-Sulpice , and began to recite poems with this association .","Here he began with performances given by the association of young people from the parish of Saint-Sulpice , and helped to recite poetry with this association .",0
"In 2009 , it was won by Australian Martin Fryer , the world champion of the 24-hour race in 2008 , and in 2008 by Ryoichi Sekiya .","In 2009 , it was won by Australian Ryoichi Sekiya , the 2008 world champion of 24-hour racing , and in 2008 by Martin Fryer .",0
Jonathan decides to find out what really happened to her and hacks into Darren laptop .,Jonathan decides to find out what really happened to her and hacks into Darren 's laptop .,1
Baron Paul Georges Marie Kronacker ( 5 November 1897 -- 3 February 1994 ) was a liberal chemist and Belgian politician for the Liberal Party .,"Baron Paul Georges Marie Kronacker ( November 5 , 1897 - February 3 , 1994 ) was a liberal chemist and politician for the Liberal Party .",1
"In 1955 , KXLF added ABC programming , soon the DuMont station was lost when it was shut down .","KXLF added ABC programming in 1955 ; soon afterward , the station lost DuMont when it shut down .",1
His best World Cup final was twice fifth with one in Sweden in 2008 and the other in Canada in 2009 .,His best World Cup finish was fifth twice with one in 2008 in Canada and the other in 2009 in Sweden .,0
Doyle said the Maryland -- Pennsylvania Mason -- Dixon line is exact :,Doyle said the Pennsylvania -- Maryland Mason -- Dixon line is exactly,0
Publius Minucius Augurinus was a Roman statesman who served as Consul in 492 BC with Titus Geganius Macerinus .,Titus Geganius Macerinus was a Roman statesman who served in 492 B.C . as a consul with Publius Minucius Augurinus .,0
Emperor Xuanzong himself was the imperial examinations late in Tianbao 's '' Chang Gun `` era ( 742-756 ) .,Chang Gun himself passed the imperial examinations late in Emperor Xuanzong 's `` Tianbao '' era ( 742-756 ) .,0
"Des Moines is included in the Warren County -- West Des Moines , IA Metropolitan Statistical Area .","The Moines is included in the Warren County -- West Des Moines , Metropolitan Statistical Area IA .",1
"In later parts of the book , characters compare their desperate situation with that of relevant characters of the semi-mythical legend , with the Scandinavian poetry being quoted occasionally .","In later parts of the book , characters compare their desperate situation to that of relevant characters of semi-mythical legend , with the Scandinavian poetry occasionally quoted .",1
"Born on November 1 , 1986 , Ashley is a contemporary dancer from Los Angeles who was originally raised in Arizona .","Ashley was born on November 1 , 1986 and is a contemporary dancer from Arizona , who originally grew up in Los Angeles .",0
Simon Butler ( d. 1755 ) was a Welsh immigrant who came to Pennsylvania in 1712 with his cousin Simon Mathews .,Simon Mathews ( b . 1755 ) was a Welsh immigrant who came to Pennsylvania in 1712 with his cousin Simon Butler .,0
"The following is a table of the nominative case of the singular and plural second person in many languages , including their respectful variants ( if exists ) :","The following is a table of the nominative case of the respectful person in many languages , including their singular and plural - second variants ( if any ) :",0
The problem of checking whether a given polynomial is a permutation polynomial over a finite field can be solved during polynomial time .,The problem of checking whether a given polynomial is a permutation polynomial over a polynomial field can be solved in final time .,0
"He claimed that four Ukrainian soldiers were injured , while two of his men were killed during the fighting .","He claimed that four Ukrainian soldiers were killed , while two of his men were injured during the fighting .",0
"Despite the general success of the limited attack , the battalion lost nearly half of its strength .",Despite the general success of the limited attack the battalion lost nearly half its strength .,1
"Syrian Haitians are Haitians of Syrian descent , or a Syrian with Haitian citizenship . A small Syrian community exists in Haiti .","Syrian Haitians are Syrians of Haitian descent , or a Haitian with Syrian citizenship . A small Syrian community exists in Haiti .",0
"SDT was the first , second , third , fourth , fifth , sixth , seventh and eighth team to win the first title in the UAAP Cheerdance Competition .","SDT was the first , second , third , fourth , fifth , sixth , seventh and eighth team to earn the first title in the UAAP Cheerdance Competition .",1
"Magda Lorne learns from her supervisor , Cholayna Ares , that a Terran operative , Alexis Anders , has survived a plane crash in the Hellers a week earlier .","Magda Lorne learns from her supervisor , Cholayna Ares , that a terran woman , Alexis Anders , survived a plane crash in the Hellers a week earlier .",1
"Crocker moved from Natchez , Mississippi to Vidalia , the headquarters of the Concordia Parish , and crossed the lower Ouachita in the Black River section .","Crocker crossed from Natchez , Mississippi , to Vidalia , the seat of the Concordia Parish , and moved towards the lower Ouachita in the Black River section .",1
She spent the first six years of her childhood in Manila before moving to Angeles City .,The first six years of her childhood spent in Angeles City before she moved to Manila .,0
Akshuat dendropark ( Russian : Акшуатский дендропарк ) is a Protected monument ( natural areas of Ulyanovsk Oblast ) .,Akshuat dendropark ( Russian : Акшуатский дендропарк ) is a natural monument ( Ulyanovsk Oblast protected areas ),0
"April 16 , 1984 -- became adult contemporary WCGY , 1960s ' and 1970s ' music with 25 % current music .","16 April 1984 -- became adult contemporary WCGY , music of the 1960s and 1970s with 25 % current music .",1
"Some feel it is moving away from its American Tribal Style Belly Dance Roots , and some newer Tribal Fusion Dancers have never studied American Tribal Style Belly Dance .","Some believe that it is moving away from its Belly Dance Roots in the American Tribal Style , and some newer Tribal Fusion dancers have never studied the American Tribal Style Belly Dance .",1
"Jelena Dokić won in the final 6 -- 2 , 6 -- 3 against Anastasia Myskina .","Jelena Dokić won 6 -- 2 , 6 - 3 against Anastasia Myskina in the final .",1
They once participated in the Copa do Brasil and twice in the Série C .,They competed in the Copa do Brasil twice and in the Série C once .,0
"Two bridges cross the river to Pental Island , to the west on Fish Point Road and to the east at Swan Hill at the Fish Point .","Two bridges cross the river to Pental Island , on Swan Hill in the west , and Fish Point Road at the Fish Point in the east .",0
These airlines operate more than 80 cities across India and also connect overseas routes after the liberalisation of Indian aviation .,"These airlines connect more than 80 cities throughout India and , after the liberalisation of Indian aviation , also operate overseas routes .",0
"I gathered me also silver and gold ; as it is written , `` And the king made silver to be in Jerusalem as stones '' ( I Kings x .","I have also made silver and gold , as written : `` And the king gathered silver to be as stones in Jerusalem , ( I kings x .",0
"Danai Udomchoke won the tournament after defeating Samuel Groth 7 -- 6 , 6 -- 3 in the final .","Samuel Groth won the tournament after defeating Danai Udomchoke in the final with 7 : 6 , 6 : 3 .",0
Family life was hard in the early days . Both water and firewood had to be brought from long,"In the early days , family life was long : water and firewood had to be brought by hard .",0
"The statistical leaders of the team included Jim Butler with 1,687 heated yards , Mike Ridley with 311 passing yards and Todd Starks with 486 receiving yards .","The team 's statistical leaders included Jim Butler with 1,687 rushing yards , Mike Ridley with 311 passing yards , and Todd Starks with 486 receiving yards .",1
The director was Harry Kronman and producer John Guedel .,"Harry Kronman was the director , and John Guedel was the producer .",1
Finally Sean and his son Dirk leave the wilderness and discover that there is a war between the British and the Bureau .,Sean and his son Dirk finally leave the wilderness and discover that a war is brewing between the British and the Boers .,1
Tommy is the brother of Carlow footballer Patrick Walsh .,Patrick Walsh is the brother of Carlow 's footballer Tommy .,0
"Kurgo products are also available in Europe through the distributor Accapi Group , while MasterPet Kurgo distributes products in Australia and New Zealand .","Kurgo products are also available in Europe through the distributor Accapi Group , while MasterPet distributes Kurgo products in Australia and New Zealand .",1
"`` Meriden , Connecticut '' was sold to Burdett Pond von Tennessee on September 15 , 1886 .","`` Tennessee '' was sold to Burdett Pond by Meriden , Connecticut , on September 15 , 1886 .",0
"His three sisters included Helen C. Bulkeley , who married Roland Redmond , Mary Caroline Bulkeley .","His three sisters included Mary Caroline Bulkeley , who married Roland Redmond , Helen C. Bulkeley ( b .",0
"The optative mood is an archaic or poetic variant of the imperative mood that expresses hopes or wishes , and is not used in the normal language .",The optative mood is an archaic or poetic variant of the imperative mood that expresses hopes or wishes . It is not used in normal language .,1
I tried to buy it when Roy Abernethy ( later governor of Michigan ) and George Romney were AMC .,I tried to buy it when George Romney ( later Michigan governor ) and Roy Abernethy were running AMC .,0
`` Clitarchus hookeri '' is found from Northland to the region of Wellington in the south of the North Island of New Zealand .,`` Clitarchus hookeri '' is found from Wellington to the Northland region in the south of New Zealand 's North Island .,0
Bhojpuri is the local language and the official language is Hindi .,"The local language is Bhojpuri , while the official language is Hindi .",1
"During the night of 6 to 7 August , the Croatian Home Guard Regiment , supported by the 20th police and elements of the 153rd Brigade , captured Glina despite strong resistance .","During the night of 6/7 August , the 20th Home Guard Regiment , supported by Croatian police and elements of the 153rd Brigade , captured Glina despite strong resistance .",0
"Parallel world , which seems to them more favorable than real .","Parallel world , which seems more favorable than real to them .",1
"Under Portuguese rule this province was called Moçambique , but with independence the name Mozambique was renamed the entire country and province for its capital .","Under Portuguese rule this province was renamed Moçambique but with independence , the name Mozambique was used for the entire country and the province named for its capital .",0
"They each had a contrasting public image , with Novak looking sloppy , and Evans dressing like a diplomat with a refined manner .","They each had a contrasting public image , with Novak appearing sloppy and Evans ' dressing like a diplomat with a refined manner .",1
Hippotion moorei is a moth of the family Sphingidae . It is known from dry areas from northern Somalia to Ethiopia and Tanzania .,"Hippotion moorei is a moth of the family Sphingidae , known from dry areas from northern Somalia to Ethiopia and Tanzania .",1
Beatrice married the Frederick of Geneva .,Beatrice married Frederick of Geneva .,1
Part of the barley is roasted to give Guinness its dark colour and characteristic taste .,A portion of the barley is roasted to give Guinness its characteristic colour and dark taste .,0
The United States Postal Service operates the Bell Post Office at the 6327 Otis Avenue and the Bandini Boulevard Post Office at 5555 Bandini Station .,The United States Postal Service operates the Bell Post Office at 6327 Otis Avenue and Bandini Station Post Office at 5555 Bandini Boulevard .,0
`` CQ Politics '' assessed this race as '' Tossup '' . `` The Cook Political Report '' considered it as '' Lean Republican `` .,`` CQ Politics '' rated this race as ' Tossup ' . `` The Cook Political Report '' considered it ' Lean Republican ' .,1
"Coney Bay is a natural bay on the island of Newfoundland in the province of Newfoundland and Labrador , Canada . It is located east of Otter Bay .","Coney Bay is a natural bay on the island of Newfoundland in the province of Newfoundland and Labrador , Canada . It is east of Otter Bay .",1
"Together , the rebels attempted to cross the eastern bank of the Rawda Island and enter Yalbugha 's camp , but were rejected by Naphtha - artillery and arrows .","Together , the rebels attempted to enter the east bank of the Rawda Island and cross Yalbugha 's camp , but they were repelled by naphtha artillery and arrows .",0
"Dassel Township is a municipality in Meeker County , Minnesota , United States .","Dassel Township is a township in Meeker County , Minnesota , United States .",0
"Robert Holland ( 1569 -- 1633 ) , the son of Hugh Holland , was born in Denbigh in the north of Wales .","Hugh Holland ( 1569 - 1633 ) , the son of Robert Holland , was born in Denbigh in the north of Wales .",0
Butler died on 16 January 1909 in Oxford and was buried at Holywell Cemetery in Torquay .,"Butler died at Oxford on 16th January , 1909 , and was buried in Holywell cemetery , Torquay .",1
"About 1838 , Stephenson returned to Manchester and established himself as a historical and landscape engraver in St. Ann Street and then in a studio in Ridgefield .","Around 1838 , Stephenson returned to Manchester and established himself as a historical and landscape engraver in Ridgefield and then in a studio in St. Ann Street .",0
His religion was influenced directly by the political balance of international powers .,His religion was influenced directly from the international balance of political powers .,0
"Jequié is rich on Iron Ore , so it is very cold during the day , and hot at night .",Jequié is rich in iron ore so that it is very hot during the day and cold at night .,0
It was MacPaint and followed a competitor to SuperPaint by Silicon Beach Software .,It was MacPaint and followed a competitor to Silicon Beach Software 's SuperPaint .,1
Duff Twysden was played by Fiona Fullerton in the miniseries '' Hemingway `` in 1988 with Stacy Keach .,"In the 1988 miniseries `` Hemingway '' , starring Stacy Keach , Duff Twysden was played by Fiona Fullerton .",1
"He has pioneered important developments in wood sculpting , in parallel with those driven by Filippo Parodi in the marble sculpture and Domenico Piola in painting .","He pioneered important developments in the style of sculpting in wood , parallel to those driven by Filippo Parodi in marble sculpture and Domenico Piola in painting .",1
"Blauburger gives good yields and is particularly resistant to `` Botrytis cinerea '' , but is susceptible to mildew down .","Blauburger gives good yields and is particularly susceptible to `` Botrytis cinerea '' , but is resistant to mildew .",0
"Chauvetia multilirata is a species of sea snail , a true gastropod mollusc in the family Buccinidae , the marine whelks .","Chauvetia multilirata is a species of sea snail , a true gastropod mollusk in the Buccinidae family , the marine whelks .",1
For the 2007 Games Futsal was added to the program for the first ( and as of 2011 only time ) while racquetball and basque pelota were dropped .,"For the 2007 games , Futsal was added to the Basque programme ( and from 2011 for the first time ) , while Racquetball and only Pelota were dropped .",0
"With Martinez 'permission , Ross fired the shot that Nocona 's life took .","With Martinez 's permission , Ross fired the shot that took Nocona 's life .",1
"In mission-flawless software systems , where critical performance is absolutely necessary , formal methods may be used to ensure the correct operation of a system .","In mission-free software systems where critical performance is absolutely necessary , formal methods can be used to ensure the correct operation of a system .",1
"Gangotri - Glaciers ( Sanskrit , Nepali and ) is located in Uttarkashi District , Uttarakhand , India , in a region bordering Tibet .","Gangotri Glacier ( Sanskrit , Nepali and ) is located in Uttarkashi District , Uttarakhand , India in a region bordering Tibet .",1
"Lake Arrowhead is an artificial lake located in the San Bernardino Mountains on Little Bear Creek , a tributary of Deep Creek and the Mojave River .","Lake Arrowhead is an artificial lake in the Mojave River on the Little Bear Creek , a tributary of Deep Creek and San Bernardino mountains .",0
"In any case , the output is often equalized and sent to the load , and the output capacitors are then included to filter the switching noise .","In any case , the output is often rectified and sent to the load . Capacitors are then included at the output to filter the switching noise .",1
"Since the 19th century , artificial beings are common in fiction , as in Karel Čapek 's `` Frankenstein '' or Mary Shelley 's `` R.U.R '' .","Artificial beings are common in fiction since the 19th century , as in Karel Čapek 's '' Frankenstein `` or Mary Shelley '' R.U.R `` .",1
"The character was later killed in the second episode of the fourth season , `` First Down '' .","Your character was later killed in the fourth episode of the second season , `` First Down '' .",0
"Among the Eligible CIS football players from Canadian universities as well as Canadian players playing in the NCAA , 48 players were selected for the Canadian Football League teams .","48 players were chosen for Canadian Football League teams from among the eligible NCAA football players from Canadian universities , as well as Canadian players playing in the CIS .",0
"Norfolk has won the Minor Counties Championship once , sharing the title with Herefordshire in 2002 .",Herefordshire has once won the Minor Counties Championship to share the title with Norfolk in 2002 .,0
"Men Suddenly in Love is a 2011 Hong Kong romantic comedy film produced by , written by and directed by Wong Jing .","Men Suddenly in Love is a 2011 Hong Kong romantic comedy by Wong Jing produced , written and directed .",1
The 1962 Cleveland Browns season was the 13th season of the team with the National Football League .,The 1962 National Football League season was the 13th season of the team with the Cleveland Browns .,0
"AT 'T is the subsidiary of Michigan Bell , the State of Michigan .","AT & T is the subsidiary of Michigan Bell , serving the state of Michigan .",1
He was the father of painter John Hesselius and cousin of the religious leader Emanuel Swedenborg .,He was the father of the painter Emanuel Swedenborg and cousin of religious leader John Hesselius .,0
The large area of black is first shaded with green and then with blue .,The large area of black is shaded first with green and then with blue .,1
The album was sold with a launched-out show at London 's Soho nightclub Madame Jojo 's .,The album was sold with a show at London 's Soho Nightclub Madame Jojo .,1
"She won Democrats 64-35 , but the Independents 66-33 lost to Sanders .","She won Democrats 64-35 , but lost Sanders 66-33 to Independents .",0
"On March 17 , 2015 , Allergan acquired Allergan and took the Actavis name .",Actavis acquired Allergan on 17 March 2015 and acquired the name Allergan .,0
"Produced was directed by Hiroaki Goda , animated by TBS and Kodansha and by Anime International Company .","It was produced by Hiroaki Gōda , animated by TBS and Kodansha , and directed by Anime International Company .",0
Samata Express is a super quick express train between Visakhapatnam and Hazrat Nizamuddin in New Delhi and is operated by the East Coast Railway .,Samata Express is a super quick express train between New - Delhi and Hazrat Nizamuddin in Visakhapatnam and is operated by the East Coast Railway .,0
Some first floor windows at the southern end of the western wall are modern replacements .,Some windows on the first floor at the western end of the southern wall are modern replacements .,0
"It is found throughout the central Palaearctic Region , from Turkey , Cyprus and Lebanon , east through Pakistan , Iran , Afghanistan and northern Iraq to Kashmir .","It is found throughout the central palaearctic , from Turkey , Cyprus , and Lebanon , through Iraq , Iran , Afghanistan , and northern Pakistan to Kashmir .",0
"Bassett was the owner of the Toronto Argonauts , a team in the Canadian Football League from 1957 to 1974 .","Bassett was the owner of the Canadian Football League , a team in the Toronto Argonauts from 1957 to 1974 .",0
MCI migrated the voice and data traffic of most SBS customers to its terrestrial network .,SBS migrated the voice and data traffic of most MCI customers to its terrestrial network .,0
"On 23 January 2018 , funimation licensed the series in North America and released the first Blu - ray and DVD set .","Funimation licensed the series in North America and released the first Blu-ray and DVD set on January 23 , 2018 .",1
The shape of the audiogram categorizes abrupt high-frequency loss ( sensorial phenotype ) or flat loss ( strial phenotype ) .,The shape of the audiogram categorizes strial-frequency loss ( flat phenotype ) or abrupt high loss ( sensory phenotype ) .,0
"Mathematically , ligand efficiency ( LE ) can be defined as the ratio of Gibbs free energy ( ΔG ) to the number of non-hydrogen atoms of the compound :","Mathematically , ligand efficiency ( LE ) can be defined as the ratio of gibbs of free energy ( Α G ) to the number of non-hydrogen atoms in the compound :",1
"The destroyer was defeated in 1922 and ordered to the Philadelphia Navy Yard on 12 April , where she was inactivated on 17 July 1922 .","The destroyer was decommissioned in 1922 , and on 12 April , entered the Philadelphia Navy Yard where she was ordered inactivated on 17 July 1922 .",0
Moncena Dunn ( 1582 -- 1644 ) was a 9th great grandfather of Stephen Hopkins .,Moncena Dunn ( 1582 - 1644 ) was a 9th grandfather of Stephen Hopkins .,1
Kimilili Constituency is in academic rivalry with Friends School Kamusinga ( also of Kimilili ) and Bungoma High School of Bungoma District .,Kimilili constituency is in academic rivalry with the friends school Kamusinga ( also of Kimilili ) and Bungoma High School of the Bungoma District .,1
The PBA season of 1990 was the 16th season of the Philippine Basketball Association ( PBA ) .,The 1990 PBA season was the 16th season of the PBA ( Philippine Basketball Association ) .,1
"22.0 % were German according to the 2000 census , 20.5 % Irish , 16.4 % Italian , 8.9 % Polish and 7.8 % of English origin .","22.0 % were of German , 20.5 % Irish , 16.4 % Italian , 8.9 % Polish and 7.8 % English ancestry according to Census 2000 .",1
"Armstrong had at least one sibling , a sister , Lydia Lawhead .","Lydia Lawhead had at least one sibling , a sister , Mrs. Armstrong .",0
"Wagenknecht , born in Oak Park , Illinois , grew up in Chicago and got to school .","Wagenknecht , born in Chicago , grew up and went to school at Oak Park , Illinois .",0
Carew died on 6 November 1620 and was buried in the Antony church on 7 November 1620 .,Carew died on 6 November 1620 and was buried in Antony church on 7 November .,1
"Jonas Björkman and Todd Woodbridge won in the final 6 -- 3 , 6 -- 4 , against Wayne Black and Kevin Ullyett .","Wayne Black and Kevin Ullyett won 6 : 3 , 6 : 4 in the finals against Jonas Björkman and Todd Woodbridge .",0
`` Bastille Day '' is the third episode of the first season of the reworked `` Battlestar Galactica '' series .,`` Bastille Day '' is the first episode of the third season of the reimagined `` Battlestar Galactica '' television series .,0
"In 1938 , under pressure from Germany , Japan ended its support for China , and Falkenhausen had to withdraw from China .","In 1938 Germany , under pressure from Japan , ended its support for China and Falkenhausen was forced to withdraw from China .",0
"Originally , S1 Corporation was the technology department of Security First Network Bank .",S1 Corporation was originally the technology division of Security First Network Bank .,1
There is a removable water tank and a fuel tank with collapsible hatch for cleaning .,There is a removable water tank and a fuel tank with a folding hatch for cleaning .,1
The first vector identifies the direction of the axis and the second vector determines its position .,"The first vector identifies the direction of the axis , and the second locates its position .",1
"In 1033 , he rejected his first wife , Helie of Semur , and married her in 1048 . Robert and Helie had five children :","He repudiated his first wife , Helie of Semur , about 1033 , and married her in 1048 . Robert and Helie had five children :",1
"In South Korean culture , `` Pokarekare Ana '' was used as the title song for the film `` Crying Fist '' , popular in 2005 .","In popular culture , `` Pokarekare Ana '' was used as the theme song for the 2005 South Korean film `` Crying Fist '' .",0
Rosa taught courses for several years relating to both domestic chemistry and analytical chemistry .,"For several years , Rosa taught courses relating both to domestic chemistry and applied analytical chemistry .",1
"For large data , small factors can not be ignored , but an asymptotically linear or square algorithm can be more efficient for inefficient data .","For large data , linear or square factors can not be ignored , but an asymptotically inefficient algorithm can be more efficient for small data .",0
"The Nordiques opened the Stanley Cup - Playoffs in 1982 with a Best of five Adams Division quarterfinals with their Battle of Quebec Rivals , the Montreal Canadiens .","The Montreal Canadiens opened the 1982 Stanley Cup playoffs with a best of five Adams Division quarter-final series with their Battle of Quebec rivals , the Nordiques .",0
"West Africa Democracy Radio ( WADR ) launched a news platform that incorporated Airtime on April 1 , 2011 .","On 1 April 2011 , West Africa - Democracy - Radio ( WADR ) launched a news platform that included Airtime .",1
"In 1896 , Webster , Old Orchard , Webster Park , Tuxedo Park and Selma merged in 1876 to develop public services and implement a single city government .","Webster , Old Orchard , Webster Park , Tuxedo Park , and Selma merged in 1896 to develop public services and implement a unified city government .",0
The Argintărie - River is a tributary of the River Ciunget in Romania .,The Ciunget River is a tributary of the Argintărie River in Romania .,0
"The LDS 's official missionary work did not start in Utah until John Murdock and Charles W. Wandell arrived in Sydney from Australia on October 30 , 1851 .",Official LDS missionary work did not begin in Australia until John Murdock and Charles W. Wandell arrived in Sydney from Utah on 30 October 1851 .,0
"He also met Theodoros Kolokotronis , whom he began to admire later .","He also met Theodoros Kolokotronis , whom he later came to admire .",1
Produced by Oscar Hammerstein II the show was choreographed by Reginald Hammerstein ( the brother of Arthur Hammerstein ) and was directed by Danny Dare .,"Produced by Arthur Hammerstein , the show by Reginald Hammerstein ( the brother of Oscar Hammerstein II ) was led and was choreographed by Danny Dare .",0
"Although Fresnel did not know that electromagnetic waves are light , he managed to construct the first coherent light theory in the world .","Although Fresnel did not know that electromagnetic waves are light , he managed to construct the world 's first coherent theory of light .",1
"It is currently being represented by Senator Christy Zito , Republican of Rogerson , Representative Megan Blanksma , Republican of Hammett , representative Bert Brackett and Republican of Hammett .","It is currently represented by Senator Christy Zito , Republican of Rogerson , Representative Megan Blanksma , Republican of Hammett , Representative Bert Brackett and Republican of Hammett .",1
"If he saw two black hats , he could have assumed that he was wearing a white hat .","If he saw two white hats , he could have deduced that he was wearing a black hat .",0
"In order to find the cuts used by this method , problem-specific methods are needed .",Problem-specific methods are used to find the cuts needed by this method .,0
"Carlotta Grisi was the cousin of the famous soprano singers , the sisters Giuditta and Giulia Grisi .","Giulia Grisi was the cousin of the famous soprano singer , the sisters Giuditta and Carlotta Grisi .",0
He has supported John Barrymore in `` Maryland '' ( 1940 ) and Walter Brennan in `` The Great Profile '' ( 1940 ) .,He supported Walter Brennan in `` Maryland '' ( 1940 ) and John Barrymore in `` The Large Profile '' ( 1940 ) .,0
This layer deals only with the physical connectors and sockets and the electrical specification of signals .,This layer deals with the physical plugs and sockets and electrical specification of signals only .,1
For the above information on the declination of full pronouns see `` Pronouns '' in the article on Polish morphology .,"For above information on the declension of the full pronouns , see `` Pronouns '' in the article on Polish morphology .",1
"Nicodemus , now a werewolf , kills Jane , only to be shot by Edgar .","Nicodemus , now a werewolf , kills Jane , only to be shot dead by Edgar .",1
"The former has white marble and black stone shivlingas , while the latter has only white marble ones .","The former has white marble and black stone shivlingas , while the latter has just white marble .",1
Drietoma is a village and municipality in the Trenčín district in the region of Trenčín in north-western Slovakia .,Drietoma is a village and municipality in the region of Trenčín in the district Trenčín in north-western Slovakia .,1
"The childhood of Berkeley was spent in Warwickshire , where he was a student of the translator Philemon Holland of Coventry and Henry Ashwood .","Berkeley 's childhood was spent in Coventry , where he was a pupil of the translator , Philemon Holland of Warwickshire , and of Henry Ashwood .",0
"In April 2008 , Mountain Hardwear opened its first retail location in Seattle , opening a retail store in Portland , Oregon , Washington , December 5 , 2008 .","Mountain Hardwear opened its first retail location in Seattle in April 2008 . A Portland , Oregon , Washington retail store opened on December 5 , 2008 .",1
Hosni Mubarak came to power after the murder of Sadat in a referendum in which he was the only candidate .,Hosni Mubarak came to power after the assassination of Sadat in a referendum in which he was the only candidate .,1
Estimates of correlations between variables are weakened ( diluted ) by measurement error .,Estimates of correlations between variables are diluted by measurement defects ( weakened ) .,1
"Past editors include Raymond Aron , Georges Dumézil , François Jacob , Michel Foucault , Emmanuel Le Roy Ladurie , François Furet and Jacques Le Goff .","Past editors include Raymond Aron , Georges Dumézil , François Jacob , Michel Foucault , Emanuel Le Roy Ladurie , François Furet , and Jacques Le Goff .",1
"Margot A. Thien ( born December 29 , 1971 in San Diego , California ) is an Olympic competitor in the synchronized swimming and American masters .","Margot A. Thien ( born December 29 , 1971 in San Diego , California ) is an American American competitor in the synchronized swimming and Olympic championship .",0
Sagaing Region is the former capital of Sagaing ( formerly Sagaing Division ) .,The Sagaing Region is the former capital of Sagaing ( formerly the Sagaing Division ) .,1
"Teversall Manor is a former station in Teversal , Nottinghamshire , on the border with Derbyshire west of Mansfield .","Teversall Manor is a former station in Mansfield on the Derbyshire border west of Teversal , Nottinghamshire .",0
"Throughout the 2017 season , the Cornell Big Red have won 649 games , 529 games bound and 33 regular season games lost .","The Cornell Big Red have won 649 games during the 2017 season , 529 games lost and 33 regular season games bound .",0
Duff Twysden was played by Stacy Keach in the miniseries '' Hemingway `` in 1988 with Fiona Fullerton .,"In the 1988 miniseries `` Hemingway '' , starring Stacy Keach , Duff Twysden was played by Fiona Fullerton .",0
"The Lord Chancellor , a post in the UK Government , is responsible for relations between the government and the Channel Islands .","Lord Chancellor , a post in the British Government , is responsible for the relations between the government and the Channel Islands .",1
Talagang Tehsil is a subdivision ( tehsil ) of the district of Chakwal in the Pakistani province Punjab .,"Talagang Tehsil , is a subdivision ( tehsil ) of Chakwal District in the Punjab province of Pakistan .",1
"Shelbyville Road is a district of Louisville , Kentucky along Boston ( US 60 ) and Long Run Creek .","Shelbyville Road is a neighborhood of Louisville , Kentucky located along Boston ( US 60 ) and Long Run Creek .",1
"Together with Frederick Murray Trotter and others he helped create new maps and memoirs of the districts of Brampton , Whitehaven , Gosforth and Cockermouth in Cumberland .","Together with Frederick Murray Trotter and others , he helped create new maps and memoirs of Brampton , Whitehaven , Cumberland , Gosforth , and Cockermouth .",0
"Belbin and White were married in June 2014 and became engaged on April 25 , 2015 .","Belbin and White were engaged in June 2014 and married on April 25 , 2015 .",0
He was born in New Westminster and worked on the lower Fraser and Fraser River cyclists before coming to the Upper Yukon River in the early 20th century .,He was born in New Westminster and worked on the lower Fraser and Yukon River sternwheelers before coming to the upper Fraser River in the early 1900s .,0
Saladas Department is a department of Argentina in the province of Corrientes .,Saladas Department is a department of Argentina in Corrientes Province .,1
The tendered speed limit is generally reduced as low as within the two cities .,The reduced speed limit is generally as low as within the two cities .,0
Reneri mainly taught scholastic logic and natural philosophy .,Reneri taught mainly scholastic logic and natural philosophy .,1
"All the rooms were stormed and the meeting tent was destroyed , as were statues and crucifixes in the small church .","All rooms were destroyed and the meeting tent was stormed , as were statues and crucifixes in the small church .",0
"These are the known open protocol specifications , which cover the same or similar space as AMQP :",These are the known same or similar protocol specifications that cover the open space as AMQP :,0
"Damerham was once in Wiltshire , but was transferred in 1895 to Hampshire .","Damerham once was in Hampshire , but was moved to Wiltshire in 1895 .",0
"Cortez played the female lead in `` Erminio Salvi and the Sacred Crown '' , directed by Ali Baba .","The female lead role was played by Cortez in `` Ali Baba and the Sacred Crown '' , directed by Erminio Salvi .",0
"1544 : Earl of Hertford burns the town , including Holyrood Palace and Abbey","1544 : Earl of Holyrood Palace burns the city , including Hertford and Abbey .",0
"In 2004 , Zac Posen invested in the high-end label Sean John .",Zac Posen invested in 2004 in the high-end label Sean John .,1
"The Cooke and Wheatstone Telegraph was an early electric telegraph system dating from the 1830s , invented by the English inventor Charles Wheatstone and the English scientist William Fothergill Cooke .","The Cooke and Wheatstone Telegraph was an early electric telegraph system dating from the 1830s , invented by English inventor William Fothergill Cooke and English scientist Charles Wheatstone .",0
"The Indus cities are noted for their elaborate planning , baked brick houses , urban drainage systems , water supply systems , and clusters of large non-residential buildings .","The Indus cities are renowned for their urban planning , baked brick houses , elaborate drainage systems , water supply systems and collections of large non-residential buildings .",0
"My Brother Is a Dog is a 2004 film directed by Peter Timm and starring Maria Ehrich , Martin Lindow and Christine Newbauer .","My brother is a dog is a film directed by Peter Timm and Christine Newbauer , Martin Lindow and Maria Ehrich from 2004 .",0
"When Ortona was assigned to Lanciano in 1818 , Campli was connected to the Teramo Diocese .","When , in 1818 , Ortona was joined to Lanciano , Campli was assigned to the diocese of Teramo .",0
It travels a distance of 112 km from Vizag to Araku .,It travels for a distance of 112 km from Vizag to Araku .,1
( Formula 26 are normal vectors at the intersection points and their scalar product is Formula 27 ),( Formula 26 are normal vectors at the intersection points ; their product is scalar in Formula 27 . ),0
"Notoacmea parviconoidea is a species of the sea snail , a true limpet , a marine gastropod mollusk in the Lottiidae family , one of the families of the true limpets .","Notoacmea parviconoidea is a species of sea snail , a true limpet , a true gastropod mollusk in the family Lottiidae , one of the families of marine limpets .",0
SV Lurup is a German association football club from the city of Hamburg in the federal state of the same name .,The SV Lurup is a federal association football club from the city of Hamburg in the same named German state .,0
"Elena Timina ( born 8 May 1969 ) is a Russian-born Dutch professional table tennis player . She was born in Moscow , Soviet Union .","Elena Timina ( born May 8 , 1969 ) is a Russian - Dutch professional table tennis player , born in Moscow , Soviet Union .",1
"Ferguson remained in Monrovia until his death , in Liberia in 1916 .","Ferguson remained in Monrovia until his death in 1968 , in 1916 in Liberia .",1
"Lars Elinderson , born 1949 , is a moderate politician of the Swedish party .","Born in 1949 , Lars Elinderson is a Swedish politician from the Moderate Party .",0
"Assuming that the structural relationships are causal , this background knowledge can be expressed in the following linear equation model ( SEM ) specification .","Assuming that the causal relationships are linear , this background knowledge can be expressed in the following SEM specification ( Structural Equalization Model ) .",0
It is located 2 km west of Agios Stefanos and 20 km northeast of Athens city center .,It is 2 km west of Agios Stefanos and 20 km northeast of Athens city centre .,1
"To find AIC in practice , we start with a set of candidate models , and then apply the models ' corresponding AIC values .","To find AIC in practice , we begin with a set of candidate models and then apply the corresponding AIC values of the models .",1
"Varwade is a village in Talasari district of Maharashtra , India It is located in the Palghar Taluka .","Varwade is a village in the Palghar district of Maharashtra , India . It is located in the Talasari taluka .",0
"Parsons was born in Bristol and trained at Trent College , Derbyshire .","Parsons was born in Bristol , and educated at Trent College , Derbyshire .",1
It was published in the United States on 31 August 2004 and in the United Kingdom on 17 October 2005 .,"It was published in the United Kingdom on August 31 , 2004 and in the United States on October 17 , 2005 .",0
Ricky decides to fight for Nate and confirms his love for her .,Ricky decides to fight for Nate and confirms his love for them .,1
"In 1958 he spoke throughout East Asia and in Ghana , and in 1961 in Northern and Western Europe .",In 1958 he spoke throughout East Asia and Western Europe and in 1961 in Northern Ghana .,0
The episode was written by Bill Wrubel and was directed by Lev L. Spiro .,The episode was written by Lev L. Spiro and directed by Bill Wrubel .,0
"This was also the first series since the fifth , including a railway consultant in the role as part of the production team with Sam Wilkinson .","This also marked the fifth series since the first to include a railway consultant as part of the production team , with Sam Wilkinson in the role .",0
Houseman called the decision to use modern dress `` an essential element in Orson 's conception of the play as a political melodrama with clear contemporary parallels . '',The decision to use modern clothing was called Houseman as an essential element in Orson 's conception of the play as a political melodrama with clear contemporary parallels .,1
"Kiss Country plays a mix of current and older country music , with more emphasis on modern artists .","Kiss Country plays a mixture of modern and older country music , with the emphasis on current artists more .",0
"She is open about her disapproval of Rob 's father , Rob and often mentions how bad a father he was to Billy .","She is open about her disapproval of Rob 's father , Billy , and often mentions how bad a father he was for rob .",0
"Within the UGent network , a series of electronic resources are available as part of a `` digital library '' .","Within the UGent network , a range of digital resources are available as part of an `` electronic library '' .",0
was played by Pruitt Taylor Vince in the film `` JFK '' in 1991 .,Pruitt Taylor Vince was played by Bowers in the 1991 film `` JFK '' .,0
Char Hesamaddi is a village in Barisal Division in the Barisal District of southern-central Bangladesh .,Char Hesamaddi is a village in the Barisal District of Barisal Division in Southern Central Bangladesh .,1
"Eddy Heurlié ( born 27 December 1977 in Martinique ) is a Martiniquais footballer , who currently plays for lower league outfit CS Bélimois in Le Lamentin .","Eddy Heurlié ( born December 27 , 1977 in Martinique ) is a Martiniquais footballer who currently plays in the lower league CS Bélimois in Le Lamentin .",1
The Xinjiang Uyghur Autonomous Region is a river on the Yarkand River in Western China .,The Yarkand River is a river in the autonomous region of Xinjiang Uyghur in West China .,0
In 1848 the Catholic parish of Kilmihil ( Kilmacduane ) was once again separated from Cooraclare .,In 1848 the Catholic parish of Kilmacduane was separated from Cooraclare again .,1
"He wears a red and blue baseball cap , and a green and yellow t-shirt .",He wears a green and yellow baseball cap and a red - blue T-shirt .,0
"Pike , Wyoming County , New York is the name of two villages in New York :","Pike , New York is the name of two locations in the Wyoming County , New York :",0
"Biancaneve is an Italian erotic comic book , created by Renzo Barbieri and Rubino Ventura ( pseudonym by Giuseppe Pederiali ) in 1972 and illustrated by Leone Frollo .","Biancaneve is an Italian erotic comic book , created in 1972 by Leone Frollo and Rubino Ventura ( pseudonym Giuseppe Pederiali ) and illustrated by Renzo Barbieri .",0
"On 28 April 2011 , the dispute between DSP Entertainment and the 3 members of Kara was officially resolved as announced .","On April 28 , 2011 , the dispute between DSP Entertainment and Kara 's 3 members was officially resolved as announced .",1
"Carl Gould ( Dylan Hoerner 2009 -- 2010 , Dwayne Hill 2010 -- present ) is a cream rabbit with brown hair and blue glasses .","( Dylan Hoerner 2009 -- 2010 , Dwayne Hill 2010 -- Present ) is a cream rabbit with brown hairs and blue glasses .",1
"Perry Island is an island in Prince William Sound , Alaska , within the Chugach National Forest , located immediately east of Culross Island .","Perry Island is an island in the Prince William Sound , Alaska , within the Chugach National Forest , right east of Culross Island .",0
"William Middleton ( or William Middleton , died on 31 August or 1 September 1288 ) was a medieval bishop of Norwich .","William Middleton ( or William de Middleton ; died on August 31 or September 1 , 1288 ) was a medieval bishop of Norwich .",1
His role in `` The Mechanic '' was worked positively by critics in both the United States and the United Kingdom .,His role in `` The Mechanic '' was positively revived by the critics both in the United States and the United Kingdom .,1
"In Bazou , you will be pleasantly surprised to appreciate the place of choice that occupies the immaterial heritage , and you will see .","In Bazou you will be pleasantly surprised to appreciate the place of choice that occupies the intangible heritage , you will see",1
The river Deju is a left tributary of the Putna River in Romania .,The Deju River is a left tributary of the Putna River in Romania .,1
"The album was released on Sony Japan , PIAS in the Europe , Flying Nun in New Zealand , Infectious Records in the UK and Festival Records in Australia .","The album was released on Sony Japan , PIAS in the UK , Flying Nun in Europe , Infectious Records in New Zealand and Festival Records in Australia .",0
Merzbach worked in Sweden during the late twenties before returning to Germany .,"During the late 1920s , Merzbach worked in Sweden before returning to Germany .",1
"When Philpot came to the throne , Mary attracted soon attention .",When Mary came to the throne Philpot soon attracted attention .,0
One can easily verify that `` A '' is a linear involution if and only if `` A '' has the form .,One can easily verify that `` A '' represents a linear involution if and only if `` A '' has the form,1
"Louis Philippe visited the individual exhibits on Mondays , as Napoleon had done .","On Monday , as Louis Philippe had done , Napoleon visited the individual exhibits .",0
"Hadady , born in Békésszentandrás ( Hungary ) , studied music at the Franz - Liszt - Academy of Music in Budapest .","Hadady , born in Hungary ( Békésszentandrás ) , studied music at the Franz - Liszt - Academy of Music in Budapest .",1
"Guido Reni , also known as Marchino di Marco Bandinelli , was an Italian painter of the Baroque period .","Guido Reni , also known as the Marchino di Marco Bandinelli , was an Italian baroque painter .",1
"In addition to livestreaming - gameplay - films , several members of the crew also produce videos in `` Let 's Play '' style .","In addition to livestreaming gameplay footage , several members of the crew also produce `` Let 's Play '' style videos .",1
"Also present were Gargan 's cousin Joseph Gargan and Paul F. Markham , a school friend of Kennedy who had previously served as the U.S. Attorney for Massachusetts .","Gargan 's cousin , Joseph Gargan , and Paul F. Markham , a school friend of Kennedy , who had previously served as US lawyer for Massachusetts , were also present .",1
"Nikolaus Moser and Cedrik-Marcel Stebe won against Henri Continen and Christopher Rungkat in the final 7 -- 6 , 3 -- 6 , 10 - 8 .","Nikolaus Moser and Cedrik-Marcel Stebe won in the final 7 -- 6 , 3 -- 6 , 10 -- 8 , against Henri Kontinen and Christopher Rungkat .",1
"Born in 1794 in Alpheton , Suffolk , Thomas Clark joined William Debenham in a partnership to lead a draper 's store at Wigmore Street 44 in London .","William Debenham , born in Alpheton , Suffolk in 1794 , joined Thomas Clark in a partnership to lead a draper 's store at Wigmore Street 44 in London .",0
It surrounds the modern city of Lakhish and the old city of Kiryat Gat .,It surrounds the ancient city of Lakhish and the modern city of Kiryat Gat .,0
It was elected in 1977 and re-elected in April 1978 to the newly created Court of Appeals District 1 .,In 1977 he was re-elected and elected in April 1978 to the newly created Court of Appeals District 1 .,0
Leonardo and Pisanello were among the first Italian artists to add allegorical symbols to their secular portraits .,Leonardo and Pisanello were among the first Italian artists to add secular symbols to their allegorical images .,0
"Layla was born in London , the daughter of a Brazilian mother and an English father of Irish and Scottish ancentry .",Layla was born in London as the daughter of a Brazilian mother and an English father of Irish and Scottish Ancentry .,1
"The current team , headed by HE Sheikh Mohammed Bin Hamad Al Thani , is a group of Qatari officials and riders .","The Qatari team , headed by SE Sheikh Mohammed Bin Hamad Al Thani , is a group of current officials and riders .",0
"Kyle regards Connor as a separate entity and has conversations with him , while Stan and Cartman do not accept this idea at all .","Connor regards Connor as a separate entity and has talks with him , while Stan and Cartman do not accept this idea at all .",0
The movement is limited primarily to the two shoulder joints : the Scapulothoracic joint and the glenohumera joint .,The movement is primarily limited to the two shoulder joints : the glenohumeral joint and the scapulothoracic joint .,1
"She also had a supporting role in the film `` Dolores Perrigrew '' 1992 , when Bob Roberts .","She also had a side role in the film `` Bob Roberts '' , as Dolores Perrigrew in 1992 .",0
"He died on 24 August 1878 in Wyandotte ( now part of Kansas City ) , Kansas .","He died on August 24 , 1878 in Wyandotte ( now part of Kansas ) , Kansas City .",1
Dyson died on board a ship when he was travelling from Australia to England in 1939 and buried at sea .,Dyson died on board a ship when he was travelling from England to Australia in 1939 and buried at sea .,0
"September 2 : CF Michael Bourn and CF Drew Stubbs activated , C. Caleb Joseph , LHP Jayson Aquino and RHP Tyler Wilson by AAA Norfolk recalled .","September 2 : CF Caleb Joseph and CF Michael Bourn activated , C Tyler Wilson , LHP Drew Stubbs and RHP Jayson Aquino of AAA Norfolk recalled .",0
Kingston District Council is a locality located within the Limestone Coast in the South Australia region of Rosetown .,Rosetown is a locality of the Kingston District Council in the Limestone Coast region of South Australia .,0
"It is found in south-eastern Venezuela , where is known as jequitibá-branco or jequitibá-rosa , possibly Brazil , and possibly Colombia .","It is found in south-eastern Venezuela , where as Jequitibá - branco or jequitibá-rosa , possibly Brazil and possibly Colombia is known .",1
"The ground was home to the American Association , which played in 1890 in the players ' ; League and the Boston Reds .","The ground was home to the Boston Reds , that played in the Players ' League in 1890 and the American Association in 1891 .",0
"He has performed in South Africa about the great king of the Mzilikazi and founder of the Mthwakazi kingdom , Ndebele .","He has performed in South Africa saying praises about the Great King of the Ndebele and founder of the Mthwakazi Kingdom , Mzilikazi .",0
"While Formula 9 is the molar gas constant , Formula 10 is the temperature and Formula 11 is the ideal mass of atoms .","Where formula _ 9 is the molar gas constant , formula _ 10 is the temperature and formula _ 11 is the ideal mass of the atoms .",1
However the term Siyin is local and Sizang is official terminology .,"The term Siyin is official , however , and Sizang is local terminology",0
"Based on the city of Baltimore , never visited , mentioned only in the show .","Based on the city of Baltimore , only mentioned , has never visited in the show .",1
The festival witnessed a performance by musician Benny Prasad and a workshop by music director Shantanu Moitra of Parineeta and 3 Idiots fame .,The festival experienced a performance by musician Benny Prasad and a workshop by music director Shantanu Moitra of Parineeta and 3 idiots fame .,1
"On 13 October 2010 , the Atlanta Braves announced that Bobby Cox would replace the long-time Braves manager Fredi González as team manager in 2011 .","On October 13 , 2010 , the Atlanta Braves announced that Bobby Cox would replace long-time Braves manager Fredi González as manager of the team in 2011 .",1
"It is also home to the unregistered towns of Redwood Valley , Calpella , Potter Valley and Talmage .","It is also home to the unregistered towns of Potter Valley , Calpella , Redwood Valley and Talmage .",1
Borsalino are the sculptures by Moritz Waldemeyer for Flos designed Chapeau Lamp ( 2014 ) and the sculpture The Hatband ( 2016 ) by Philippe Starck .,The Chapeau Lamp ( 2014 ) designed by Philippe Starck for Flos and the sculpture The Hatband ( 2016 ) by Moritz Waldemeyer are both tributes to Borsalino .,0
"He died on 16 August 1850 in New City ( now Clarkstown ) , New York City .","He died in New City ( now Clarkstown ) , New York , August 16 , 1850 .",1
He was the second born son of Gil Aires and wife Leonor Rodrigues .,He was the second son of Gil Aires and born Leonor Rodrigues .,0
The route was widened into a divided highway between Indian River Inlet and the Dewey Beach the same year .,The route was extended in the same year into a divided highway between Dewey Beach and the Indian River Inlet .,1
"Bidelman William Pendry ( September 25 , 1918 - May 3 , 2011 ) , whose friends called him `` Billy '' , was an American astronomer .","William Pendry Bidelman ( ; September 25 , 1918 -- May 3 , 2011 ) whose friends called him `` Billy '' , was an American astronomer .",1
"Peter Evatt became an Olympic rower , who was 1953 national sculling champion and represented Australia in rowing at the 1956 Olympic Games in Melbourne .",Peter Evatt was an Olympic rower who became a national skulling champion in 1953 and represented Australia while rowing at the Melbourne Olympic Games in 1956 .,0
"However , Ambassador William Sullivan , and his successor , G. McMurtrie Godley , continued to oversee air strikes in Laos .","Ambassador G. McMurtrie Godley and his successor William Sullivan , however , continued to supervise the air strikes in Laos .",0
"It was released on February 19 , 2016 as the second single from their fourth studio album based on the zodiac `` Leo Rising '' via cheque booklet - records .","It was released on February 19th , 2016 as the fourth single from their second studio album based on the zodiac `` Leo Rising '' on Checkbook Records .",0
"A mass ceremony was held that night , and prayers were prayed until dawn .","A mass ceremony was conducted that night , and prayers were held until dawn .",1
The castle was converted twice : in the 15th century for the first time and in the 19th century after it had been partially destroyed .,"The castle was converted twice : in the 19th century for the first time and in the 15th century , after it had been partially destroyed .",0
"Prenatal hormones , especially glucocorticoids such as cortisol , are essential for Adrenal development of organs , particularly for the maturation of the lungs .","Prenatal hormones , particularly glucocorticoids such as cortisol , are indispensable for the development of the adrenal organs , especially for the maturation of the lungs .",1
"Twin Falls High School is a secondary public school in Twin Falls , Idaho , one of the two traditional high schools operated by the Twin Falls School District .","Twin Falls High School is a traditional high school in Twin Falls , Idaho , one of the two public secondary schools operated by the Twin Falls School District .",0
Dr. Carter worked in Africa for several months and remains in Kem 's AIDS clinic .,Dr. Carter worked for several months in Africa and remains at the AIDS clinic in Kem .,1
"The Fixer Uppers is a short film from 1935 with Laurel and Hardy , produced by Charles Rogers and directed by Hal Roach .","The Fixer Uppers is a 1935 short film starring Laurel and Hardy , produced by Charles Rogers and directed by Hal Roach .",1
"The locality was named after England , in Dovercourt , the native home of an early postmaster .","The locality was named after Dovercourt in England , the home of an early postmaster .",0
"When a solvent is shaken , two nonmixable liquids are extracted together .","When a solvent is extracted , two immiscible liquids are shaken together .",0
"Panthro is renamed in the German version in `` Pantro '' , in the French `` Pantor '' and in the Spanish `` Pantéro '' .","Panthro is renamed `` Pantro '' in the Spanish version , `` Pantor '' in the German version , and `` Pantéro '' in the French version .",0
"Sam has a much younger brother named Sam , who is not much older than the eldest son of Hank Bennett .",Sam has a much younger brother named Hank Bennett who is not much older than Sam 's eldest son .,0
The Bs were raised first in the 1805 season and the team was recorded sporadically until the 1832 season .,The Bs is first noted in the season of 1805 and the team was sporadically raised until the season in 1832 .,0
The small marine Blennioids Blenny ( `` Ecsenius australianus '' ) are Australian fish of the genus '' Ecsenius '' .,Australian Blenny ( `` Ecsenius australianus '' ) are small marine blennioid fish of the genus '' Ecsenius '' .,0
"It was managed by Leslie H. Martinson , written by George Kirgo and was originally broadcast on NBC on 5 April 1982 .","It was written by Leslie H. Martinson , addressed by George Kirgo and was originally broadcast on NBC on 5 April 1982 .",0
"The Sadrist movement left the Alliance before the December 2005 elections , which also brought the Iraqi National Congress firmly to the Alliance .","The Iraqi National Congress left the alliance prior to the December 2005 elections , which also brought the Sadrist Movement more firmly into the Alliance .",0
The school was founded in Australia and subsequently pioneered in 1903 in Ireland .,The school was founded in Australia and then pioneered in Ireland in 1903 .,1
"Winter has a dry climate , the hottest in October and November and most likely in April and May wet .","The Conservatory has a wet climate , the hottest in October and November and most likely to be dry in April and May .",0
The album was produced by Rafael Gayol and introduced with contributions by Billy Harvey and the Tosca String Quartet .,The album was produced by Billy Harvey and contributed by Rafael Gayol and the Tosca String Quartet .,0
"Miechucino is a non-operational PKP railway station in Pomeranian Voivodeship ( Miechucino ) , Poland .","Miechucino is a non-operational PKP railway station in the Pomeranian Voivodeship ( Miechucino ) , Poland .",1
"The co-founders and Co-Artistic Directors are Sean Derry and Jaysen Mercer , Alanna Romansky is Co - Founder and Managing Director .","The co-founders and Co - Artistic Directors are Sean Derry and Alanna Romansky , Jaysen Mercer is Co-Founder and Managing Director .",0
"On 28 April 2011 , the dispute between DSP Entertainment and the 3 members of Kara was officially announced as resolved .","On April 28 , 2011 , the dispute between DSP Entertainment and Kara 's 3 members was officially announced as resolved .",1
"It heard the cases in civil law , criminal law , and cases involving the conflict of jurisdiction between the military , police and civil courts .","It heard about cases in criminal law , civil law and cases involving the conflict of competences between the military , police and civil courts .",1
The game was mainly poorly received .,The game was mainly received poorly .,1
Jackson Township is located in the 12th Congressional District and is part of New Jersey 's 4th state legislative district .,Jackson Township is located in the 12th Congressional District and is part of the 4th State Legislative District in New Jersey .,1
Neelankarai is located on Old Mahabalipuram Road ( State Highway 49 ) and is parallel to the Thoraipakkam on OMR ( East Coast Road ) .,Neelankarai is located on the East Coast Road ( State Highway 49 ) and is parallel to Thoraipakkam on the OMR ( Old Mahabalipuram Road ) .,0
"Kiss Country plays a mix of modern and older country music , with greater emphasis on current artists .","Kiss Country plays a mixture of current and older country music , with the emphasis on modern artists more .",0
"Born in 1967 in Stockholm , Sweden , grew up in Madrid , Spain , in a trilingual ( English , Spanish and Swedish ) house .","Born in 1967 in Madrid , Spain , grew up in Stockholm , Sweden , in a trilingual ( English , Spanish and Swedish ) house .",0
"Dedham was named Maine after Dedham , Massachusetts .","Dedham , Massachusetts , was named after Dedham , Maine .",0
"In Käru , the politician and entrepreneur Juhan Kukk ( 1885 - 1942 ) and former Archbishop Kuno Pajula ( 1924 - 2012 ) were born .",Politician and entrepreneur Kuno Pajula ( 1885 -- 1942 ) and former Archbishop Juhan Kukk ( 1924 -- 2012 ) were born in Käru .,0
It was followed by MacPaint and a competitor to Silicon Beach Software SuperPaint .,It was MacPaint and followed a competitor to Silicon Beach Software 's SuperPaint .,0
"The Los Angeles to Salt Lake City , Utah trail was usually restricted by lack of water to winter .","The trail of Salt Lake City , Utah to Los Angeles was usually restricted by water shortages to the winter .",0
"The Mach number is used to evaluate whether the incompressibility can be accepted , otherwise the effects of compressibility must be included .","The Mach number is used to evaluate whether the incompressibility can be assumed , otherwise the effects of compressibility must be included .",1
"There have been a number of Advanced - Chess tournaments worldwide , defined by Centaur as freestyle chess tournaments ( Centaur = human player + computer ) .","There have been , worldwide , a number of Advanced Chess tournaments online , defined Freestyle Chess Tournaments by Centaur ( Centaur = human player + computer ) .",0
"Many people who admit to being frequent tanners say they tan to look good , feel good and relax .","Many people who admit to being frequent tanners say they tan to feel good , look good , and to relax .",1
Ingham County is a charter municipality of the Meridian Charter Township in the U.S. state of Michigan .,Meridian Charter Township is a charter township of Ingham County in the US state of Michigan .,0
"He died in Lyon on 23 July 1963 , and was buried in the Cemetery de la Chartreuse at Bordeaux .",He died in Lyon on 23 July 1963 and was buried at the Chartreuse cemetery in Bordeaux .,1
"Peter Snell easily won the final , but Odložil managed to get silver ahead of John Davies .","The final easily won John Davies , but Odložil managed to get silver before Peter Snell .",0
"It was named after Bennington , Vermont , a former home of the first settlers .","The first home of the former settlers was named after Bennington , Vermont .",0
Examples for use are in the type `` ShowS '' in the Prelude of Haskell and in the list of Donald Bruce Stewart 's difference lists .,"Examples of use are in the `` ShowS '' type in the Prelude of Haskell , and in Donald Bruce Stewart 's difference list library for Haskell .",1
Shōgun : The Musical is a musical with a book and texts by John Driver and music by Paul Chihara .,Shōgun : The Musical is a musical with a book and lyrics by Paul Chihara and music by John Driver .,0
"Throughout her relationship , the couple lived in Los Angeles , though Seymour spent more time in London and Los Angeles for their work .","During their relationship the pair lived in London and Los Angeles , though Seymour spent more time in Los Angeles for her work .",0
"Speakers included many pioneers of the interactive immersive media space , including David A. Smith , Graham Smith , Sara Diamond and the optical holography - artist Michael Page .","Speakers included many pioneers of the optical media space , including David A. Smith , Graham Smith , Sara Diamond , interactive immersive holography artist Michael Page .",0
The principal land use in Coorong National Park is conservation with the majority of the land being occupied by the Coorong and the Mud Islands Game Reserve .,"The main land use in the Coorong National Park is conservation , with the majority of the country occupied by Coorong and the Mud Islands Game Reserve .",1
It was made by Harry Piel and directed by Ariel production .,It was led by Harry Piel and made by Ariel Production .,0
"Auaxa cesadaria is a moth of the family Geometridae . It is found in Japan , China and Taiwan .","Auaxa cesadaria is a moth of the Geometridae family and is found in Japan , China and Taiwan .",1
"Burroughs was a native of Mathews County , Virginia , and spent most of his career at the Gosport Yard ( known as Norfolk Naval Shipyard after 1862 ) .","Burroughs was a native of Mathews County , Virginia , and spent most of his career on the Yard Gosport ( known as Norfolk Naval Shipyard after 1862 ) .",1
"Sundance is once again foiled on a job by the Poet getting there first , and three of Sundance 's men are killed .","Once again , Sundance is killed by a job when the poet first comes there , and three of Sundance 's men are foiled .",0
"With support from the Rockefeller Foundation and the Carnegie Foundation , Carter contributed .","With support from the Carnegie Foundation and the Rockefeller Foundation , Carter conterred .",1
The Casimcea River is a tributary of the Cartal River in Romania .,The river Cartal is a tributary of the Casimcea River in Romania .,0
This prayer and the following are concelebrated in a said fair by individual concelebrants .,This prayer and the following are said by individual concelebrants in a concelebrated fair .,0
The middle period ( 2600 to 2000 BC ) of the Yellow River culture in the late Longshan area is simultaneously with the classic Shandong Longshan culture .,The late period ( 2600 to 2000 BC ) of the Longshan culture in the middle Yellow River area is contemporaneous with the classic Shandong Longshan culture .,0
"Billboard wrote about the song : `` You know the beat , now catch the groove .","About the song wrote Billboard : `` You start the beat , now know the groove .",0
The river Pascu is a tributary of the Valea Voenilor river .,The river Valea Voenilor is a tributary of the river Pascu .,0
"The announcer was David David , and Carl Fenton conducted the orchestra .",Carl Fenton was the announcer and David Ross conducted the orchestra .,0
Early industries were built in Lycoming County to serve the farmers and citizens of East - Hughesville .,Early industries in Hughesville were built to serve the farmers and citizens of eastern Lycoming County .,0
"When Vijay learns of Rama 's innocence , she has a change of heart and she and Vijay reconcile themselves .","When Rama learns of Vijay 's innocence , she has a change of heart and she and Vijay reconcile .",0
Shōgun : The Musical is a musical with a book and lyrics by John Driver and music by Paul Chihara .,Shōgun : The Musical is a musical with a book and texts by John Driver and music by Paul Chihara .,1
"The current Lodge , known as The Lodge on Lake Creek , is located at the eastern end of the lake , north of the Suttle Lake Outlet .","The current lodge , known as The Lodge at Lake Creek , is located at the east end of the lake , just north of the Suttle Lake outlet .",1
"She was the second daughter and the youngest of four children born of Philander Montague Wright and his wife , Mary Weeks ( Bracket ) Wright .","She was the second daughter and the youngest of four children born to Philander Montague Wright and his wife , Mary Weeks ( Bracket ) Wright .",1
"It was published by ( Spreng . ) K.Schum and described in `` Flora Brasiliensis 6 ( 6 ) : 128 '' , 1888 .","It was described by ( Spreng . ) K.Schum . and published in `` Flora Brasiliensis 6 ( 6 ) : 128 '' , in 1888 .",0
The United States Postal Service operates the Bell Post Office in 6327 Otis Avenue and the Bandini Station Post Office in 5555 Bandini Boulevard .,The United States Postal Service operates the Bell Post Office at 6327 Otis Avenue and the Bandini Boulevard Post Office at 5555 Bandini Station .,0
"It was commissioned by the governor of Rome , Ludovico Spada Veralli Potenziani , who had been directed by Mussolini to manage the Capital .","It was headed by the Governor of Rome , Ludovico Spada Veralli Potenziani , who had been commissioned by Mussolini to lead the capital .",0
"In June 1986 , Boeing 767-200ERs replaced the DC - 10 fleet with a new route to Mirabel International Airport , Montréal .","In June 1986 , Boeing 767-200ERs replaced the DC-10 fleet , with a new route to Mirabel International Airport , Montréal .",1
"Alla Petrovna Tsuper ( born April 16 , 1979 ) is a Belarusian ( until 2000 ) and Ukrainian ( since 2000 ) flight skier .",Alla Petrovna Tsuper ( ; ; ; born 16 April 1979 ) is a Ukrainian ( until 2000 ) and Belarusian ( since 2000 ) aerial skier .,0
He was born in Quebec around 1760 and settled in Detroit in 1782 ( the then Scotland ) .,He was born in Quebec around 1760 and settled in Detroit ( then part of Scotland ) in 1782 .,1
"In Ngapoi Ngawang Jigme , `` Ngapoi '' was , for example , his family name and `` Nga - Wang Jigmê '' his personal name .","In Ngapoi , Ngapoi Ngawang Jigme `` , for example , was his family name and '' Nga - Wang Jigmê `` his personal name .",0
"In the summer of 1956 , Mike Barnett took over the role of Frank Lovejoy until the end of the series in that same year .","In the summer of 1956 , Frank Lovejoy took over the role of Mike Barnett until the series ' end that same year .",0
"ZanAir Limited is a domestic airline based in Zanzibar , Tanzania . ZanAir was founded in 1992 in Zanzibar and is one of the most experienced airlines in Tanzania .","ZanAir Limited is a domestic airline based in Zanzibar , Tanzania ZanAir was founded in 1992 in Tanzania and is one of the most experienced airlines on Zanzibar .",0
"The singers of Sonic Syndicate , Richard Sjunnesson and Peter Wichers , sang also for a compilation - album , called `` with Soilwork guitarist Roland Johansson .","The singers of Sonic Syndicate , Richard Sjunnesson and Peter Wichers , also sang for a compilation album , called `` with Soilwork guitarist Roland Johansson .",1
The river Geamărtălui is a tributary of the River Strâmba in Romania .,The river Strâmba is a tributary of the River Geamărtălui in Romania .,0
"Jalari is one of the villages of Hamirpur , Nadaun , India .","Jalari is one of the villages in Hamirpur of Nadaun , India .",1
The Eastern Australian Football League is an Australian rule football contest in the eastern United States of America and a division of the United States Australian Football League .,The United States Australian Football League is an Australian football competition rule in the eastern United States of America and a division of the Eastern Australian Football League .,0
"In 1903 she spoke at the annual conference of the British Labour Party ( later the Labour Representation Committee ) , and was the first woman to do so .",In 1903 she spoke at the annual conference of the Labour Representation Committee ( later to the British Labour Party ) and was the first woman to do so .,0
"Other works of Benjamin Hallowell in Washington , D.C. , include sculptures by Bailly and Alexander `` Boss '' Shepherd .","Other works of Bailly in Washington , D.C. include sculptures by Benjamin Hallowell and Alexander `` Boss '' Shepherd .",0
"Pointe Aux Barques is located in Pointe aux Barques Lighthouse , not Huron Township .","Pointe aux Barques Lighthouse is situated in Huron Township , not Pointe Aux Barques .",0
It was completed in 1933 in a modernist style for the US federal government and is now used by the United States Postal Service as an office accommodation .,"It was completed in 1933 in Modernist style for the United States Federal Government , and is now used as office accommodation by the United States Postal Service .",1
"Its ancient cult sanctuary of Aphrodite was the second most important in Paphos , her homeland , after Cyprus .","After Cyprus , its ancient cult sanctuary of Aphrodite was the second most important in Paphos , her homeland .",1
"Here , two more sons were born : Louis in 1882 and Fred in 1884 .",Two other sons were born here : Louis in 1882 and Fred in 1884 .,1
"The Greeks and Romans identified the region as Gangaridai , a powerful kingdom of the historical subcontinent , in the 3rd century BCE .","In the 3rd century BC the Greeks and Romans identified the region as Gangaridai , a historical kingdom of the mighty subcontinent .",0
Her father is known as the educational archeologist and influenced Ennigaldi to create her first serious antiquity museum .,Her father is known as the first serious archaeologist and influenced Ennigaldi to create her educational antiquity museum .,0
"Due to the results of the previous round Kevin Gleason received + 30 kg , Gianni Morbidelli + 20 kg and Pepe Oriola + 10 kg .","Due to the results in the last round , Gianni Morbidelli received + 30 kg , Pepe Oriola + 20 kg and Kevin Gleason + 10 kg .",0
"In the first round of the tournament , Sean Loeffler defeated Baker via TKO at Bellator 16 .","During the first round of the tournament , Sean Loeffler Baker defeated TKO at Bellator 16 .",0
Heather Weaver has been the conductor of the group since 2003 and Sharon Northe has been President since 2017 .,"Sharon Northe has been Head of the Group since 2003 , and since 2017 Heather Weaver has been President .",0
The joint management of the memorial was founded by the National Park Service and the United States Navy on 9 September 1980 .,"The joint administration of the memorial by the National Park Service and the United States Navy was established on September 9 , 1980 .",1
"Tyler , the youngest , was born in 1860 when Pearl was 70 years old , she died in 1947 .","The youngest , Tyler was born in 1860 , when Pearl was 70 years old , she died in 1947 .",1
"B is the common term between the two premises ( the central term ) , but is never distributed , so this syllogism is invalid .","B is the middle term between the two premises ( the common term ) , but is never distributed , so that syllogism is invalid .",0
The Major A Premiership is currently held in the Pacific League by the Major League in Pine Hills Lightning and Runcorn Indians .,The Major A premiership is currently held by the Pine Hills Lightning in Major League and Runcorn Indians in the Pacific League .,0
"There are 7 blue runs , 21 red runs , 11 green races and 4 black runs .","There are 7 green runs , 21 blue runs , 11 red runs , and 4 black runs .",0
Bridie Morton married in 1986 Timothy Torlot .,Timothy Torlot married Bridie Morton in 1986 .,1
"In April 1944 , Cozens was promoted Lieutenant-General and was later appointed Assistant Chief to General Ronald Scobie .","In April of 1944 , Cozens was promoted to Lieutenant-General and was later appointed Assistant Chief of General Ronald Scobie .",1
The Mexican Baseball League ( or `` LMB '' ) is a professional baseball league based in Mexico .,The LMB ( or `` Mexican Baseball League '' ) is a professional baseball league located in Mexico .,1
"If in practice a teredo client wants to locate a corresponding node , it must contact the native IPv6 - Teredo - Relay , d .","In practice , when a Teredo client wants to contact a native IPv6 node , it must locate the corresponding Teredo relay , `` i.e .",0
"The Croatian variant is played counter-clockwise , while in Montenegro the order is used clockwise .","The Croatian variant is played in a clockwise order , while in Montenegro the counter-clockwise order is used .",0
Pennsauken Township is located in the 1st Congressional District and is part of New Jersey 's 6th state legislative district .,Pennsauken Township is located on the 1st Congressional District and is part of the 6th State Legislative District in New Jersey .,1
"The game was launched on May 16 , when the Steam Greenlight campaign was announced .","The game was announced on May 16 , when the Steam Greenlight campaign was launched .",0
"In 1912 she married the painter George Bouche , and they had a son , Edmond , in 1915 . Charmy and Bouche met in 1935 .","In 1912 she married the painter George Bouche , and in 1915 she had a son , Edmond , and Charmy and Bouche met in 1935 .",1
"Other languages that were spoken at home included Mandarin 3.0 % , Cantonese 1.9 % , Greek 1.8 % , and Italian 1.7 % .","Other languages spoken at home included Mandarin 3.0 % , Cantonese 1.9 % , Greek 1.8 % and Italian 1.7 % .",1
It is in Amazonas ( Brazil ) .,It is found in Amazonas ( Brazil ) .,1
"With a fourth and a third place , while Trinity were in the bottom half .","With a fourth and a third place , while Trinity were in the lower half .",1
"Their most common colors are white , although other rarer colors such as red , blue , yellow , and green have been seen or mentioned .","Their most common colors are red , blue , yellow and green , even though other rarer colors , such as white , have been seen or mentioned .",0
Atenaide ( RV 702 ) is a 1728 opera by Vivaldi for a revised edition of a libretto by Apostolo Zeno of 1709 for Caldara .,Atenaide ( RV 702 ) is a 1728 opera by Vivaldi for a revised edition of a Caldara libretto from 1709 for Apostolo Zeno .,0
"That night , Emperor Li Zhan died , and Muzong took up the throne ( as Emperor Jingzong ) .","That night , Emperor Muzong died , and Li Zhan took the throne ( as Emperor Jingzong ) .",0
"In 1877 he went to Connecticut , but soon returned to California and returned to the Republic of Salvador as a state geologist in the fall of 1879 .",In 1877 he went to Connecticut but soon went back again to California and in the fall of 1879 returned to the Republic of Salvador as State Geologist .,1
"Mount Fillmore is a mountain in the Plumas National Forest in Sierra County , California . It is northeast of La Porte and north of Downieville .","Downieville is a mountain in the Plumas National Park in Sierra County , California , northeast of La Porte and north of Mount Fillmore .",0
And later installed Roque Lopez as president of the provisional government in Iloilo town in Santa Barbara .,And later Roque Lopez installs as president of the provisional government in Iloilo town in Santa Barbara .,1
It is a commercial product in the production of the intermediate polymer EPDM .,It is an intermediate in the production of the commercial polymer EPDM .,0
"He was son of Jonathan Elmer and nephew of Ebenezer Elmer , both of whom also served in Congress .","He was the son of Jonathan Elmer and nephew of Ebenezer Elmer , both of whom served in Congress .",1
"It is practical , often versatile and naturally very easy to move .","It is practical , often versatile and naturally , very easy to move about .",1
"She has also published biographies , of the Nobel laureate Octavio Paz and artist Juan Soriano .",She also published biographies of the Nobel laureate Octavio Paz and the artist Juan Soriano .,1
John Barry 's energy kills Johnny .,Barry 's energy kills Johnny .,1
"In July 2013 , Greg Vaughan appeared in `` Second Chances '' , a Hallmark Original Movie , alongside '' Days '' Co - Star Sweeney .","In July 2013 , Greg Vaughan appeared in `` Second Chances '' , a Hallmark Original Movie , alongside `` Days '' co-star Sweeney .",1
"Katerina Maleeva defeated Audra Keller 7 -- 6 , 6 -- 2","Audra Keller defeated Katerina Maleeva with 7 -- 6 , 6 - 2 .",0
"In 1705 , an armatolos named Zisis Karademos led a Greek uprising against the local Ottoman garrison .",An Armatolos named Zisis Karademos introduced a local uprising against the Greek - Ottoman garrison in 1705 .,0
"Baby Boom is a 1987 romantic comedy film directed by Charles Shyer , written by Nancy Meyers and Shyer , and produced by Meyers and Bruce A .","Baby Boom is a 1987 romantic comedy directed by Charles Shyer , written by Nancy Meyers and Shyer , produced by Meyers and Bruce A .",1
He received a Green Room Award for male artists in a leading role for the latter .,"For the latter , he received a Green Room Award for leading artist in a male role .",0
Matthew is a surname derived from the patronymic form of a short form of the English `` Matheson '' .,"Matheson is a surname , derived from the patronymic form of a short form of English `` Matthew '' .",0
"The French , led by Bertrand du Guesclin , defeated the relief force and met it .","The French , led by Bertrand du Guesclin , met and defeated the relief force .",0
"Following the 1962 season , Green was traded with Tracy Stallard and Al Moran in exchange for Felix Mantilla to the New York Mets .","After the 1962 season , Green was traded with the New York Mets together with Felix Mantilla in exchange for Tracy Stallard and Al Moran .",0
"However , most white horses have pink skin and some have blue eyes .","However , most pink horses have white skin and some blue eyes .",0
"Eventually , Spartan met with IBM offices in Ottawa to begin developing a relationship to bridge the geographic gap between computer data and previous services .",Spartan finally met with IBM offices in Ottawa to begin developing a relationship to bridge the geographic gap between computer data and previous services .,1
"Written by Michelle MacLaren and directed by George Mastras , it broadcast on AMC in the United States and Canada on September 8 , 2013 .","Written by George Mastras and directed by Michelle MacLaren , it aired on AMC in the United States and Canada on September 8 , 2013 .",0
TV shows in Cape Verde are made in Praia by TCV and Record Cabo Verde .,Television shows in Cape Verde are made by TCV and Record Cabo Verde in Praia .,1
Some of the details Daniel cites are specific to the Old English poem based on `` Peeters '' .,"Some of the details that Peeters cites are specific to the old English poem , which is based on `` Daniel '' .",0
"Brutus died on April 9 , 1830 , in the town of Adam Helmer in Cayuga County , New York .",Adam Helmer died on 9 April 1830 in the city of Brutus at Cayuga County in New York .,0
"He was a `` Xiaolian '' and served in his early years as a district official under the warlord Dong Zhao , before being promoted to a military adviser .",Dong Zhao was a `` xiaolian '' and served as a county official in his early years under the warlord Yuan Shao before being promoted to a military adviser .,0
"Buchanan accepted the reports of the judges without further investigation , and the new governor was accompanied by troops sent to garrison forts in the new non-sectarian territory .","Buchanan accepted the reports of the judges without any further investigation , and the new governor was accompanied by troops sent to garrison forts in the new non-sectarian territory .",1
"The mountain was named by Marie Henri Daniel Gauthier after the French navy officer Jules de Blosseville , Comte de Rigny ( 1782 - 1835 ) .","The mountain was named after the French navy officer Marie Henri Daniel Gauthier , Comte de Rigny ( 1782 - 1835 ) , by Jules de Blosseville .",0
"The sixth studio album was released on February 24 , 2010 in Japan , on March 2 , Canada , in Europe on March 3 , and on April 6 in North America .","Kalmah 's sixth studio album was released in Europe on 24 February 2010 , Japan on 2 March , North America on 3 March and Canada on 6 April .",0
"In 1880 , the western half of Kill Creek Township became Mount Ayr Township .",In 1880 the western half of the Kill Creek Township Mount Ayr Township became .,0
"It generally flows northwest , through the Siuslaw National Forest and enters the Pacific City on the Pacific coast near Nestucca Bay .",It generally flows northwest through the Siuslaw National Forest and enters the Nestucca Bay on the Pacific near Pacific City .,0
"The culture fee , in the case of an ampoule , for commercial organizations is 10,800 Japanese yen , and the fee for non-profit organizations is 5,400 Japanese yen .","The culture fee , in case of an ampoule , for commercial organizations is 10800 Japanese yen and the fee for non-profit organizations is 5400 Japanese yen .",1
"In the same year , he was appointed General Vicar for the Quebec region of the Diocese of Mississippi and Illinois .","In the same year , he was appointed General Vicar for the Mississippi and Illinois region of Quebec Diocese .",0
"Back in Gotham , Bruce Wayne ( Batman ) and Dick investigate Barbara 's kidnapping and learn that Belson is also missing .",Batman ( Bruce Wayne ) and Belson investigate the kidnapping of Dick back in Gotham and learn that Barbara is also missing .,0
The music was composed by Vayalar Ramavarma and lyrics was written by Salil Chowdhary and Shantha P. Nair .,The music was composed by Salil Chowdhary and Shantha P. Nair and the lyrics by Vayalar Ramavarma were written .,0
"The Muggins Mountains is a mountain range in the southwest of Arizona east of Yuma , Arizona , northeast of Gila Mountains and east of the Laguna Mountains .","The Muggins Mountains is a mountain range in southwest Arizona east of Yuma , Arizona , northeast of the Gila Mountains , and east of the Laguna Mountains .",1
"The national symbols of Estonia are flags , coats of arms , icons or cultural expressions that are emblematic , representative or otherwise characteristic of Estonia or Estonian culture .","The national symbols of Estonia are flags , coat of arms , icons or emblematic , representative expressions that are cultural or otherwise characteristic of Estonia or Estonian culture .",0
"His father was the renowned deceased Ud Maestro Munir Bashir , his uncle was the late Oud - Master Jamil Bashir .","His father was the late Ud Maestro Munir Bashir , his uncle was the famous Oud - Master Jamil Bashir .",0
"Likewise , a non-Malay Malaysian who converts to Islam can lay claim to Bumiputra privileges , provided he meets the other conditions .","Likewise , a non-Malay Malaysian who converts to Islam can claim Bumiputra privileges , provided he meets the other conditions .",1
The Cocora River is a tributary of the Rebricea River in Romania .,The Rebricea River is a tributary of the River Cocora in Romania .,0
"In 1989 , a cover version of Phil Harding and Ian Curnow , produced by Sinitta , appeared .","A cover version by Sinitta appeared in 1989 , produced by Phil Harding and Ian Curnow .",0
"Scurria plana is a sea snail species , a true limpet , a marine gastropod mollusc in the Lottiidae family , one of the families of the true limpets .","Scurria plana is a species of sea snail , a true limpet , a true gastropod mollusc in the Lottiidae family , one of the families of the marine limpets .",0
"Lemmings , by contrast , are conspicuously colored and behave aggressively towards predators and even human observers .","By contrast , lemmings are aggressively colored , and behave conspicuously against predators and even human observers .",0
"In 2003 , Peachey was included in the Top - Ten - Cronulla Sharks Legends , as selected by the fans and nominated by a panel of rugby league experts .","In 2003 , Peachey was named in the top ten Cronulla Sharks Legends , as picked by the fans and nominated by a panel of rugby league experts .",1
"Nong Wua So is a district ( `` Amphoe '' ) in the northeastern part of the province of Udon Thani , in western Thailand .","Nong Wua So is a district ( `` amphoe '' ) in the northeastern part of Udon Thani Province , western Thailand .",1
"The Vidăcut River or Hidecut River is a tributary of the Eliseni River , in Romania",The river Eliseni or Hidecut is a tributary of the river Vidăcut in Romania .,0
"He was the son of the surgeon Timothy Hosmer ( born 1740 in Canandaigua , New York , died in 1820 in Middletown , Connecticut ) .","He was a son of surgeon Timothy Hosmer ( born in Canandaigua , New York , in 1740 ; died in Middletown , Connecticut , in 1820 ) .",1
"The former members of the active MDU and ABL were arrested by the police , such as John Eber and Dr. Joseph K.M .","The former members of active MDU and ABL were arrested by the police , such as John Eber and Dr Joseph K.M .",1
"Established in 1788 , Alberta shares the title of oldest European settlement in Fort Vermilion with Fort Chipewyan .",Alberta was established in 1788 and shares with Fort Chipewyan the title of the oldest European settlement in Fort Vermilion .,1
"It was well known for its fertile wine , produced in the local farms that characterized the parish until the mid-twentieth century .","It was known for its local wine , produced in the fertile farms that characterized the parish until the mid-twentieth century .",0
Kate Foote Coe 's niece Margaret Foote Hawley was an artist who specialized in portrait miniatures .,"Kate Foote Coe , the niece of Margaret Foote Hawley , was an artist who specialized in portrait miniatures .",0
"The others were Donald Carr from Repton School and the Etonian , Luke White .",The others were Donald Carr of the Repton School and Etonian Luke White .,1
"In 2013 , the Bank ’ s domestic branches in Austria were sold to Anadi Financial Holdings and renamed the Austrian Anadi Bank .","In 2013 the domestic branches of the bank in Austria were renamed to Anadi Financial Holdings , and sold to Austrian Anadi Bank .",0
The season 2002 Seattle Seahawks was the 27th season of the team with the national football league .,The 2002 National Football League season was the 27th season of the Seattle Seahawks team .,0
"Allen was born in Ashland , Kentucky , visited the High School in Oldtown and played at West Virginia University from 1932 to 1934 .","Allen was born in Ashland , Kentucky and attended high school in Oldtown . He played football at the West Virginia University from 1932 to 1934 .",1
"The concept of a redistributive system is at least as old as the concept of Pharaoh , which means '' royal house `` and describes the large palace .","The concept of a redistribution system is at least as old as the concept of Pharaoh , which means `` royal house '' and describes the great palace .",1
"Other languages that were spoken at home included Mandarin 3.0 % , Cantonese 1.9 % , Greek 1.8 % , and Italian 1.7 % .","Other languages spoken at home included Mandarin 3.0 % , Italian 1.9 % , Cantonese 1.8 % and Greek 1.7 % .",0
"Hirasea diplomphalus is a species of small air-breathing snail , a terrestrial pulmonate gastropod mollusk in the Endodontidae family .","Hirasea diplomphalus is a species of terrestrial pulmonate air-breathing land snail , a small gastropod mollusk in the family Endodontidae .",0
"On 7 September 2011 , the Blue House officially scrapped plans for a foundational tax deduction , marking the rich end of Mbnomics .","On 7 September 2011 , the Blue House officially scrapped plans for a basic tax deduction , marking the rich end of Mbnomics .",1
"This drama is directed by Naeem Khan , written by Doctor Ali Arslan and produced by Eveready Pictures .","This drama is headed by Naeem Khan , written by Doctor Ali Arslan and produced by Eveready Pictures .",1
"Often , negative growth is also accompanied by a negative output gap in an economy ( where potential production exceeds actual demand ) .",Negative growth is often accompanied by a negative output gap in an economy ( where actual output exceeds potential demand ) .,0
"During the First World War , Cary served with a German regiment fighting in the Nigerian colony of Cameroon .","During the First World War , Cary served a German regiment in the Nigerian colony of Cameroon .",1
The `` total `` binding energy per nucleon '' would be this value divided by `` A '' .,The total energy binding per nucleon `` would be this value divided by '' A `` .,0
"In Finnmark , he completed several of the paintings he had outlined on his 1832 Stockholm tour .",In Stockholm he completed some of the paintings he had outlined on his Finnmark tour in 1832 .,0
The term is sometimes used in exclusive reference to Mexico and Guatemala .,The term is sometimes used in exclusive reference to Guatemala and Mexico .,1
The Jecnova River is a tributary of the River MureÅ in Romania .,The Jecnova River is a tributary of the Mureş River in Romania .,1
"Nyceryx tacita is a moth of the family Sphingidae , which is found from Bolivia to Mexico , Guatemala , Costa Rica and Panama .","Nyceryx tacita is a moth of the family Sphingidae . It is found from Mexico , Guatemala , Costa Rica and Panama to Bolivia .",0
"The son of James Jeffords , who served as Chief Justice of the Vermont Supreme Court , Olin M. Jeffords was born in Rutland , Vermont .","The son of Olin M. Jeffords , who served as the chief justice of the Supreme Court of Vermont , was born James Jeffords in Rutland , Vermont .",0
"The mountain was named by Marie Henri Daniel Gauthier , after French naval officer Jules de Blosseville , comte de Rigny ( 1782 -- 1835 ) .","The mountain was named by Marie Henri Daniel Gauthier after the French navy officer Jules de Blosseville , Comte de Rigny ( 1782 - 1835 ) .",1
These cued monitoring aircraft sent the data to a processing center in Thailand from which target information was sent to the DELTA teams .,"These sent monitoring aircraft , which sent the data to a processing center in Thailand , from which target information was cued to the DELTA teams .",0
"An iOS version called `` Devil May Cry 4 : Refrain '' was announced January 11 , 2011 . It was released on February 3 , 2011 .","An iOS version called `` Devil May Cry 4 : Refrain '' was released on January 11 , 2011 , and was announced on February 3 , 2011 .",0
The Chicago Park District is the oldest and one of the largest park districts in the United States .,The Chicago Park District is one of the oldest and one of the largest park districts in the United States .,1
His mortal remains were later relocated to the British cemetery in the Üsküdar district of Haydarpaşa .,His remains were later relocated to the British Cemetery in the Haydarpaşa quarter of the Üsküdar district .,0
"The popular French singers Coralie Clément and Benjamin Biolay , as well as footballers hopeful Grégory Bettiol and actor and cellist Maurice Baquet were born in the city .","The popular French singers Grégory Bettiol and Coralie Clément , as well as football player hopeful Benjamin Biolay and actor and cellist Maurice Baquet were born in the town .",0
"Garha Kalan is a village in the Bhopal district of Madhya Pradesh , India . It is located in the Berasia tehsil .","Garha Kalan is a village in the Bhopal region of Madhya Pradesh , India . It is located in Berasia tehsil .",1
"Some priority rights , `` national priority rights , are defined by some internal laws .","Some priority rights , called `` national priority rights '' , are defined by some internal laws .",1
"A quantum mechanical fluid refers to any system that shows macroscopic effects at the quantum level , such as superfluids , superconductors , ultracold atoms , etc .","A quantum fluid refers to any system that shows quantum mechanical effects at the macroscopic level , such as superfluids , superconductors , ultra-cold atoms , etc .",0
"From 2 June 1969 , lectures were held for the first 300 students , and at that time the local workforce consisted of 28 academic lecturers .","For the first batch of 300 students , lectures were held beginning from 2 June 1969 . At that time , the academic workforce consisted of 28 local lecturers .",0
"The Macintosh was the second Apple computer to be delivered with a graphical user interface , with the Apple Lisa being the first .","The Macintosh was the second Apple Computer to ship with a graphical user interface , with the Apple Lisa being the first .",1
"Like its neighbour , Scotland , the constituency was one of Labour 's safest seats in Dunfermline East .","The constituency , like its neighbour Scotland , was one of the safest seats of Labour in Dunfermline East .",1
"Nicky Romero ( born 6 January 1989 ) , professionally known as Nick Rotteveel , is a Dutch DJ , record producer , musician and remixer .","Nicky Romero ( born January 6 , 1989 ) , known professionally as Nick Rotteveel , is a Dutch DJ , record producer , musician and remixer .",1
"Harkins married Salina Gardner and Lily Folsom , Daughter of Chief David Folsom and Rhoda Nail .","Harkins was married to Salina Gardner and Lily Folsom , daughter of Chief David Folsom and Rhoda Nail .",1
"The members of the United Methodist Church gather in Laichingen , while the Catholics in the parish of St. Josef are assigned to Bad Urach .","The members of the United Methodist Church gather in Laichingen , while the Catholics are appointed to the parish of Bad Urach in St. Joseph .",0
"Only one percent of natural diamonds are of this kind , and most are blue to grey .","Only one percent of natural diamonds are of this type , and most are blue to grey .",1
"After the 1885 Dictionary of National Biography , Leland is assigned to the first half of the fourteenth century by Ralph Acton and his followers .","After the dictionary of the National Biography of 1885 , Ralph Acton is assigned by Leland and his followers to the first half of the fourteenth century .",0
"In 1980 , Lucy claimed that the series was written for the poet 's sister Dorothy , but found the Dorothy -- Hunter Davies allusion `` bizarr '' .","In 1980 , Lucy contended that the series was written for the poet 's sister Dorothy , but found the Dorothy -- Hunter Davies allusion `` bizarre '' .",1
"When Arthur Williams Wright retired in 1906 , Bumstead became a professor of physics at Yale College and director of the Sloan Physics Laboratory .","When Arthur Williams Wright retired in 1906 , Bumstead became professor of physics at Yale College and Director of the Sloan Physics Laboratory .",1
One of the advantages the quantitative research as a whole has over qualitative research is its flexibility .,One of the advantages of quantitative research as a whole over the qualitative is its flexibility .,1
"Grossman was injured later in the season , however , and temporarily relieved of Griese .","Griese was temporarily injured in the season , however , and later relieved of Grossman .",0
"Carlos Robacio , BIM5 - Commander , was awarded the Argentine nation to the Valour in Combat Medal and the Battalion itself was awarded by the Argentine Congress in 2002 .","Carlos Robacio , BIM5 commander , was decorated the Argentine Nation to the Valour in Combat Medal and the battalion itself was awarded by the Argentine Congress in 2002 .",1
The second season introduced Eugene O ’ Neill and his play `` Bound East for Cardiff '' as well as `` Trifles '' by Susan Glaspell .,"In the second season , Susan Glaspell and his play `` Bound East for Cardiff '' as well as '' Trifles '' were introduced by Eugene O ’ apos ; ' Neill .",0
"Nearby locations include Jacobson , Swan River , Libby and Palisade , Ball Bluff is 10 miles north of Swan River and 26 miles south of McGregor .","Nearby places include Jacobson , Swan River , Libby and Palisade , Ball Bluff is located 10 miles south of Swan River and 26 miles north of McGregor .",0
Then Agrippa Polemon I sent from Pontus to take Scribonius and remove the throne himself .,Agrippa then sent Polemon I of Pontus to remove Scribonius and take over the throne himself .,0
"A Broadway - Revival 2001 was staged by Joe Mantello and performed Jennifer Ehle as Otto , Alan Cumming as Gilda and Dominic West as Leo .","A 2001 Broadway - Revival was staged by Joe Mantello and played Alan Cumming as Otto , Jennifer Ehle as Gilda and Dominic West as Leo .",0
Prairie Justice is a 1938 `` B film directed by Bob Baker and George Waggner as a singing cowboy .,Prairie Justice is a 1938 `` B '' movie directed by George Waggner and starring Bob Baker as a singing cowboy .,0
It is distributed from China to Siberia and found in dry slopes or rocky places .,It is distributed from China to Siberia and found growing in dry slopes or rocky places .,1
"Annie Homan ( 1944 ) shows the road as the `` Livermore Road '' , according to historian Bowerman .","Bowerman ( 1944 ) shows the street as '' Livermore Road `` , according to the historian Annie Homan .",0
"Born Chloe Wang in Chicago , Illinois , Chloe Bennet is the daughter of Bennet Wang , an investment banker , and Stephanie Crane , an internist .","Chloe Wang was born Chloe Bennet in Chicago , Illinois . She is the daughter of Bennet Wang , an investment banker and Stephanie Crane , an internist .",0
"Shake is an album by The Thing , the trio of saxophonist Mats Gustafsson , bassist Ingebrigt Håker Flaten and drummer Paal Nilssen-Love .","Shake is an album by The Thing , the trio of saxophonist Mats Gustafsson , the bassist Ingebrigt Håker Flaten and drummer Paal Nilssen - Love .",1
The river Valea Arsurii is a tributary of the Valea Mica river in Romania .,The Valea Mică River is a tributary of the River Valea Arsurii in Romania .,0
"The rivalry between Tanahashi and Tanahashi culminated on September 29 at a Lumberjack Deathmatch in Destruction , where Devitt won .","The rivalry between Devitt and Tanahashi culminated in a Lumberjack Deathmatch on September 29 at Destruction , where Tanahashi was victorious .",0
"On June 17 , 1988 , the Baltimore Blast selected Agnew in the fourth round ( first overall ) of the Major Indoor Soccer League draft .","On June 17 , 1988 , the Baltimore Blast Agnew elected in the fourth round ( first total ) of the Major Indoor Soccer League Draft .",1
"Beside that , the triple rusticated square Doric order facade and groups of unusual pilasters were one of the earliest design approach applied in a building .","Apart from that , the unusual rustic triple Doric order facade and groups of square pilasters were applied one of the earliest design approach in a building .",0
"Former mayor Jacquelin Holzman once served as a judge , and in 2003 Ken Jennings read the first question via video .","Former mayor Ken Jennings once served as a judge and in 2003 , Jacquelin Holzman read the first question via videotape .",0
It is located on the hills between the Mullum Creek and the Koonung Creek .,It is located in the hills between the Koonung Creek and the Mullum Mullum Creek .,1
Mimi Sodré was a student at the Naval Academy when he was interested in scouting after reading a book by Baden Powell called Scouting for Boys .,"Mimi Sodré was a student at the Naval Academy when after reading a book by Baden Powell named Scouting for Boys , he became interested in Scouting .",1
"In 2001 he founded in Zagreb , Croatia , the publishing house and animation workshop `` Petikat '' , most recently at Zagreb film worked on graphic films .","In 2001 in Zagreb , Croatia he founded the publishing house and animated workshop `` Petikat '' . Most recently he worked on graphic films at Zagreb Film .",1
"For example , in order to draw a vertical line of 4 cm length , it is sufficient to type :","For example , to draw a vertical line of 4 cm in length , it is sufficient :",1
"Of the women , Sarah Hendrickson ( USA ) , Sara Takanashi ( Japan ) , Coline Mattel ( France ) and Evelyn Insam ( Italy ) were the favourites .","Among women , the favourites were Sarah Hendrickson ( USA ) , Sara Takanashi ( Japan ) , Coline Mattel ( France ) and Evelyn Insam ( Italy ) .",1
"Local artists have created a unique oasis at the Azalea Community Park with the Water Conservation Garden , a collection of succulents and creative sculpture .","At the Azalea Community Park , creative artists have created a unique oasis with the Water Conservation Garden , a collection of local plants and succulents .",0
"Phaenomenella mokenorum is a species of sea snail , a true gastropod mollusk in the Buccinidae family , the marine whelks .","Phaenomenella mokenorum is a species of sea snail , a marine gastropod mollusk in the family Buccinidae , the true whelks .",0
"For the 1951 season , the circuit with the Arizona -- Texas League merged to form the Southwest International League .",For the season in 1951 the circuit merged with the Arizona - Southwest - International League to form the Texas League .,0
Hennig is also president of the Duisburg -- Mülheim -- Dinslaken region and lives in Duisburg .,Hennig is also president referee of the Dinslaken -- Mülheim -- Duisburg region and lives in Duisburg .,1
He moved to New France in 1685 and lived for some time in Quebec .,Around 1685 he moved to Québec and lived for some time in New - France .,0
Károli started his school in Brassó and finished in Nagykároly . In 1556 he went to the Wittenberg Academy . In 1566 he ordered the Synod of Gönc .,"Károli started his school in Nagykároly and closed it in Brassó , in 1556 he went to the Wittenberg Academy , in 1566 he ordered the Synod of Gönc .",0
Donna interviews that Fargo now looks '' nobler `` and the line better represents .,Donna interviews that Fargo looks `` classier '' now and better represents the line .,0
The common musical interest of members was one of the decisive factors for the foundation of Coldrain .,The decisive interest of the members was one of the common musical factors for the forming of Coldrain .,0
"The southern area contains the Tara Mountains and the northern area consists of open plains along the coast , and the city proper .",The northern area contains the Tara mountains and the southern region consists of open plains along the coast and the actual city .,0
"Theoretically , TS can be derived for simple targets such as spheres and cylinders , but in practice it is mostly empirically measured or calculated with numeric models .","TS can be derived theoretically for simple targets such as spheres and cylinders , but in practice , it is usually measured empirically or calculated with numerical models .",1
It was the first mass political action in Ceylon and the first major social crisis following independence .,It was the first major social action in Ceylon and the first mass political crisis after independence .,0
In France for the Centre Saint-Étienne Bobo and in Burkino Faso for Saint-Étienne B played,Sanou has played in France for Centre Saint-Étienne Bobo and in Burkino Faso for Saint-Étienne B .,0
"If `` f '' in Hardy has room `` H '' , then it is a factorization","If `` f '' has in Hardy space `` H '' , then it is a factorization",1
"For the next thirty years , Kriebel and Warner Sallman marketed over 100 Bates works .","In the next thirty years , Kriebel and Bates marketed over 100 Warner Sallman works .",0
The Karoo - Mine is a big mine in the northern part of Gauteng in South Africa .,The Karoo mine is a large mine in the northern part of Gauteng in South Africa .,1
"As an official Soviet artist , his work was well received and widely exhibited .","As an official Soviet artist , his work was well received and exhibited widely .",1
In 1880 became the western half of the Mount Ayr Township Kill Creek Township .,"In 1880 , the western half of Mount Ayr Township became Kill Creek Township .",0
Glasson won Australian championships 19 times including nine national indoor championships .,"Glasson won 19 - times national hall championships , including nine Australian championships .",0
The Borcut River was a tributary of the Colnici River in Romania .,The Colnici River is a tributary of the Borcut River in Romania .,0
"The Viennese ice revue toured through most European countries , including Germany , Italy , the Netherlands , Switzerland , Hungary , Czechoslovakia , Belgium , France and Spain .","The Vienna Ice Revue toured through most European countries including Switzerland , Hungary , Czechoslovakia , Belgium , the Netherlands , Germany , Italy , France and Spain .",1
The problem of checking whether a given polynomial is a permutation polynomial over a polynomial field can be solved in final time .,The problem of testing whether a given polynomial over a polynomial field is a permutation polynomial can be solved in finite time .,1
"In the late 1920s , she was researcher at Illinois State University and later at Radcliffe College and McGill University in America .",In the late 1920 's she was a researcher in America at McGill University and later Radcliffe College and Illinois State University .,0
"Together with Frederick Murray Trotter and others he helped create new maps and memoirs of the districts of Brampton , Whitehaven , Gosforth and Cockermouth in Cumberland .","Together with Frederick Murray Trotter and others he helped create new maps and memoirs from Brampton , Whitehaven , Cumberland - districts of Gosforth and Cockermouth .",0
"In Enzo , the replacement guitarist who inspired her to new heights , she finds new creative hope and friendship .","She finds new hope and friendship in Enzo , the replacement guitarist who inspires her to reach new creative heights .",0
"The state government has built a $ 187 million pipeline from Wivenhoe Dam to Toowoomba , which began water pumps along the Cressbrook Dam in January 2010 .",The state government has built a $ 187 million pipeline from Cressbrook Dam to Toowoomba . Water pumping along the pipeline to Wivenhoe Dam began in January 2010 .,0
San Lorenzo Axocomanitla is a municipality in Mexico in south-eastern Tlaxcala .,Axocomanitla is a municipality in south-eastern Tlaxcala in Mexico .,1
"He spoke throughout East Asia and Ghana in 1958 , and in 1961 in Northern and Western Europe .","In 1958 he spoke throughout East Asia and in Western Europe , and in 1961 in Northern Ghana .",0
Adele was accused of plagiarizing the melody of `` Million Years Ago '' from singer Ahmet Kaya 's 1985 song `` Acilara Tutunmak '' .,Ahmet Kaya was accused of plagiarizing the melody of `` Million Years Ago '' from the song `` Acilara Tutunmak '' from singer Adele of 1985 .,0
He was born in 1932 and played in the Brisbane Rugby League for Brisbane Norths and Redcliffe and also trained Redcliffe in 1968 and 1969 .,Turner was born in 1932 and played in the Brisbane Rugby League competition for Brisbane Norths and Redcliffe . He also coached Redcliffe in 1968 and 1969 .,1
"`` It was a crazy race and I had such a fast Pennzoil Ford '' , Logano said .","`` It was a fast race , and I had such a crazy penn zoil Ford '' , said Logano .",0
"On 26 July 2012 , Gu Kailai was charged with the murder of Neil Heywood .","On 26 July 2012 , Neil Heywood was charged with the assassination of Gu Kailai .",0
"This dish has become one of the most symbolic dishes of indian cuisine , next to Indian curry .","This dish has become one of the most symbolic dishes of the Indian cuisine , next to Indian curry .",1
These beats listen to the stylings of a variety of drumbeats across West Africa as well as the traditional African genre Afrobeat .,These beats harken to the stylings of a variety of traditional African drumbeats across West Africa as well as the precursory genre of Afrobeat .,0
"Sandra Miesel and Carl Olson state that , contrary to the book 's claims , the Gnostic Gospels ( e.g .","Sandra Miesel and Carl Olson explain that , contrary to the book 's claims , the gnostic gospels ( e.g .",1
Although Andrew Anthony was '' critical in `` The Observer and A.A. Gill of '' The Sunday Times '' was unimpressed .,Although A.A. Gill was '' critical in `` The Observer and Andrew Anthony of '' The Sunday Times '' was unimpressed .,0
"`` Sex with Me '' was mixed by Manny Marroquin at Larrabee Studios in Universal City , California and supported by Chris Galland and Ike Schultz .","`` Sex with Me '' was mixed by Manny Marroquin at Larrabee Studios in Universal City , California and was assisted by Chris Galland and Ike Schultz .",1
"Even today , the island threatens to divide into a southern and a northern part , which can only be avoided by extensive coastal protection measures .","Even today , the island threatens to divide into a northern and a southern part , something which can only be avoided by extensive coastal defence measures .",1
The company built a hotel in Eskisehir and a paper factory in Kazakhstan in Turkey .,The company built in Eskisehir a hotel in Turkey and a paper factory in Kazakhstan .,0
`` The Candidate '' is the 14th episode of the American Broadcasting Company 's sixth season of the serial drama television series `` Lost '' and 117th episode overall .,`` The candidate '' is the 117th episode of the 14th season of the American Broadcasting Company of the serial drama - TV series '' Lost `` and sixth episode overall .,0
"The `` Cobblers '' fell to 16th in 1991 -- 92 , before they dropped to 20th place in 1992 -- 93 under Phil Chard .","The `` Cobblers '' dropped to 20th in 1991 -- 92 , before plummeting to 16th place in 1992 -- 93 under Phil Chard .",0
"The 1978 Daytona 500 , the 20th running of the event , was the second race of the 1978 NASCAR Winston Cup season .","The 1978 Daytona 500 , the second race of the event , was the 20th round of the 1978 NASCAR Winston Cup season .",0
"In some cases , pain or at least discomfort is secondary or rather insignificant to the humiliation .","In some cases , pain , or at least inconvenience , is secondary , or rather insignificant , to humiliation .",1
Research into military physiology began in 1950 by a small group of scientists and medical physiologists at the Defence Science Laboratory in Delhi .,"Research in medical physiology began in 1950 through a small group of scientists and military physiologists at Defence Science Laboratory , Delhi .",0
"Some of his volumes include : `` Jewish Influence on Christian Reform Movements '' ( 1924 ) and `` Jewish People , Faith and Life '' ( 1957 ) .","Some of his volumes are : `` Jewish influence on Christian reform movements '' ( 1924 ) and '' Jewish people , faith and life `` ( 1957 ) .",1
"On December 10 , she steamed out of Hampton Roads to return south to the Caribbean -- Gulf of Mexico .","On 10 December , she steamed out of Hampton Roads to return south to the Caribbean Sea -- Gulf of Mexico area .",1
"Machar , a witness to the Confederation , was concerned about the English -- French tensions in the young country .","Machar , a witness to the Confederation , was concerned about the English - young tensions in the French country .",0
This makes Pyhä-Luosto Finland 's newest but at the same time oldest national park .,This makes Pyhä-Luosto Finland 's oldest and newest national park at the same time .,0
"Pre-modern ( 18th-century ) elements are often the Korean pronunciation of their Japanese equivalents , e.g .","Pre-modern ( 18th-century ) elements are often the Japanese pronunciation of their Korean equivalents , e.g .",0
"Cornelia Stuyvesant Vanderbilt ( George and Edith Vanderbilt 's only child ) married British aristocrat , John F. A. Cecil , a descendant of William Cecil in 1924 .","John John F. A. Cecil ( the only child of George and Cornelia Stuyvesant Vanderbilt ) married the British aristocrat William Cecil , a descendant of Edith Vanderbilt in 1924 .",0
