a,b,y
When should you lose your virginity?,Why did you lose your virginity?,0
What if every human can read the other person's thoughts? How would life be in such a scenario?,What would happen if every human being can read the thoughts of all other human beings?,1
What are your new year resolutions for 2017?,What is your New Year Resolution for 2017?,1
How useful would the S-400 system be for Russia against the B-2?,Why hasn't the U.S. made an anti missile defense system as good or better than the Russian S-400?,0
Why did Japan execute many atrocities when invading China although some thought they were highly civilized?,Why were the Japanese so merciless to Chinese people during World War II?,0
"Presently (2015) how many articles, parts and schedules are there in the Indian Constitution?",Indian constitution constitutes both Articles and Schedules. What is the need for both Articles and Schedules? Aren't Articles sufficient to guide?,0
Is ice cream good to eat when you have a fever? Why or why not?,Can we eat ice cream when the weather is cold?,0
What exactly is presence of mind?,What is presence of mind?,1
Why is it that only PM Modi keeps a translator with him and other countries do not do the same?,What PM Modi should do to control such a negative tide against him?,0
How do you reset your iPhone without the passcode?,How do I reset iPhone without passcode or fingerprint?,1
What are some interesting anecdotes?,What are some of the best anecdotes?,1
What will be your new year resolution for 2017 and your plan of execution?,What Is your New year resolutions in 2017?,1
How many bones are there in a giraffe's neck?,How many bones would it take to gnaw off my own shinbone?,0
What is pizza?,Where can I eat authentic Italian food in London?,0
Why do flamingos like to stand on one leg?,For how long a dog can stand on his back legs?,0
What is the best way or resources to learn english like a native speakers?,How can I be a native English speaker?,1
What kind of contraceptive measures do female pornstars take in order to avoid getting pregnant?,What precautions do female pornstars have for not getting pregnant while shooting?,1
Could Donald trump become the PM of India if he was an Indian politician?,Can Donald Trump ban Muslims if he gets elected?,0
How many districts are there in Assam now?,What is the government of Assam doing for the Assam floods?,0
How do I make money online for free in Russia?,How can I make money online in Belarus?,0
"What are the names of months as per the Hindu calendar, and what is their significance vis-à-vis festivals or rituals?",What would be the rituals of a religious Hindu family?,0
Why is the circle an important Apache tribe symbol? What does it mean?,Why is the feather an important Apache tribe symbol? What does it mean?,0
"As per research, two people who do not share their social media accounts, who are more likely to end up in divorce. Is that correct?",Do you think that because of social media integration Quora is becoming more like Yahoo Answers in terms of the average IQ of people who ask questions?,0
Should we smoke marijuana?,Do the Japanese smoke marijuana?,0
What is your creative New Year's resolution for 2017?,What will be your new year resolution for 2017 and your plan of execution?,1
Why do Indians eat with their fingers? Isn't that disgusting?,Culture of India: Why do some Indians eat with their hands?,1
I got C grade in hindi FA-1 exam of class 10.Can i score 10 CGPA in final exam?,How do I score 10 cgpa in class 10?,0
How can you use tacky glue on fabric?,What are the uses of tacky glue?,0
What are the health benefits of turmeric curcuminoids?,What are the health benefits of Turmeric?,1
Is it possible to build a company like spaceX in India?,Is it possible for an Indian entrepreneur to start a private space company like SpaceX?,0
"When China cashes in their bonds, what happens to our economy?",Critically analyse the success of boodhan and Ramada initiative? Why was it consider the unique as measure?,0
What is a neutron star?,What is neutron star?,1
Is there any difference between International Studies and International relations?,What is the difference between International relations and International studies?,1
What is the Dr. Nowazardan pre-op diet?,Does somebody have experience with Dr. Sebi's Cell Food diet? Does it help?,0
"""How can you use """"analyze"""" in a sentence?""",How can I analyze this sentence ?,0
"Self teaching Computer programmer, cant quite figure out this problem in a book im reading?",How long is your backup window?,0
Why does pouring water on oil that is on fire make a 'fireball'?,What is the best way to put out cooking oil fire?,0
Are we creating the problems unknowingly or created by others in daily routine? Is it possible to solve the problem If we share them each other?,"If we assume every problem in the world gets solved, will life lose it's meaning?",0
Which is better tank Indian t90 or Pakistan al khalid?,Are indian commandos better than that of pakistan?,0
What's the difference between an analytic and a synthetic proof?,"""What is the difference between an """"analytic"""" and a """"synthetic"""" language?""",0
Why do some parents abuse their kids?,Why would a parent abuse their child?,1
What countries participate in The Commonwealth Games?,What are the number of countries that participate in the Commonwealth Games?,0
How do I get unlimited simcash?,How can I get unlimited tokens and cash for my Top Eleven account?,0
What is efficient?,What is efficiency?,0
What are the best ways to clean my glasses?,How should I clean my glasses?,1
Can I score 10 pointer in class 10 if I score B2 in all subjects? And if not what is the maximum I can score? Please answer,Can I score 10 pointer in class 10 if I score B2 in all subjects? And if not what is the maximum I can score? Please answer?,1
What is the difference between U and U/A certified films?,What is the difference between film and digital? Which is better?,0
How can learn English?,How can I improve fluency in English?,1
Are gender roles learned or are we born with them?,Is it true that boys and girls are born equally with no genetically predefined behaviors and society is molding girls and boys into stereotypical gender roles?,0
What is the difference between supervised and unsupervised learning algorithms?,What is the typical accuracy of the Viterbi algorithm in supervised learning?,0
Who is Quentin Tarantino?,What is Quentin Tarantino like in person?,0
How can I delete this account? Please answer,How do I unsubscribe and delete my Quora account?,1
How do daddy issues affect a relationship?,"""How strongly does """"daddy issues"""" affect you?""",0
Is India considered to be a part of Asia?,Is India really a part of Asia?,1
Why do the stars at night appear to be stationary when Earth is spinning so fast?,What would happen if the Earth stopped rotating?,0
Can overdosing on sleeping pills kill you?,What should I do if someone overdoses on sleeping pills?,0
How would a hacker figure out someone's cell phone number even after they change it time and time again?,How can I find out which service provider a mobile cell phone number is connected to?,0
How do I improve my speaking?,How can I improve my public speaking ability?,1
Which is the best Linux for desktops and for mobiles?,Which is the best Linux version for a desktop?,1
Why can't I delete my question on Quora?,How do I delete a question on Quora application?,1
What are some of the best online high schools?,What is the best free online high school?,0
How does lactic acid ferment?,How do I buildup lactic acid?,0
What is the best rewards credit card?,What are some of the best secured credit cards?,0
"In terms of dollar value, just how many cars were destroyed in the Dominic/Deckard head-on collision in Fast & Furious 7?","Do crazy car heists like in Fast and the Furious 7 happen in real life too? If so, how come we never hear about them?",0
WordPress Plugins: The package could not be installed. PCLZIP_ERR_BAD_FORMAT (-10) : Unable to find End of Central Dir Record signature?,How can we add a section in a WordPress theme?,0
Do you entertain yourself?,What is the best way to entertain yourself?,0
Why do minions love bananas?,Why are the Minions crazy for bananas?,1
What else can I do to get over a breakup?,How do I get over the trauma of a breakup?,1
"Do Mexican women like East Asian men (Korean, Japanese, Chinese)?","Are there many Mexican women that like East Asian men (Korean, Japanese, Chinese)?",1
How is Quora changing the world?,"How, if at all, has Quora changed the world?",1
How did Rakesh Jhunjhunwala and Radhakishan Damani start their journey in Indian Stock Market?,How did Rakesh Jhunjhunwala make money to invest in his first few shares? Did he work for any company prior to entering stock market?,0
How do you live a good life?,Is the wandering life a good life to live?,0
Can people see when someone searches for them on Instagram?,Is there a way to see deleted Instagram photos?,0
How can discontinuing 500 and 1000 rupee will help to control black money?,How is India fighting corruption by scrapping 500 and 1000 rupee notes?,1
How do I become social?,How do I become a socially adept person?,0
How do I talk to the boy I like?,"What if you like a boy, but the boy doesn't talk to you?",0
What are typical due diligence costs that a consulting firm charges for private equity due diligence?,Are VC's usually doing the Due Diligence alone or do they hire consultants (e.g. BIG 4 due diligence specialists) to do it?,0
Sometimes I feel confident and other times I feel very insecure. What are your opinions about that? Is it a serious mental problem?,What should I do if I feel insecure about my short height?,0
How should I prepare for the GATE CE?,How do I prepare for the GATE CE 2018?,0
What is a cornerback's number?,Which game(s) do you have circled on your calendar this year?,0
What would you change about Quora?,What about Quora should be changed?,1
What is the in-hand salary at Accenture with CTC of 3.5 lpa where 3.14 lpa is fixed?,"What would be my salary in Accenture after 5 years, If I start at gross CTC of 3.5 lpa?",0
If I were sunny Leone then what could I do?,If I were sunny Leone then what can I do?,1
How can I stop my hair fall?,"My hair falling, is there anyway to stop them?",1
Can administrators see private messages sent on Slack?,How can I see who is reading my Slack messages?,0
How do I best find out IQ?,How do I truly find out my IQ?,1
Why do people say porn is bad?,Why do people say bad things about other people?,0
What is the best Node.js template engine?,What is the best corporate friendly framework for Node.JS?,0
How would I find out what my source code is?,How can I find a source code?,0
What are the biggest challenges in the Philippine Advertising?,What are the challenges in Philippine advertising?,1
How much does D.E. Shaw pay summer interns in the New York office?,Why is D. E. Shaw so secretive?,0
Why is the Schengen Agreement at risk?,How many percent of South Asians are originally Hindus? Will they revert to their original faith after the renaissance of Hinduism and AkhandBharat?,0
Which kdrama should I have to watch?,Why can I watch kdrama?,0
Is object oriented programming worth in power systems?,What is the role of RBI in demonetisation?,0
How do I stop caring so much about what other people think of me?,How can one stop caring about what people say or think about them?,1
Most of us are never going to be famous. I'm miserable with this realization. What is the alternative to fame?,"Heartbreak? Heartbreak? She's my girlfriend for two months, I chose her over my girlfriend for 2 years. I like her so much to the point that I can't let her go even if she wants to end our relationship because of the other people around us most especially her family. I do the things for her that I'm not used to for a girl and I am willing to sacrifice everything just to have a little time with her. A little and limited time that I'm asking from her but she don't wanna give it to me. She's scared that someone might see us, that she's still having an affair with me. I love her and I want to be with her at least once a week even if just for a limited time. I'm not sure if I'm doing the right thing, all of my friends told me to stop it and just let it go 2 months is just 2 months not a deep relationship. But they don't feel what I feel, in this span of time I learned a lot, I learned how to love, to be loved, to sacrifice a good life, and to sacrifice a better clear future. My mind tells me to stop, but my heart tells me to hold, don't give up, stay with her and give her the unconditional love. Should I follow my mind or follow my heart?",0
How can I find out how many devices are connected to my wifi?,How can I know which other devices are connected to my WiFi router?,0
What's your 2017 new year resolution?,What are your 2017 New Year’s resolution(s)?,1
How many clinical psychologists suffer from mental illness?,Can chickens suffer from mental illness?,0
Which books should I read?,What are the best books of all time?,0
How much energy is lost in exhaust blowdown in a practical engine cycle?,What is blowdown in ic engine?,0
Can you provide some ways to follow up no response quotations?,Who are the best email list providers?,0
What should one do in one's free time?,"With one month remaining for my joining, how should I make the best of this free time?",0
Can You tell me a chest workout to build muscles at home?,Would you tell me one exemplary workout routine for chest that includes all chest parts?,1
Do travelers usually enjoy the larger cities and larger countries more?,Which ones are the best Tantric Sex porn videos sites?,0
How do I stop my American Staffy/Kelpie mix from biting my stuff?,How can you stop your Rottweiler/Boxer mix from biting all your stuff?,1
Is it fair that Pakistani players play in the IPL?,Should Pakistani players play in the IPL?,0
Are WWE main events also scripted?,Is Dean Ambrose a best friend of Roman Reigns?,0
What is the best way to call US from India using a phone?,How do I send/return my mobile from India to US in a cheap way?,0
Is it possible to buy a car and rent it to Uber or Ola?,Which car should I buy for Ola or Uber?,0
Why won't Quora let me delete my question or edit the extra details?,How do I delete a question on Quora application?,1
"How cold can the Gobi Desert get, and how do its average temperatures compare to the ones in the Great Sandy Desert?","How cold can the Gobi Desert get, and how do its average temperatures compare to the ones in the Simpson Desert?",1
What are some examples of imperialism?,Why did countries practice imperialism?,0
How do I recover deleted files with the KeepSafe application?,How can I recover deleted photos from a keepsafe?,1
What are the best digital marketing agencies in India?,Who are the best digital marketers in India?,1
Where is the best place to buy an electric guitar in India?,"What are the best places/shops in India, where i can play and buy an electric guitar?",1
Why is my nose always cold?,What do I do if my nose is always cold?,0
System Administration: How would you go about replacing a huge SAMBA implementation for a cloud solution?,How is cloud solution sold by AWS?,0
How do you simplify the square root of 98?,How can the square root of 90 be simplified?,0
How widely accepted are credit cards at small businesses and restaurants in Brazil?,How widely accepted are credit cards at small businesses and restaurants in Israel?,0
Is capitalism doomed?,Is capitalism bad?,0
"""What is your favorite """"Weird Al"""" Yankovic song?""","""""""Weird"""" Al Yankovic's musical parodies are hilarious, particularly his album cover art. Do the musicians he makes fun of ever take it personally?""",0
Why is critical evaluation an effective tool?,Why is the internet so effective as a promotional tool for businesses?,0
How do I get rid of the wrinkles on my hands?,How do you get rid of wrinkles?,0
How do I get a mechanical engineering job?,How can I get jobs as a mechanical engineer?,1
Has Obama been a bad president?,Is Barack Obama truly a bad president?,1
What does the government do with the black money collected in income tax and service tax raids?,Income tax get lots of black money through raids. Where does this money go?,1
Why am I attracted to lesbians?,Why are lesbians attracted to me?,0
Why do I have blackheads all over my nose? How can I get rid of them?,What are some remedies for getting rid of and preventing blackheads?,0
Do you think 2011 Lexus RX 350 is a feminine car?,Who discovered chlamydia and how was it discovered?,0
Is it more difficult to make friends as we get older?,Is it possible to make friends older than you?,0
What are the reactions of sodium carbonate with water?,"Is distilled water acidic? If so, why?",0
"I'm dating a guy that has to leave in four months. He said he likes me, but we can't have a long term thing because of that. Does he want commitment?",My boyfriend loves me but he wants to break up. He said he has many things to do in his life and he doesn't want me to hold on. Is he making excuses?,0
How can changing 500 and 1000 rupee notes end the black money in India?,Will the decision to demonetize 500 and 1000 rupee notes help to curb black money?,1
What is the best programming language for a beginner?,What is a good first programming language to learn?,1
Where can I get amazing collection of floor tiles in Sydney?,Where can I found wide variety of ceramic tiles in Sydney?,1
Which application can root Asus A501 cg?,Which editing tools and softwares are using in making high quality CG effects in Hollywood movies? How I can get them?,0
"Which one do you prefer, real life or Internet life?",Is internet much better than real life?,1
How do I do sex transmutation?,What are all the sex positions?,0
What are the best study hacks for A - level?,What are the best study hacks for college?,0
I recently came across some courses on packaging after my engineering graduation. How good is this field?,What are good careers after 12th in science?,0
I have completed Bachelor in Food Science and Technology. Can I apply for MBA at Australia with my spouse? What is the chances of Visa?,I have completed my bachelor's in applied engineering physics. What are my chances of getting an MS in the petroleum engineering program at Politecnico di Torino?,0
Exam December level 1 2016?,Why do you want to join Cognizant?,0
"What are some examples of Filipino traditions and beliefs, and how do they compare and contrast to those of Cyprus?","What are some examples of Filipino traditions and beliefs, and how do they compare and contrast to those of Greece?",0
How can I find and get a business mentor?,Where can I find a business mentor?,0
Can you laminate a social security card?,Why aren't US social security cards laminated? Can you laminate them?,1
What are the best books on Islamic philosophy?,What are the best philosophy books?,0
What will happen if Balochistan get its freedom from Pakistan and joins India?,What if Balochistan wants to merge with India?,1
What are the things I need to learn as a computer engineer?,What is the first thing to learn if I want to be a computer engineer?,1
What is lugger?,"What kind of boys do girls like, the handsome one or the one who r sincere?",0
How did Jawaharlal Nehru get to be the first prime minister of India?,Was Jawaharlal Nehru a fitting candidate to become the first prime minister of India?,0
How can I improve my story writing skills?,How do I improve my writing skills?,1
Have you ever felt like a complete loser in life?,Have you ever felt like a loser?,1
Which is the first Marathi movie?,Who is this actor playing role of DJ in song from Poster Girl Marathi Movie?,0
Can I get a job with just a Solidworks certification?,Can I get a job just by doing b.com?,0
What mass would I have to drop from 1 km altitude to make 100 liters of gasoline from released energy?,Approximately what time is required for a 2.2 kW water heater to heat 1.5 liters of water from 10°C to the boiling point (100°C)?,0
How do I motivate myself for anything?,How do I motivate myself to keep working hard?,1
What order should medical claims be processed: the order in which insurance company receives claims or the order which the services are received?,Which Christians claim to understand the mind of God?,0
"While creating a song, are lyrics written first and then music is composed fitting those lyrics or first music is composed and then lyrics are written to fit the music?","While composing a song, do songwriters write the lyrics first, or the music?",1
"How can one get up soon, after wake up?",How do I get up after I wake up?,1
What is the role of an IT consultant?,What is the role of a management consultant?,0
What are the reason behind that sleepless nights?,What is the reason behind that sleepless nights?,1
"What exactly are w bosons, and how do they turn up quarks into down quarks and vice versa? (Can someone explain to a slightly confused 16 year old?)",Is there any known relationship between a down quark and an anti-up quark?,0
What are some famous ESL learners?,Who are some famous esl learners?,1
"How cold can the Gobi Desert get, and how do its average temperatures compare to the ones in the Arabian Desert?","How cold can the Gobi Desert get, and how do its average temperatures compare to the ones in the Kalahari Desert?",1
Can I use Jio sim in my 3G mobile?,How do I use Jio in 3G phones?,1
How to gain weight ?,What is the best weight gain treatment for gaining weight?,1
What causes a person to feel thirsty after they breastfeed?,Why do I feel thirsty after a breastfeed my baby?,1
What is the highest salary of IIT mechanical engeneera?,What is the highest salary paid to M.Tech mechanical engineers in the IITs?,0
How much money was Matthew McConaughey paid by The Lincoln/Ford Motor Company for his series of commercials?,How much money does joey owe to Chandler?,0
What is the best place for a visit in December in India?,What are the best places to visit in India in December?,1
How can I gain weight without eating too much?,Why do people become fat without eating too much?,0
What would the kids be like if 1 parent had the fraternal gene while the other had the identical gene?,How can I prepare for GATE exam with out going any institutions?,0
Is Karlie Kloss overrated or underrated? Why?,What do you think of karlie kloss? Is she a very great person?,0
What are Orbital designations?,What is orbit?,0
Which is the best coaching institute for the GATE in Ahmedabad?,Which is the best coaching centre for GATE in Ahmedabad?,1
What are some things new employees should know going into their first day at Winland Electronics?,What are some things new employees should know going into their first day at Electronics for Imaging?,0
What does meth taste like?,Does meth ever tast like salt?,0
How do I promote my eCommerce website for free?,What is the way to promote a ecommerce website free?,1
What is the best Gantt Chart plugin for Atlassian Jira?,How do I link an Atlassian Confluence page section to an existing JIRA?,0
How can I promote my online business?,How can I promote my business online?,1
What is the best drone club?,What are the best drones for amateur use?,0
What is most embrassing moment of your life?,What are the embarrassing moment of your life?,1
How long would it take to walk 1 meter if your body was roughly the size of an atom?,"If I was shrunk down to the size of an atom, how long would it take me to cover 1 meter by walking?",0
What are five examples of input devices?,What are computer input devices? What are some examples?,1
Gate marks analysis for civil engineering?,What is after H1B Approval? Can I search for a open position and clear the interview to link my employer and the customer?,0
What is the difference between Li-ion and Li-polymer battery? Which one is best?,How do I find a reliable Li-ion battery importer in the US or other markets?,0
Who is the best freelance web designer in Kerala ?,Who are the best freelance web designers working today?,0
How can I get rid of overthinking?,How do I get rid of overthinking?,1
Are humans “less edible” than other animals?,Why are there less cases of babies born with disabilities in other animals than in humans?,0
"If you traveled 20 years into the future and killed your future self, would that be murder or suicide?","Am interested in cricket, football, travel and films what career is best for me?",0
Prove that v^2-u^2=2as using dimensional analysis?,What is regulation in acquisition?,0
What are some things new employees should know going into their first day at Collegium Pharmaceutical?,What are some things new employees should know going into their first day at Spectrum Pharmaceuticals?,0
What are the characteristics of Hogwart's houses in Harry Potter? What is their role and what do they represent?,Are Harry Potter and Hogwarts real?,0
Which are the best sites to download PC games?,Which is the best torrent website to download PC games?,0
"1=5,2=25,3=125,4=625,5=? What is the answer?",I think answer is 90 there are many answers which one is correct 2=6 3=12 4=20 5=30 6=42 9=?,0
Is there a Magic the Gathering simulator?,What are artifacts in Magic: The Gathering?,0
How does it feel to be dead?,What is it feel like to die?,1
Why is non shared environment more influential than shared environment?,Why do animals adapt more easily to new environments than humans?,0
What triggers people to buy products?,How do I make people buy products?,1
How is the word 'subcontinent' used in a sentence?,How is the word 'wistful' used in a sentence?,0
Can I use a Reliance Jio 4G SIM in a 3G phone?,How much time does it take for activation of Jio SIM ?,0
Wat is the initial process to start a bpo and how to make clients?,"""How did """"Geeks for Geeks"""" start initially? How much is the investment and many people are required to monitor it now? How do they make money?""",0
Do Jaime and Tyrion now hate each other?,Are Jaime and Cersei in love? Is each the love of the other's life?,0
How can I Recover deleted contacts from a Nokia phone?,How can you recover deleted notes in iOS if you do not have any backup?,0
Which is the best book for Python beginners to advance?,What is the best beginner's book on Python?,1
How can I stay positive and happy all the time?,How can one stay happy all the time?,1
Why is POP3 Port 110 offered if it is not recommended?,Can I sue doctor's office for misguiding information in reference to service and charges?,0
How can I watch the Shorty Awards on TV in the US?,What are the Shorty Awards and how can I win one?,0
Does liver store proteins enabling to reuse them as proteins?,What is the binifet of cpec for Pakistani traler owner?,0
What is the Hindu population in Bangladesh?,What was Hindu population in Bangladesh in 1970?,0
Why is Quora much popular in India compared to other countries?,Why is Quora more popular in India than in other country?,1
What are the famous chants shouted by Audience in WWE Arenas?,What is the best way to unlock all of the arenas in WWE 12?,0
What are some protein code?,What is a protein?,0
What is the best way to clean a flat screen monitor?,What is the best and safest way to clean a Samsung flat screen TV?,1
"What were the major effects of the cambodia earthquake, and how do these effects compare to the Cascadia earthquake in 1700?","What were the major effects of the cambodia earthquake, and how do these effects compare to the Concepcion earthquake in 1835?",1
What's the one thing you regret most in life?,What mistake do you regret the most?,0
What are some of your New Year's resolutions for 2017?,What are some new year resolutions for 2017?,1
What causes behavior?,What is the causes of shistosoma behavior?,0
Is the Kiss of the Dragon pressure point real?,"I had seen somewhere that Kalari has a technique to climb a pole with just the leg. Is that real? If its real, is there a document or video for that?",0
What specific facial features are considered Slavic?,What are the differences in facial features between Caucasians in US and UK?,0
Why is the Thames pronounced the way it is?,What is the best way to pronounce a death?,0
What are the weirdest questions asked in an IIM interview?,What are the weirdest questions asked in a chartered accountant fresher interview?,0
How did Portugal become and stay independent of Spain? What are the cultural narratives in Portuguese and Spanish histories?,How did Portugal become an independent country from Spain?,1
How much teeth bonding for gap between 2 teeth cost?,I have a small gap between my front four upper teeth. I came to know from the Internet that by using teeth bands we can reduce the gaps. Is it true?,0
How do you get VC or angel funding for a start-up idea?,Can you get seed funding from an angel or VC just based on a great idea and a business plan?,1
Should people have to pass a test on the various political parties' platforms before they can vote in a general or presidential election?,Which is the best way to reach Noida sector 135 office from any metro station?,0
What is the seagrams imperial blue men will be men ad about?,"Apart from the Vodafone Zoozoo and Seagram's imperial blue ads, what have been the best Indian ads made for TV in the last year?",0
Which are the most inspirational story books?,Which are the most inspiring stories?,0
What is front end developer?,What is a front-end developer?,1
Are there any graduate scholarships for the field of computational linguistics in America?,Are there any scholarships for the international students in North America and Europe with below average academics but are very promising and needy?,0
What are the easy ways to earn money online?,How do you make easy money online?,1
Which is the toughest form of martial arts?,What's the most greatest form of martial arts?,0
How will the world truly end?,"Is the world really going to end? If so, then how will it end?",1
Do NIFT students have 100% job security?,Why do people dislike Varun Dhawan's acting?,0
"Why is the Japanese yen so weak in comparison to the dollar, even if Japan is a developed country?",Why is the value of Japanese Yen very low in spite of the fact that Japan is a very developed country?,0
If Modi wants good things to be happen in India then why doesn't he pass jan lokpal bill?,"If the Modi Government is serious about fighting corruption, why doesn't it pass the anti-corruption Lokpal bill?",1
"As a tester, how can I break a payment gateway?",Can a software engineering student write an ICET exam?,0
What benefits does a TCS employee have?,What benefits will I enjoy as a TCS employee?,1
Google: What's better SRE or SWE?,What is the difference between SWE II and SWE III at Google?,0
What is a low cost book for learning python for absolute beginners?,Which is the best book for learning python for absolute beginners on their own?,1
What is special in monalisa painting?,What is so special about Monalisa painting? Why is it considered a master piece?,1
Is Unroll Me safe?,"Do you consider Unroll.me as a full B2C SaaS solution? If not, how would you define Unroll.me ?",0
How are typhoons formed?,Where do typhoons originate? How are they formed?,1
What is the best source of Protein?,What is best source of protein?,1
What is the most stupid question asked on Quora?,What could be the stupidest question in Quora?,1
"""Did Angelina Jolie and Antonio Banderas have real sexual intercourse in the movie """"Original Sin""""?""","How many people feel Angelina Jolie is overhyped, and not hot?",0
What are some good books that contain counting problems in combinatorics?,What are the best books about combinatorics?,0
Will digital marketing a good course to learn?,What is the best digital marketing course available online and offline in India and Why?,1
Are handcuffs designed to hurt the wearer?,When were handcuffs invented?,0
How density varies in the periodic table?,Why does density vary on the periodic table?,0
Has bulletproof coffee worked for those who have drunk it?,Does bulletproof coffee work? Is it legitimate?,1
How can I pray?,How do I stop praying?,0
What is the best medicine for Paranoia?,Which book should I choose for English grammer section for competitive examination?,0
Who are the investors or venture capital fund that do the funding based on an idea?,Do angel investors invest in ideas?,0
How is the promised land described in the New Testament? How does it differ from what people describe it like?,Why does the following VB6 Class object cause the rest of the form controls to hang?,0
What are the disadvantages of the internet?,What are some of the benefits and disadvantages of the internet?,1
How can I detect if there is a spy software on my iPhone 5s?,How do I know if there's a bug on my iPhone spying on all my communication?,0
What is the difference between Chinese and western culture?,What are the biggest differences between Chinese culture and western culture?,1
What is your review of Musicians?,What is your review of Beyoncé (musician)?,0
What is the best weekend escapade from Pune?,What are some places to spend the weekend near Pune?,1
If my boyfriend chooses to spend my birthday with someone else is that a bad sign?,What is the reason behind that the Lord Skandakumara is called as 'Tamilian God' and is so much celebrated in South India rather than North India?,0
How do you recover your gmail account password?,"I do not remember my password to my Gmail account, how can I recover my account?",1
What's the best coffee?,What are the best coffees?,1
Do you use Facebook?,What do you use Facebook for?,0
Oppression: Which U.S. citizens are not allowed to fly out of that country?,What are some examples of oppression today?,0
Is it impossible for two persons to have exactly the same fingerprints?,How many people can there be before two people have identical fingerprints?,1
What I have to do to become a neurologist?,What a neurologist do?,0
What are the common reasons for hair loss?,What are the reasons of hair loss?,1
What is your biggest regret in life?,What's the biggest regret you've had in life?,0
In how many different ways can radioactive materials be used to generate electricity?,Why do we use lead (Pb) for encasing radioactive material?,0
What should I choose: IMS Health or Ernst & Young?,Does islam believe in being spiritual or the concept of soul and life after life?,0
What are your opinions on Harry Potter and the Cursed Child?,"""How is the new Harry Potter book """"Harry Potter and the Cursed Child""""?""",1
Can an apology message be used to get an ex boyfriend back?,Can an android app use SMS only to communicate questions to an intelligence engine without wifi and get back info?,0
Why do Asians and Caucasians have different eye shapes?,"Do East Asians perceive Caucasians as being continually surprised, due to the difference in eye shape?",0
Is there any useful remedy for acne?,Are there any remedies for acne?,1
How has the Nike brand been so successful and durable?,"What brand is better, Nike or Adidas?",0
Which are the best and worst Bollywood movies of 2015?,Which is the best and worst Bollywood movie of 2015?,1
What does having sex feel like?,What does having sex for the first time feel like?,0
What is the meaning of Alhamdulillah?,What doe BTW mean?,0
Is the Antichrist here now?,Who or what is an antichrist?,0
How do I file for divorce in California?,How can I file for an uncontested divorce in California?,1
What is your review of www.justmop.com?,What is your review of www.buttermyresume.com?,0
What are ways to make money online at home?,How can we earn money online without investment?,1
Is the Government of Pakistan encouraging India by not taking any real action against ceasefire violations?,Is Government of India encouraging Pakistan by not taking any real action against ceasefire violations?,0
Is in current times getting a job interview in unorganized private sector is impossible without giving money to placement consultants?,Could the Doctor use his Sonic Screwdriver to locate and remotely control the TARDIS?,0
What should I do to earn money online?,How can we earn money online without investment?,1
Who is the Admor of Malta?,What is Malta?,0
Who is Florian the Fool (Old Nan stories) in GOT?,Do you think Old Nan's stories are actually true?,0
How does ISIS volunteers successfully manipulate people to join ISIS?,Why are some teenage girls and boys joining Isis? How can they became attracted to Isis?,0
Why do I want to become a lawyer?,Why did you become a lawyer?,1
What would happen if I break my service agreement bond with a company I have joined 2 weeks back?,What would happen if I break my service agreement bond?,1
How can I transfer from sales to marketing?,How do you get from sales into marketing?,1
What is best for networking a Macbook Pro with Retina Display: a thunderbolt-to-gigabit or a USB ethernet adapter?,"""Why aren't the 13"""" and 15"""" MacBook Pro and MacBook Air being shipped with a gigabit Ethernet adapter?""",0
What would it take to date you?,What does it take date you?,1
Is there a fast way to get skinny?,What are the fastest ways to get skinny?,1
What cologne do girls like most?,Do girls like cologne?,0
What are the measures taken by the government to protect wildlife from illegal trade and poaching?,What are some efforts taken by the government to protect the wildlife and plants of Qatar?,0
How can I declare array of strings C++?,How can you declare string array in C#?,0
Why is Morocco a poor country?,Which country is best for a poor person?,0
How to gain weight ?,How do I gain weight fast but still be healthy?,1
Why is it assumed that parallel lines meet at infinity?,How do we know that two parallel lines meet at infinity?,1
What is the best way to cure stomach gases?,Is there a cure for a growling stomach rumble when not hungry?,0
What's the best pickup line you have heard?,What is the worst pickup line you have ever heard?,0
What will my rank in JEE be if I scored 50 marks in my Mains and 95% in Andhra Pradesh Board?,I have 188 Jee Marks and have 964 in Andhra Pradesh board. What will be my normalized score and expected rank?,0
How can I make my newly published book to be known and can it get the publication and the attraction? How can I sell it?,"If Libertarianism is so great, why aren't there any Libertarian governments?",0
How can I hack my Instagram?,How can I recover a hacked Instagram?,1
"Have you experience any positive moment today August 8, 2016?","Have you experience any positive moment today August 9, 2016?",0
What is the best book for learning C#?,What is the best book to learn c#?,0
Which is the best smartphone I can buy under 15000 in july 2016?,Which is the best android device to buy under ₹15000?,1
What are some good tips to lose weight?,What exercise is the best way to lose weight?,1
What is the role of a CEO?,Are most CEOs unemployable for other roles?,0
How many free kick goals were scored by Messi and Ronaldo in La Liga?,How many more matches has Messi played than Ronaldo?,0
Is Arihant general knowledge 2017 by manohar pandey a good book to prepare for CLAT?,Is Arihant general studies paper 1 a good enough book to prepare for prelims 2016?,0
What's the best way to stop procrastination?,What are the best techniques that worked for you to overcome procrastination?,1
What are the most important current women's rights issues in Iraq?,What are the most important current women's rights issue in Germany?,0
What's your favorite animal?,What is your favorite animal? Why?,1
What is a person who makes new words called?,What is the one word for a person who starts to make fun of others if somebody doesn't agree with them?,0
How can I change the screen overlay setting in Samsung J7 with Android marshmallow?,How do I turn off screen overlay in Android 6.0?,0
Which books should I prepare for medical entrance exams?,Which books should I prefer for medical entrance?,0
How do you get over the social stigma of recreational marijuana?,Will I be able to use WhatsApp calling if I buy a phone from Dubai?,0
INformation about income tax how to joi it?,Is Reservation for the “backward classes “ in India useless?,0
Were Helmut Schmidt's facial proportions indicative of a man of low testosterone or high testosterone?,Were Stalin's facial proportions indicative of a man of low testosterone or high testosterone?,0
When on instagram if you have a private account can the people you follow see your pictures?,"If I like a photo to a private profile on Instagram, will my followers be able to see it if they don't follow that person?",0
"How can other people's WhatsApp conversations be read without having any physical access to their devices, and with only the knowledge of their mobile numbers?",How do I read someone's WhatsApp messages without any access to their mobile phone?,1
Where can I listen very energetic music on DJ services in Sydney?,Where can I get most energetic DJ services in Sydney?,0
What is the best time of day to have sex?,When will the best time for having sex?,1
What is the difference between a job function and a job title?,What is the difference between job evaluation and job pricing?,0
"Why do the elite, or evil groups like the Illuminati, do grand conspiracies (hoaxes)?",Why do people blindly re post hoaxes that are clearly hoaxes or can be verified with a quick search?,0
What is the meaning of Hindi word 'Riti Rivaaz'?,"""What does the Hindi word """"Baregama"""" mean?""",0
Where can I get very professional residential painting services in Brisbane?,Where can I get expert house painting service in Brisbane?,0
What kind of animals estivate?,What kind of animal is this?,0
What makes you angry?,What is the one thing that makes you most angry?,0
What are the effects of the divided government during the Johnson administration and did it have a positive or negative effect?,What are the effects of the divided government during the Reagan administration and did it have a positive or negative effect?,0
What are the best buffets in Las Vegas?,What are the best restaurants in Las Vegas?,0
Can you exchange a recently leased car with another one from the same dealer?,Is it wise to buy a demo car from dealer?,0
Are Razor Edge Pitbulls as dangerous as they seem?,How dangerous is a Razors Edge Pitbull?,1
What are easy to sell products?,Which is easy to sell product or service?,1
"""What is the difference between """"Regards,"""" """"Best regards,"""" """"Sincerely,"""" """"Yours Faithfully,"""" and all of the other formulations? Which one is the best to use in North America in an email conversation?""",Which is the best place in North America to start a family?,0
What are the best online short courses in digital marketing?,Which are the best online courses on digital marketing in India?,1
How can you tell if someone blocked you on Facebook?,How can I tell if someone has blocked me on Facebook?,0
How I can learn Advanced SEO Online (free) ?,What are the best resources for learning French?,0
Is climate change stoppable?,Is climate change irreversible?,1
Which is the best book for learning c for novice?,What are the best book to learn C#?,1
What is the lifespan of piezoelectric materials?,How did WWI anti-aircraft ammunition function? Compared to WWII's AA ammunition?,0
How can I learn computer security?,How can I start in Information Security?,1
What is the worst that will happen to America if Trump becomes president? What if Hillary does?,What is the worst thing trump could do?,1
Can love marriages end the dowry system?,What can I do to prevent the dowry system?,0
Where are you from?,Where are you?,0
How do companies hire contractors?,Why do companies hire contractors?,0
What is the difference between maryapoda and archinida?,What is the difference between a bed bug and a tick?,0
How do I get low CPU usage in a free hosting service like a web host?,How do I get low CPU usage in a free hosting service like a web host in cpanel?,0
What does it feel to be a sadist?,What is it like to be a sadist?,1
How can I find HCF and LCM using Vedic maths?,What are some of the best Vedic math tricks?,0
Who is an alpha male?,What can I do to become more 'alpha'?,0
What is the molecular structure of DDT?,Molecular weight of U [236]?,0
Why Indian television stopped making good sitcoms.there has been practically nothing after Sarabhai vs Sarabhai?,Why do many TV sitcoms use laugh tracks and how long has this practice been done?,0
How were mitochondria discovered?,How was mitochondria discovered?,1
What methods are used to measure electrical currents?,What is the least hypothetical threat which would make Earth to adopt total DNA database?,0
How many Rose Bowls did Penn State play in?,Are women As good as Men Or Inferior?,0
Where can I get huge selection of floor tiles in Sydney?,Where can I found large collections of ceramic and porcelain wall and floor tiles in Sydney?,1
What are nonconformity quotes in Catcher in the Rye?,Can you give me some inspiration about the Catcher of the Rye?,0
What are some good places to learn mountaineering in India?,What are some good mountaineering institutes for a beginner level mountaineering course?,1
How do I write interview questions to Mr. Sachin Tendulkar?,Who is Sachin Tendulkar?,0
Have there ever been times of world peace?,Has there ever been a period of world peace?,1
How do I know if I have an eidetic memory?,How do I develop an eidetic memory?,0
Will NATO be disbanded?,Should NATO be disbanded? Why?,1
What are the most important things in life?,What's the best thing to do in life?,0
How would you achieve world peace?,Do you think the world can attain global peace?,0
How I increase my focus in study?,How do we increase concentration?,1
What are drucker-prager friction angle and dilatational angle in Etabs?,How can I explain stress intensity factor?,0
How could you lose 10lbs in 2 days in a healthy way?,How much weight can you realistically lose in 2 days?,0
What intelligent people do with their phone?,What do intelligent people do with their smart phone?,1
What is the science of sleep?,What is the science behind sleep?,1
How to get a job at private equity?,What does it take to get a job at a private equity firm?,1
Why is China such an economic powerhouse?,Will China experience economic collapse by the 2020s?,0
"If evolution has no purpose nor direction, why do all life forms make copies of themself, when not making copies of itself is just as random?","If evolution has no purpose nor direction, why do all life forms make copies of themself? Is not making copies of itself just as random?",1
How do I cure dog separation anxiety?,How do I train my dog to get over separation anxiety?,1
Which country has highest gold reserves?,Which country has the highest gold reserves?,1
Can cavities be cured by yoga and without any surgeries?,Can we cure cavities without any surgeries?,0
What would be the consequences if Donald Trump became president?,Donald trump: what could happen if Donald Trump becomes president?,1
How do I find freelance app developers?,How can I find freelance mobile developers?,0
How do you find out who has unfollowed you on Facebook?,Why do I keep getting notifications from a friend I unfollowed on Facebook?,0
Does girls like sex chat?,Do girls like to have sex chat?,1
What are the best undergraduate architecture schools in the UK?,What are the best universities to major in architecture in the UK?,1
Why should I learn to play chess?,How can one learn to play chess?,0
Why must Apple products be so expensive if the products are littered with faults?,Why Apple products are so expensive?,1
What is the corporate culture like at Marketo? How is the culture different than other companies?,What is the corporate culture like at Oracle? How is the culture different than other companies?,0
What should my AIPMT score to take admission in Bhartiya vidyapeth Pune?,Is this the correct time for an energy revolution (renewable energy) in India?,0
What is the funniest thing you have ever done with your friends?,What's the funniest thing that you have ever done to someone?,1
How expensive is it to buy Instagram followers?,How do I buy Instagram followers?,0
How can I make my lips bigger?,How do you make your lips bigger naturally?,0
Who is the founder of patnabeats.com?,Who is the founder of Findingclue.com?,0
What should we do to start learning about computer science?,How can I start learn computer science and programing?,1
"When making croissants, how many times should you fold the dough?",Can I make a dough with only water and flour?,0
Where do I buy or download Age of Empires for Mac OS?,Does Age of Empires 3 work on a Mac?,0
What are the differences between Islamic law and common law?,What is the difference between legal and law?,0
"What's the difference between the facial features of Chinese, Japanese, and Korean people?",Do the Japanese and Chinese hate each other?,0
Which book is best for chemistry 11th class?,Which book is the best for chemistry for class 12?,0
How will the new currency notes of denomination 500 and 2000 curb black money?,How will replacing 1000 notes with 2000 notes going to stop corruption and black money?,1
Is it sexist to call someone sexist?,Why isn't it racist to call someone white?,0
How does the birth of a baby affect your horoscope?,Why do some babies not cry just after birth and what is the problem behind it?,0
How can I Transfer Music from iPhone to Mac without iTunes?,"How do I transfer music from an iPhone to a PC, without using iTunes?",1
What are some things new employees should know going into their first day at Universal Insurance?,What are some things new employees should know going into their first day at Schlumberger?,0
Is Red Bull energy drink made by bull sperm?,Is there bull sperms in red bull?,1
I forgot my password and the email address I used to create my Snapchat account. How can I log in or at least change my email address or password?,How do I log into my space account if I forgot the email and password?,0
Is WWE wrestling dangerous? Are concussions common?,What are some tips for battling decision-fatigue?,0
Can I score 90+ in my board exams?,Can I score above 90% in CBSE boards?,0
"Having an infinite supply of water and two containers, one for 3 liters and one for 5 liters, how would you measure 4 liters?",Can I lift 10 liters of water tank by drone?,0
What's your New Year's resolution for 2017?,What are your New Year resolutions for the upcoming year 2017?,1
What is a plan for a 2 days/1 night trip to Goa?,Can you suggest how to plan Goa trip for 4 days?,1
Do I have to make new friends in college?,What's the best way to make new friends after college?,0
What if AB de Villiers was an Indian and played for the Indian cricket team?,Is AB De Villiers going to be the next cricketing god?,0
What are the top 10 web development trends in 2017?,"What are the top web development blogs, communities and aggregators?",0
Can we add a team member for ICPC before online round? We have a team of 3 right now but we want to move 1 to substitute and add a new member.,Can we add a team member ICPC before online round? We want to move 1 to substitute and add a new member the option is there but just need to confirm?,1
How can an African guy get a white girl?,How can an Asian guy get a white girl?,0
What is a good hotel for 3 nights in Paris?,What's the best hotel in Paris?,0
How can I clear/open/delete messages on Snapchat?,How do I clear conversations on Snapchat?,0
What is the easiest way to take green card?,Who can help me get an America green card?,1
Why does Quora site named by that name?,"""Why was Quora named """"Quora""""?""",1
Why does the mailman run late on Saturdays?,Does USPS deliver first class mail on Saturdays?,0
What are the advantages and disadvantages of possessing long range nuclear weapons?,How did Pakistan get nuclear weapons?,0
Is there any way to save someone's snapchat story?,How can I increase my Snapchat score instantly?,0
How many professional football players are in the world?,"""How do you say """" why are you so late"""" in Korean?""",0
How many keywords are there in the Datalog programming language in the latest version?,How many keywords are there in CRYPTOL Programming Language in the latest version?,0
How do I plan for my studies?,How do I schedule a study plan?,0
How do I find all of my Gmail accounts?,Where are all my Gmail accounts?,1
Can we make a machine whose efficiency is 99% after knowing its losses?,What is the paint making machine?,0
Where can I buy cheap wholesale t-shirts?,Where can I buy cheap wholesale t-shirts in Manchester?,0
"""What could it mean when a girl says she """"really likes"""" me """"as a person""""?""",What does it mean when a girl says she likes being mean to you?,0
Exploration of gravity assist in writting?,Gupta cast o.b.c?,0
What are the things that we as Indians are collectively doing wrong?,What is it that we indians are doing collectively wrong?,1
Have you ever reconnected with an online relationship?,"Have you ever being in an relationship with someone you love, but she consumes too much of your time and you have trouble conciliating things?",0
What color shirt goes well with khaki pants?,"I am a 24-year-old Indian man with a dark brown complexion. What colors of shirts, pants and T-shirts will suit me the best?",0
What are some books that have similar storylines to kdramas?,How do I harvest heat energy from motorcycle exhaust?,0
With TAMILROCKERS.NET blocked where do I get genuine tamil movie torrents?,What is best way to bypass torrent blocking?,0
What really happens inside Osho Ashram Pune?,I want to join Osho's ashram and become a Sanyasin for at least a month. I don't have much money with me. What do I do? How do I go about it? What's the criteria to get into it?,0
Has someone here asked a question on Quora and answered it themselves?,Can I ask a question and answer it myself on Quora?,0
"""Why does """"Pokemon Lucario and The Mystery of Mew"""" movie have a bittersweet ending?""","""Why does """"Lucario and The Mystery of Mew"""" have a bittersweet ending?""",1
Is it necessary to have sex in relationship?,Is sex important in a relationship?,1
What's a name of a website I can download the first three seasons of prison break for free from?,What is the Fibonacci thing in Prison Break season 1?,0
"""What do you say to someone who is constantly making """"jokingly"""" mean comments at you all the time?""","""What does it mean when someone says """"I would be honored""""?""",0
Is the reduction potential of hydrogen actually 0V?,Is reduction potential of hydrogen zero?,1
Why is homosexuality not a disease?,"What is the best textbook for adversarial machine learning, machine learning related to network security and intrusion detection?",0
"""How do I reply formally to an email saying """"Please confirm the receipt of this mail""""?""",How do you reply to an RSVP email?,0
What are some of the best hotel in Nainital?,Which one is the best luxury hotels in Nainital?,0
"""What is the correct response to the question """"How do you do""""?""","""Are the following answers to the Question """"How are You or How are You Doing"""" ; Correct ?""",0
Is Carlie Seer a good name?,Is racoontown a good name?,0
What's it like working for Elon Musk? Is it as rough as they say?,How is it to work with Elon Musk?,1
How is Americium classified?,What is Americium classified as?,0
What's your favorite boardgame?,Which is the best boardgame today?,0
Would a Donald Trump presidency really be so bad?,What would America look like with Donald Trump as president?,1
All the digits in a 14-digit number are 5. Find the remainder when the number is divided by 74?,Do people have to lie to survive?,0
What are some M.Sc dissertation topics on wildlife?,How & what topic should I select for my MTech dissertation?,0
How do I find normal of any vector?,How do I normalize a complex vector?,0
What should be done if there is slab leakage?,What is slab leakage?,0
Will Hillary Clinton go to jail?,Why is Hillary Clinton not in jail?,1
What are the new technologies in electronics?,What are the new technologies?,0
What should we assume if a girl say she is confused about relationship?,"If a girl says she's my girlfriend, are we in a relationship?",0
What are some things new employees should know going into their first day at Stamps.com?,What are some things new employees should know going into their first day at Perficient?,0
How can be LIC useful for an electrical student? Can it be useful for electronics students too?,How can be PLC useful for an electrical student? Can it be useful for electronics students too?,0
How do I get over a 5 year relationship?,How do I get over a 6-year relationship?,0
What is meant by false vacuum?,What is meant by true vacuum and false vacuum?,0
"Why do you believe in vampires, to those who do?",Some people believe in real vampirism. What are the symptoms of vampirism?,0
Is milk good for health?,Is drinking milk good for health?,1
"Passion or money, what should be your goal for your first startup?",How does a founder of web startup start making money when they get their first investor?,0
Where can I find the list of Mitsubishi forklift error/fault  codes?,Where can I find a list (and explanation) of Mitsubishi forklift error/fault codes?,1
What are best ways of digital marketing?,What is your best way to do digital marketing?,1
How can I deal with my toxic mother?,How do I deal with a toxic mother?,1
What is facilitated diffusion? How and why does facilitated diffusion occur?,How do diffusion and facilitated diffusion differ?,0
What does treating illness symptoms through drugs have to do with medical wisdom for knowing how sickness is cured?,What does balancing an unbalanced body have to do with treating patient's illness symptoms through drugs?,1
How do I forget someone whom I once loved and cared for deeply?,How do I forget a loved one?,1
"Will Facebook ever offer a feature like LinkedIn's, where you can see who has viewed your profile?",Can you see who views your Instagram?,0
What is the secret to the delicious salad dressing at the italian restaurant The Olive Garden?,What is the correct way to use olive oil in an Italian restaurant?,0
How do I catch more Pokémon in Pokémon GO?,How do I catch Pokémon in Pokémon GO?,1
Would a marriage between an intorvert and extrovert work?,Can a marriage work between an introvert and an extrovert?,1
What vpsn are not locked for school?,What are some good app locks for Android Lollipop?,0
What are the qualities of a good hypothesis?,How do scientist test a hypothesis? How good are these methods?,0
Which of DRDO RAC?,Why we r considering cummulative in mass curve?,0
Which is the best book to prepare for SSC CGL tier 2 2016?,What are the best books for SSC CGL preparation?,0
How do I stop my Pug/Cavalier mix from humping my furniture?,How do I stop my American Staffy/Kelpie mix from humping my furniture?,1
How can I get a job in Bangalore?,How can I get nearly ₹5LPA job in Bangalore ?,0
Is it possible that 0=2?,Why does zero factorial (0!) equal one (1)?,0
How can I improve my English Language?,What are some ways to improve English?,1
Does masturbating reduce stamina?,Does masturbation reduce stamina?,1
How are we enabled to see the black colour?,How we could see black colour which has no wavelength?,1
What is the cheapest way to build a supercomputer at home?,What is the cheapest way to build a laptop?,0
Is 1 to the power infinity =1?,Why is [math]1^\infty[/math] an indeterminate form?,0
Which government job is best in India?,What are the best government jobs in India?,1
Which herbal supplements should I use for kidney disease?,Which herbal supplements should I avoid if I have kidney disease?,1
What is modulus of elasticity?,What is modulus of rigidity?,0
How is Donald Trump a better choice than Hillary Clinton?,How is Hillary Clinton a better choice than Donald Trump?,1
I'm a newly graduated physician with no previous experience in programming. Can you recommend any good data analysis courses for beginners?,How are modern special forces not classified as infantry?,0
How can I get a civil engineering job in America with a degree from India?,How can I get a Network Engineering job in America from India?,0
How is the word 'devoid' used in a sentence?,How is the word 'mischievous' used in a sentence?,0
What are the various ways you use to make others feel important? How does it benefit that person?,How can I make anyone feel important?,1
What's a 2 year study plan for Indian forest service 2018?,What's a 2 year study plan for IAS 2018?,1
What is a CMMI Level 3 Company?,What is the difference between CMMI level 5 companies and CMMI level 3 companies?,0
What things do Ivy League universities have in common? Are they really that much better than public funded accredited universities?,"""What does make """"Ivy League"""" universities better than other universities?""",1
Which is stronger Temazepam or xanax? What is the difference between them?,What are the differences between Effexor and Xanax? Is it safe to take them together?,0
What happened to Filepile.com?,What happened to topsy.com?,0
How do I write a formal letter to the principal for discontinuing a class?,What would a letter to your future self say?,0
Who will/should be the next president of India in 2017?,Who can become the next President of India and why?,1
Can anyone tell me some real life karma experiences?,What are the real examples of karma in real world?,1
What could I do or what would happen if I mounted a boat’s radar unit on my house’s roof?,"How was the employment in different sectors (primary, secondary, tertiary) in mumbai between the 16 and 19 century?",0
"Why the people are against caste based reservation, not against the discrimination done against the lower caste?",India: Why are so many people talking against reservation but not against discrimination on caste?,1
Why is my freezer is not working?,"Only my freezer works and the fridge does not, Why?",0
What is the best Microsoft program in history?,How do you perceive Indians?,0
"What does apathy feel like? Looking for detail, ed answers?",What does apathy feel like? Looking for a detailed answer?,1
What are organic compounds?,What do all organic compounds contain?,0
Is there any site to find cheap tickets with discount coupon?,How can I find cheap discount coupon online?,1
What is the thermal decomposition of sodium azide?,How does sodium azide decompose?,0
What will I do after graduated in English?,What should I do after my graduation in English?,1
Can we control our feelings and emotions?,How much control can one have over one's emotions?,1
How do I know my inner talent?,What are the methods to know our inner talents?,1
Is there a Church that doesn't believe in Trinity?,Which branches of Christians do not believe in Trinity?,1
"Is there any course which offers studying of vedas, upanishads and mahapuranas? Is there any future scope if I choose this field as my carrer?",How can I make myself read an entire book?,0
What is hysteresis loss? Where does the loss actually occur?,How the impedance changes during loss of synchro?,0
What are the pros and cons of dating an artist girl?,I decided not to date until getting a stable career and my own house. What are the pros and cons of this decision?,0
Why do people run away from home?,What is it like to run away from home? Any amazing experiences?,0
How accurate are drug and urine tests?,"If a drug test (urine) shows positive for heroin, could it be a false positive?",0
Why the engine maximum torque and maximum power are at different RPM's?,"As the rpm of an engine increases, the torque reduces due to low volumetric efficiency. Due to less air-fuel mixture being burned, power is also reduced. How is the speed increasing?",0
What is the longest roller coaster in the United Kingdom and how does it compare to the longest roller coaster in Denmark?,What is the longest roller coaster in the United Kingdom and how does it compare to the longest roller coaster in Germany?,0
"If you were going to paint the surface of the moon, how much paint would you need?",How much does it cost to paint wheels?,0
I masturbate very frequently and want to stop doing this. How do I control myself?,How do I stop masturbating?,0
Is the genetic combination of green eyes and dark hair rare?,How rare are green hazel eyes?,0
What are some famous songs played on a pan flute?,Where can I learn to play the pan flute?,0
Is yawning contagious? What's the reason?,What makes yawning contagious?,1
Is Donald Trump correct that President Barack Obama was not academically qualified for admission to an Ivy League school without affirmative action?,What is the bitter truth about admission to Ivy League schools?,0
What are the requirements to join the Canadian Army?,What are the requisites to join the Canadian army?,1
How are Jammu and Kashmir sub-divided?,How did Jammu and Kashmir got divided from India?,1
How can I tell if my iPhone is being remotely accessed or monitored?,Could iPhone access FTP?,0
Why do colors look more red in one eye and more blue in the other?,Why would one eye see different colors than the other?,1
What are the most interesting and mindblowing facts you know?,What is the most disturbing fact you know?,1
What are the pros and cons of the FN Five-Seven 5.7 x28mm versus 9mm?,Are there 9mm rifles?,0
How do I understand random variables?,How can I understand the definition of a random variable?,1
Is there any good widget apps on Android?,Which is a good Android widgets site?,0
What is the reaction of India when caste reservation is been pulled out?,What would be the consequences of abolishing caste-based reservation from India?,0
What are some methods to overcome fear of Interviews?,What are some methods to overcome the fear of success?,0
How do I convince someone to share their feelings?,How can you convince someone to share their spouse with you?,0
What went wrong with Yahoo Labs?,What went wrong with Yahoo (2016)?,0
Is there any ecommerce solution which can integrate with multichannel marketplace in Indonesia?,Is there any eCommerce solution which can integrate with a multichannel marketplace?,0
"What is the best way for me to get a six pack, I'm 15, just over 9 and a half stone, 5′7 and go boxing regularly?",What is the best abs workout at home to get six pack abs? 15 year old?,0
What are some of the most inspiring quotes from the Bhagavad Gita on karma and life ?,Why should one read Srimad Bhagavad Geeta?,0
Is sex necessary?,Why do we need sex?,0
How do businesses use social media?,What are the best ways to use social media for business?,1
Why did Quora ban Dan Erlich?,Quora banned Dan Erlich - WHY?,1
Will Trump lose Wisconsin's electoral votes if Wisconsin does not submit its recount in time?,Will Wisconsin’s votes be voided if it doesn't finish its recount in time?,1
Does having sex with men with large penises stretch out the vagina?,What does it feel like to have a man ejaculate inside your anus (without a condom)?,0
Do some nonprofits need 0 revenue to function?,Why do we set the denominator equal to 0 when finding the vertical asymptote of a rational function?,0
How much do CrossFit gym owners make?,How much money does a Crossfit gym earn for hosting a certificate course?,0
What are some treatments for an extreme constipation?,What is the treatment for constipation?,1
Who viewed my profile on Instagram?,Can you see who view your Instagram?,1
What is the best way to control our mind?,How can we control our mind?,1
What is the cut off and the syllabus for Indian foreign Services?,I forget my pin code and cant open my phone?,0
What are exclamatory sentences? What are some examples?,What is an exclamatory sentence?,1
Why does Quora mark so many questions as needing improvement?,Why does Quora mark most of the questions as needing improvement?,1
What generally defines the secularism?,What is true secularism?,1
"What is the safest way to send someone $1,000 cash (physical bills)?","Is there a 1,000,000 dollar bill?",0
What should be the reply of your girlfriend when you tell her you love her?,What should I do when your girlfriends parents don't think you treat her right?,0
What is the difference between a businessman and an entrepreneur?,What are the key differences between a businessman and an entrepreneur? Which one has higher success rate?,0
What does it mean by burst phase intermediate of a folding protein?,Why is it necessary to degas buffers for protein folding studies?,0
How does the ban on 500 and 1000 rupee notes helps to identify black money and corruption?,Do you think scrapping of 500 and 1000 rupee denominations is going to eradicate corruption?,1
"If your boyfriend doesn't ever gift you anything ever, never does anything romantic for you, does that mean he doesnt love you?",My boyfriend doesn't trust me. I've never done anything untrustworthy but I find myself cancelling nights out in case he's upset. What do I do?,0
I was working on a startup idea from 3 months and Google launched same product today.What do I do now?,"Google just came out as a competitor to my three month old startup, what is the best strategy to survive?",0
How can I use Omegle on my iPod Touch and how is it compared to using Cams.com?,How can I use Omegle on my iPod Touch and how is it compared to using Camzap?,0
"Is it easier to turn $1,000 into $10,000 or to turn $1,000,000 into $10,000,000?","Is a $1,000,000 salary considered a lot nowadays?",0
Why do variable names can't start with numbers in C++?,Why can't variable names start with numbers?,0
How in the world in today's day and age does it take 6-12 weeks to start receiving a magazine or newspaper subscription?,"Is Adobe InDesign still relevant in today's world where printed materials, such as magazines and newspapers, are no longer mainstream?",0
Do employees at First Financial have a good work-life balance? Does this differ across positions and departments?,Do employees at Square 1 Financial have a good work-life balance? Does this differ across positions and departments?,0
Which is the best way to learn hacking just as a hobby?,How can we learn hacking efficiently?,1
Are Australians racist towards muslims?,Are Australians homophobic and racist?,0
What's the difference between IT and COE at NSIT and DTU?,What is the difference between IT and COE courses at NSIT or DTU?,1
How can I change my contact number in Amazon as my contact number is already in use by someone else and not me?,How do I transfer my contact numbers to my laptop?,0
"Very few people answer my question on Quora, what do I do?",Why are my questions not answered on Quora?,0
Andrew Ng: Is cross-validation a good way to judge if a machine learning algorithm generalizes for the task of auto-encoders?,Is cross-validation a good way to judge if a machine learning algorithm generalizes for the task of auto-encoders?,0
I am preparing for CS executive exams without any classes for December 15. Which self study books should I refer?,I will be appearing for CS Executive on December 16. I'm planning to do self-study. Which books can I study?,1
"What are some English movies that are about business and economics (like The Social Network, Steve Jobs, The Big Short etc.)?",I am planning to open a small eatery in Bangalore. Wanted to know what are the basic problems faced doing this work?,0
What's the difference between a ship and a boat?,"""Why is a ship is called """"she"""" in English?""",0
Can legalizing porn and prostitution help reduce rape?,What's the ideology of the decriminalization of sex work?,0
"If someone is born in the US to parents who are not Americans, what is that person's citizenship?",Which countries do you automatically get a passport and citizenship if you are born there (regardless of nationality of child's parents)?,0
How can a Chinese speaker learn English?,How can I learn English well as a Chinese student？?,1
Who is Satan? What does the Bible say?,Who is Satan?,1
What is the easiest and most painless suicide method?,What is a painless suicide method?,1
"What traits in INTPs (Ti, Ne, Si, Fe) would attract ISTP?",What traits do you find are most often shared in people you find attractive?,0
How can I extract all tweets posted from a certain geographical area during a certain period of time?,"How can I download tweets that contain a certain keyword, and tweeted between certain time period?",0
Which place in the world has the safest and cheapest female sex workers?,How many people in the world are having sex?,0
What are the most interesting products and innovations that First Solar is coming out with in 2016?,What are the most interesting products and innovations that Progressive is coming out with in 2016?,0
Heartbeat: I feel a strong pulse below my ribcage. What is it?,How long can one survive without a heartbeat?,0
Why is a 1 rupee note signed by the Ministry of Finance and the rest of the notes by the Governor of India?,Why is the one rupee-note printed by the government of India and other denominations by RBI?,0
"What is the best way to preserve art work (photos, drawings, paintings, etc.)?",What's the best way to get into painting art?,0
A cone is filled up to height h/2 above the base.h is the height of cone and base radius is r.To what height does water rise if the cone is inverted?,How much time government need to restore the cash crunch in the economy and what's max capacity of government that can print notes in single day?,0
"I am a student and I am distracted by adult, dirty films. I want to be a topper, what should I do?",How one can learn React and Redux over the weekend?,0
How can I learn the cello?,What is the best way to learn cello?,1
Are prepubescent animals harmed by sexual contact (physical contact) with the adult animal?,Why do dogs make eye contact with people unlike other animals of its species?,0
How do I download my whole collection of photos from Google Photos?,How do you download all your photos from Google photos in one shot?,1
"For the LinkedIn Connection network graph how many nodes are there, and how many links per node are there?",What are good ways to find all the possible paths between two nodes in a directed graph?,0
How can I overcome self-consciousness as a teenager?,How can I overcome my self-consciousness?,0
Why should the government have a zero unemployment rate as a top priority?,Why do governments not declare the full time unemployment rates?,0
What does it mean when your car won't start and it makes a clicking noise?,How do you diagnose the problem when a car won't start?,0
How do I get equal number of frames (N) for varying length speech files after extracting mfcc features of N*39?,What is the probability of any 2 numbers being equal in a random list of n numbers of m digits?,0
Where can I get some high quality weed (marijuana) in Calicut?,Where can I get some high quality weed (marijuana) in Chennai?,0
What are the basic things needed to be taken care while going on a bike trip?,What if one doller equal to one rupees?,0
How do I add pictures to my answers on Quora?,Can I add images to my questions on Quora?,1
How does London compare to New York City in terms of driving a car and traffic?,How does Vancouver compare to New York City in terms of driving a car and traffic?,0
Where can I get quality services in Sydney for dispose of large quantities of waste?,Where can I get quality services in Sydney to collect and dispose of household and commercial waste?,0
Which one is the best explainer video company?,"""Who is the top """"explainer"""" video production company?""",1
What is the purpose of horse stance in traditional martial arts?,Martial Arts: What are the benefits of practicing the horse stance?,0
Should I accept a friend request from my ex?,When should one accept a Facebook friend request from an X girl/boy friend?,0
What are the best online dating sites for geeks/nerds?,Is online dating worth it?,0
How can I ask a beautiful girl in my class out?,How do I ask out a girl in my math class?,1
Can you summarise your investment/trading strategy?,How do we decide what trading/investment strategy works best for equities?,0
What are the safety precautions on handling shotguns proposed by the NRA in Utah?,What are the safety precautions on handling shotguns proposed by the NRA in Florida?,1
What is the relationship between politics and education?,What is the difference between Dravidian politics and tamil politics.?,0
How much does electricity used by running a treadmill for an hour for a month cost?,How much weight could I lose running on a treadmill every day for 3 months?,0
Why are they relatively so few dangerous or deadly animals in Europe and North America?,Why were the Indians of North and South America so undeveloped in relation to their conquerors?,0
What will be the cutoff for mechanical engineering in BITS in 2016?,What is the cutoff for mechanical engineering in BITS Goa?,0
Why do upper caste Telugu people (especially Reddy and Kamma) in Andhra Pradesh demand a very high dowry?,Do srikrishnadevaraya really belong to kapu caste as it said by kapu caste people of andhra pradesh?,0
How can I message anyone on Quora?,How can I send a private message through Quora?,0
What are ways I can make money online?,How do we make money online?,1
What is the microscope?,What is a microscope?,1
What do Armenians think of Iran?,What do Persians and Armenians of Iran think of each other?,0
"""How is the word """"pursue"""" used in a sentence?""",How is the word 'gregarious' used in a sentence?,0
Has time made Dan Quayle bitter over his political experiences?,"""What are your thoughts on electing several """"American Royalty"""" family members into political office over the course of time?""",0
Is there a term to describe the over 50s?,How was it like to grow up in the 50s and 60s?,0
How do you combat overthinking?,How do you avoid overthinking?,1
"""What is the meaning of """"Est."""" followed by a year?""","""In Latin, what is the meaning of """"Fortis est Veritas""""?""",0
"How do people with no money, who have an idea get their idea started?",I have an idea for a product but no money. Where do I start?,0
What are the toughest mathematics books for the XIth-XIIth standard?,What book is best for mathematics?,0
What was the setup Rob Bourdon used for the making of Faint from the album Meteora?,What are the different kinds of drums and how are they use?,0
What is it like to be a hot transgender woman?,How do I hide being a transgender woman from my parents?,0
Who is your favorite youtuber and why?,Who is your favorite Youtuber?,1
What is the best solution to resolve the Israel-Palestine conflict?,In your opinion what is the best solution for the Israel Palestine conflict?,1
Would you stay in a chic and well design hostel if it is a little far away from popular area?,Should I stay away from her?,0
"Is it possible for a girl to grow at the age of 23. Will Hanging, stretching exercise and consuming Ashwagandha powder help to increase height?",Do stretching and hanging exercises really work to increase height at age 22?,0
How do I start using Quora?,How do get started using Quora?,1
What makes a person passive?,What makes a person have a passive personality?,0
How do I hack a mobile phone remotely?,How can I Remotely hack a mobile phone?,1
Which movie made you cry last time? Why?,What are some movie scenes that made you cry and why?,1
"Hard question: do you think becoming a billionaire are only meant for a select few like, actors, singers and pro athletes? Only 1 percent makes it?",I've heard Chegg is closing its Q&A forum and only a few selected members can answer the questions from now on. Is this true?,0
Where can I find angel investor for my website?,Where can I find and pitch angel investors?,1
"Why do cricketers like Hashim Amla or Moin Ali show off as muslim by keeping a long beard, but in real life it is not often seen by young people?",Why Hashim amla have no sponsor logo in his jersey?,0
What do pilots carry in their flight bags?,What are the things an airline pilot carry in their flight bag?,1
What exercises should I perform for my head to be able to reach my penis?,C++ is great language or not?,0
How is the number of protons in each atom of an element determined?,Why does the number of protons determine the chemical element?,0
"Which is better for international money transfers? PayPal, Square Cash, Venmo, or other?",Why do people use Western Union when they can use PayPal to transfer money?,0
How do you fix the SSL Connection Error on Google Chrome?,"""I have an """"unable to connect proxy server"""" error in Google Chrome browser when I open any web page. How can I solve it?""",0
How do you define 'meaning'?,How do you define ‘meaning’?,1
What is the definition of 'levity' and how is it used in a sentence?,What is the definition of 'perfunctory' and how is it used in a sentence?,0
What are some good anime with a lot of kissing scenes?,What are some of the best anime kiss scenes?,0
Is there a good book covering and giving a brief overview of all the fields in mathematics for aspiring undergrads who just started college?,Is there a good book covering and giving a brief overview of all the fields in chemistry for aspiring undergrads who just started college?,0
Who would like to work from home?,What does it feel like to work from home?,1
"What will happen if people having black money don't return it to bank, fearing being caught? This comes after latest 500 & 1000 rupee notes banning.","Now that India has banned the 500 and 1000 rupees notes, what will the people with excess of such notes accrued as black money do? Can they escape?",1
What is the saddest story you ever heard or seen?,What is the saddest story you've ever heard?,1
Do employees at Agree Realty have a good work-life balance? Does this differ across positions and departments?,Do employees at Associated Estates Realty have a good work-life balance? Does this differ across positions and departments?,0
What do you think of when you think of home?,What do you think when you think?,1
How long do you think the hype of Pokémon GO will last?,"""How long will the Pokémon GO """"fever"""" will last?""",1
"Why do motor bikes have a 1 down rest up gear shift pattern, and not a sequential pattern?",What is field pattern?,0
Which brand guitar is best at minimum price up to Rs. 4000?,What is best guitar for beginners in a buget of RS 5000?,0
Why the verbs should be both the simple present forms in the conditional clauses if the facts of if-clauses are certain to happen?,Which are the venture Capital funds with focus on Europe (sector: software as a service OR energy efficiency)?,0
How do you express 有目共睹?,What is the best way to express your thoughts?,0
What is the best sex you ever had?,What was the best sexual experience you've ever had?,1
How can I fix my sleeping schedule?,How can I change my sleep schedule?,1
"What is a suitable solar panel installation provider in Biggs, California CA?","What is a suitable solar panel installation provider near Three Rivers, California CA?",0
"What are the side effects (positive and negative), if any, of masturbation?",How harmful or unhealthy is masturbation?,0
Clean India drive?,What is clean India?,1
Do black guys like to date Indian girls?,"I'm an Asian girl who wants to date a black guy, but my parents won't allow it. What should I do?",0
What is the difference between a biological population and a population from a genetic algorithm?,Why the steam turbine vibration using micro meter while in gas turbine using meli meter as scale?,0
What might happen now that President-elect Donald Trump has won the election? What will be the impact?,What will happen if Donald Trump became the president of America?,1
My girlfriend has a bad body odor. How do I tell her?,"If a friend has body odor, should I tell her?",0
How difficult is it to learn English?,Is it difficult for me to learn English?,1
What are some reviews of www.cosmicpetrochem.com?,What is your review of Www.lenaski.com?,0
What is your most prized possession and why?,What is your prized possession and why?,0
"Which camera is better, the Nikon D3300 or Nikon D5200?",Which is better: Nikon D3300 or Nikon D5200?,1
Should I buy the iPhone 7 or the iPhone 6S?,Should I buy the iPhone 6s or 7?,1
Which company makes the best DSLR?,What is the best basic DSLR camera and lens to buy for the beginners?,0
What's the difference between club soda and sparkling mineral water?,How do still and mineral water differ?,0
Are dinosaurs still alive in the African jungle today?,"Is it possible that dinosaurs are still alive, but humans don't know?",0
Will banning 500 and 1000 notes can stop the black money?,How could bringing in new 500 and 2000 rupee notes by the Indian govt eradicate black money?,1
Which are the best digital marketing agencies in china?,Which is the best digital marketing agency in hyderabad?,0
How do I not care what other people think of me?,How do I ignore what other people think of me?,1
How many electronic devices can one carry without being charged at India Airport customs ?,What one should not bring to USA from India to avoid custom/authorities trouble? (Both at India and US airport),0
Where can I find children story books in Australia?,Where can I get interesting story books in Australia?,0
"Is PhD in Applied Physics at Southern Illinois University, Carbondale good?",What is it like to study Applied Physics at IITs?,0
I am 16 years old and I want to become an entrepreneur. What do I do?,I'm a 19-year-old. How can I improve my skills or what should I do to become an entrepreneur in the next few years?,0
Why do women like penises?,Why do women like big penises?,1
How many medals will India win in Rio Olympics?,Is India going to win any medals in Rio Olympics 2016?,1
How did you celebrate your birthday when you were young?,When is your birthday? How do you celebrate it?,0
What is the feeling after first sex?,How do you feel after the first sex?,1
How do you react when someone tells you they want to be like you?,Does tech Mahindra sponsor employees for higher education?,0
What are the advantages of having the engine in the rear of the car?,What are the advantages of a rear engine? Are those advantages still relevant?,0
When will I ever find my calling?,How do I find my calling?,0
How do you make a rectangle border using Photoshop?,How do you make a border on Photoshop?,1
What are the best long term investment options in India?,What are the best long term investment plans/options in India?,1
What is your take on Karma?,What is karma really?,0
"""How would you have made the Star Wars prequels differently while retaining the politics involved and successfully handing off to """"A New Hope""""?""",What would be the best way to restructure and improve the Star Wars prequels?,0
Where can I meet a rich man?,HOW DO I MEET A RICH MAN (W ITH MONEY)?,1
Is who singular or plural?,Is plural singular or plural?,0
Why do people think T-Mobile is bad?,How is T-mobile coverage in Boulder CO?,0
What is the best way to learn and practice C programming?,How can a students start learning c programming?,1
"What assumptions do you make when you see a guy with well-muscled arms wearing tight, shorter-sleeved polo shirts that seem to be meant to show off their arms?",Do BCI controlled arms act like normal arms?,0
What are the benefits of having a girlfriend (other than sex)?,So I have a girl's number. What are some good first text ideas (other than hey)?,0
How to implement hierarchical latent dirichlet allocation in R?,Are Hierarchical Dirichlet Processes useful in practice?,0
What does the tiny owl on the corner of the one dollar bill mean?,What are some interesting outdoor activities to do on a rainy day?,0
How can I speaking fluently speaking English?,I want to improve my English?,1
What is the salary range for classification levels H and F in Stanford University?,What is the salary for level J at Stanford University?,0
Will the scraping of 500 and 1000 rupees have negative effect on Indias's economy?,How will ban on 500 and 1000 rupees note affect economy of India in different sectors?,1
How do I stop binge eating all the time?,How can I stop binge eating every day?,1
"Is anything shown in porn movies real, or is it all just acting?",Are the Japanese porn movies where a man seduces a women in the bus real or fake?,0
Which country is best for MS in mechanical engineering and why?,Which is the best country to do an MS in Mechanical Engineering?,1
How do I make a website like cafecuba.in?,How do I make websites?,0
Why can't anyone travel back in time?,Why can we not travel back in time?,1
Do employees at United Community Banks have a good work-life balance? Does this differ across positions and departments?,Do employees at Dime Community Bank have a good work-life balance? Does this differ across positions and departments?,0
When are we getting marshmallow update in YU yureka?,Should I update my Yu Yureka to CyanogenMod 12 now or should I wait?,0
What language did Egyptians speak before Arabic?,What language did the ancient Egyptians speak?,1
Is it fair to only leave money to your kids when you die if they are smart with money? (So know how to invest and save),Can Python be used to build social networking site?,0
Is It possible to build muscle and lose fat with intermittent fasting and stay lean?,What is a good way to burn fat while building muscle?,0
How is the word 'ingratiate' used in a sentence?,"""How is the word """"massive"""" used in a sentence?""",0
How can we talk with our soul?,How can I talk with souls?,1
Who is going to win the 2016 US presidential election? Why?,"All biases aside, at this point in time, who do you think will win the presidential election?",1
Why were the eunuchs so powerful in ancient China history?,What is the history of Premier of China? And what are his powers and duties?,0
Where is the most beautiful city in the world?,What is the most beautiful city in the world?,1
How credible is Slate magazine?,"""Why does Slate magazine provide links to page numbers and a 'single page' button instead of the traditional """"next/previous"""" buttons?""",0
"Which should I choose, NCSU CN or USC EE-CN?",I have been admitted to an MS in EE for Fall 2015 in USC and NCSU. I am interested in digital VLSI and computer architecture. Which would be a better option?,0
Why do doctors flick the needle before giving injections?,Why Maxwell's needle is called needle?,0
What will happen to stock market when Trump becomes a president?,What will happen to the stock market if Trump gets elected?,1
What are fictional characters? How are they used?,What are fictional characters?,1
What should I do if a guy wants to perform cunnilingus on me and I'm having my period?,My boyfriend wants to perform cunnilingus on me when I am having my periods. What should I do?,1
Can I use should instead of lest?,"""Can we use """"otherwise"""" instead of lest?""",0
Is Opera browser (with in built VPN) a genuine VPN?,"Opera VPN is free, what's the catch?",0
Why do Ukrainians make good prostitutes?,What do you think about Ukrainian men?,0
How does determinism explain genetic mutations?,How does determinism explain a genetic mutation?,1
What should an Indian know about Indian Railways and its facts?,What are some amazing facts about Indian Railways compared to foreign railways?,1
What happens if you do not have a physician remove stitches?,"What can happen if a wound that needs 3 stitches is not stitched, any major problem? Can I clean it with water daily?",0
Which is the best place to invest in Real Estate?,Where is best place to invest in real estate?,1
Why am I not hungry when I wake up?,Why am I never hungry when I wake up?,1
What is Keyword Density?,What is keywords density?,1
What is the interview process for the bank of America in India?,What is the recruitment process of the Bank of America?,1
What are the advantages and disadvantages of cable TV?,How do I record analog cable TV with a DVR?,0
Why would anyone own a pitbull?,What should I feed my Pitbull?,0
Would you steal billion dollars if you had 100% certainty you could get away with it?,Who will be the first person to have a networth of 100 billion dollars?,0
How can I make the Instagram search bar stop giving me suggestions for what I am typing before I finish typing it?,How do I clear the autocomplete on Instagram search bar?,0
Would the CRS policies of an organization influence your decision to use its products or services? Why or why not?,"If the technology to digitally upload your mind becomes available, why would or wouldn't you do it?",0
Was the Taj Mahal a Shiva temple?,Was the Taj Mahal a Shiva temple? But why does Indian government not take action?,1
What is something you should never abuse?,What is abuse?,0
"""I want to get a tattoo of this French phrase 'casse-toi"""". I'm aware of its meaning but just to be 100% sure, What does it mean exactly?""","""What does the French phrase """"merci a toi"""" mean?""",0
What are the top 5 classic books of all time you have to read before you die?,What are the best 5 book to read before I die?,1
How much revenue does it make?,How much revenue did got make?,0
Which are the rarest world war pictures?,What is the most horrifying/interesting story or picture from the World War II?,1
How do I upload my profile picture on Quora?,How can I put up my profile photo on my Quora?,1
What is the best way to stop being obsessed with something?,How should obsession be treated? How do I stop being obsessed with something?,1
What is the stock market?,"What is sensex, stock market actually?",1
Why are police detectors legal?,Amsterdam shelter donate jack Russell?,0
How do I improve reading skills for IELTS?,Are we allowed to see the questions while we listen to the recordings in listening skill and while we read the text in reading skills in IELTS exam?,0
Is it possible to crack IIT JEE in 6 months?,Is it possible to crack IIT JEE in 6 months with boards?,0
"""As a web developer, why do you like to develop websites from """"scratch"""" instead of using CMS like Wordpress, Drupal, or Joomla?""",Should I try learning Drupal or Joomla when I dislike WordPress as a Web Developer?,0
How much money do professional curling players make?,Why don't software engineers make as much money as professional athletes?,0
How can I prepare myself for TCS campus placement?,What all do I need to prepare for the TCS campus recruitment?,0
Are there any testosterone boosters that work?,Are there any effective testosterone boosters?,1
What is the difference between a Marketing Manager and a Marketing Executive?,What is the difference between marketing and strategic marketing?,0
What is the best way to do mediation?,What do mediators do?,0
Do any PSUs visit IIM ABC for placements?,Which PSUs visit campuses for placements in India?,0
Do you loose money in House investing if the house its not by your name?,Is taking your shoes off before you enter your house a cultural thing? Or is it just common sense that you don't want dirt in your home?,0
Why was the TV show who wants to be a superhero canceled?,What is the best TV show that only ran for one season?,0
"My writing skills are good in English, but my speaking is not good? What should I do?","My writing skills are good in English, but my speaking aren't. What should I do?",0
What are the characteristics of a Jack Russell/blue heeler mix?,What are the character traits of a Blue Heeler/Jack Russell Terrier mix?,0
Has a snake ever eaten a human being?,What is the most sinfully delicious/evil food you have ever actually eaten?,0
What famous rappers are bloods and crips?,What is a Crip?,0
What is the job description of a Cadet Engineer with industrial engineering course?,"I have done a BE in biotech and M.Tech in chemical engineering. Which courses (software, CAD related) would help me get a job in Core industries?",0
What are some good books to understand British Rule in India?,What is the best book on British rule in India?,1
What if the world lost oxygen for 5 seconds?,What would happen if the Earth lost it's oxygen for 5 seconds?,1
What are some good ways to improve English vocabulary?,How can I increase English vocabulary?,1
Why do I cry when I'm frustrated or angry?,Why do I shake when I'm angry/mad?,0
Time Travel Is It Possible?,Is time travel possible? If yes? How?,1
Manipulation: What does it feel like to experience 'gaslighting'?,What does it feel like to be manipulated?,0
Why do my nipples hurt when I press on them?,I want to know about my career.Can anyone help me?,0
How did the Big Bang occur?,How was Big Bang created?,1
What are dreams and why do we have them?,Why do we have dreams? Are there any Medical benefits of them ?,0
How to develop self control?,How do I gain self control?,1
I am 15 years old .which college accept me in U.S.A.?,What is the function of the prefrontal cortex?,0
Why is Quora in English?,Does content on Quora need to be written in English?,0
What is the best pinot noir?,Where is Pinot Noir from?,0
How do you win in tennis?,How does one win in tennis?,1
"Is hypnotism real? If yes, how does it work? Can you give a real life example?",Is hypnotism real?,1
Should I tell my friend I'm in love with him?,"I'm in love with my best friend, should I tell him I love him?",1
How can I calm down my cat when he is freaking out?,Where is my cat?,0
Why is the Golden Gate Bridge called golden when it's red?,Why do they call the Golden Gate Bridge golden when it is red?,1
Are we near World War 3?,How likely is World War III in the future?,1
"What is the Sahara, and how do the average temperatures there compare to the ones in the Kalahari Desert?","What is the Sahara, and how do the average temperatures there compare to the ones in the Great Sandy Desert?",1
How do I identify a business opportunity?,How can I identify market opportunities?,1
"I want to buy a new laptop with i5 processor, 8gb ram, 2gb graphic card, 1tb hard disk.which one I should buy?","I'm planning to buy a laptop with i5 (preferably 6th gen),1Tb,Ram 4/8, 2gb graphics (Nvidia) with full HD display. Which one should I buy?",1
Is telecom sector good to choose as a career option?,Career Advice: What career option should I choose if I want to earn good?,0
"""How bad is the physics in the film """"Deja Vu""""?""",Can someone explain the ending of the movie Deja Vu?,0
Is Salman Khan eldest among all his brothers?,How is everyone so sure that Salman Khan was driving his car on that fateful day?,0
Friction from my iPhone is hurting my hands - what can I do to scroll and to reduce friction?,When did you know you wanted to be a physicist?,0
Which tyres are better MRF or Ceat?,Why disc wheels are more aerodynamic?,0
Why is commenting on a blog is important?,Why is a comment on a blog important?,1
What are some things I can do to become more self-aware?,How can I become more self-aware?,1
Are people afraid of the truth?,Are people afraid of the truth or do they just not care?,1
Are there any theories on what caused the big bang?,Which elements collision caused big bang?,1
What should I do to gain some weight?,How can I gain weight?,1
What are the worst subreddits that Reddit still hasn't banned?,What's the worst part about Reddit?,0
Is there a backdoor to becoming a product manager if you don't have a technical background?,Which are the companies who don't conduct an aptitude test and goes straight towards the final round of an interview?,0
My appeal was allowed in UK can I get back my visa?,"My H1B visa was approved, but I have not received my stamp yet. If I leave the U.S. now and work in Europe for a year (and get the stamp meanwhile) then come back to the U.S. for an MBA, can I be employed under my H1B visa?",0
How do know when you're in love?,How do know that you are in love?,1
What do Turks and Koreans think of each other?,I can't find my rank in WBJEE med 2016. What to do now?,0
How do I prepare for cds written exam?,How should I prepare for CDS written exam?,1
Why does life get complicated once you grow up?,Why does life becomes complicated as we grow up?,1
What programming language is used in making Android apps?,What is the programming language used to make Android apps?,1
How safe is it to drive from Texas to California?,Is it safe to drive from California to Texas?,0
What would make rock music revive?,What would it take for rock music to make a come back?,1
"Who is scarier to be elected as president, Donald Trump or Hillary Clinton?",Who's worse Donald Trump or Hillary Clinton?,1
Which university provides the best M.Tech degree (weekend programme) in software engineering in India?,I just got my Bachelor's degree in English but I'm also a self-taught programmer. I have a choice between studying CS at Washington University in St. Louis or taking a job at Epic Systems. My dream career is writer/software engineer. Which should I choose?,0
What is the importance of the tree in genetics?,What is the function of the SRY gene? How is it important in genetics?,0
"Why Narendra Modi is still not taking action against caste reservation system in India, which is not at all required for a modern India?",What is Mr. Narendra Modi's opinion about the reservation system in India?,1
What are some of the most interesting experiments conducted or being conducted by NASA?,What are the most inhuman experiments ever conducted?,0
Should I ever care what people think of me?,"Should I care what people think about me? Most have a positive impression of me, but should I care to keep it that way?",1
How would you describe bonding in metals?,How do you describe a metallic bond?,1
What motivates you the most in life?,What motivates you in your daily life?,1
What are the greatest comebacks in your career?,What are some of the greatest comebacks in academics?,0
When did the messy ponytail become popular?,Why strange fashion become popular?,0
Are there any billionaires who want to decrease their fortune?,Are there any billionaires or millionaires who want to get rid of their fortunes or not?,1
What are the English words used in conversations which Indians don't use much?,"Approximately, how many marks should I score to get a rand around 10000 in SRM JEE?",0
Why is Owl associated with wisdom or intelligence?,What does the owl represent in symbolism?,0
What are the best photos taken by phone?,What's the best photo you have taken on an iPhone/Android smartphone?,1
How long has Taylor Swift's longest relationship lasted?,Has Taylor Swift had any public gaffes?,0
What is the most nonsensical phrase used in legal analysis?,Is using httrack legal?,0
How should I approach guy I like?,How can I approach a guy that I like?,1
What strong evidence exists in support of the existence of global warming?,How can you prove global warming?,1
Where can I find my drafts of answers not completed on Quora?,How do I find my drafts on Quora?,1
Is the universe growing?,Is this Universe growing or not?,0
How can I improve my grade in biology?,How can I improve my grades in calculus?,0
What if Sourav Ganguly played badminton instead of cricket?,What if Sourav Ganguly played lawn-tennis instead of cricket?,0
Which state in Saudi Arabia speaks pure Hindi?,Which state in Afghanistan speaks pure Hindi?,0
"I want to buy a mobile phone but I'm very confused. Which one should I buy in the range of Rs. 20,000?",I want to buy a 32 inches LED Tv under Rs 20000. Which TV should I buy? Is online LED TV is safe (in terms of warranty)?,0
Where can I get expert house painting service in Brisbane?,Where can I get expert interior house painters in Brisbane?,1
How can I increase my Intel HD(R) graphics dedicated video memory in a Windows 8.1 desktop?,Can we install windows 8.1 from a memory card?,0
Can my anxiety go away for good?,How can I make my anxiety go away?,0
How was Macbeth received by people of the time?,What is the plot of Macbeth?,0
What are the some stories of absent mindedness?,What are great examples of absent mindedness?,1
Why does the brain have waves?,What are brain waves and how can I simulate brain waves?,1
Do your kids swear? What would you do if they started swearing?,On what (as opposed to the bible) do you think the first openly atheist president would swear his oath of office and secrecy?,0
Which is the first Indian geostationary satellite?,Who came up with the idea of satellites first?,0
What causes spontaneous combustion?,How do you prevent spontaneous combustion?,0
Do people make money from Quora posts?,Are there people making money on Quora?,0
What are some real-world applications of a queue data structure?,What are the common data structures being used in the real world?,0
What are some of the best comics?,What are the best comics?,1
Will foreign students studying in the USA be unwelcomed after Donald Trump is elected as president?,How would it affect Indian students studying/working in the US if Trump becomes the President?,1
Life: I am 21 years old and still I don't know what to do in life. What should I do? How can I find the reason of my life?,"I am 21 and working, but I still don't know what I want to do in life! How can I figure it out?",0
What are the pros and cons of using Cakephp 3.0 versus Cakephp 2.x?,What are the things to take note for a Cakephp 2.0 developer trying to create a new project in Cakephp 3.0?,0
How do you treat acne scars?,How do you treat acne?,0
Which American restaurant chains can be found in Norway? What do Norwegian people think of them? A,What American restaurant chains are found in Norway?,1
Is there any iOS app that is similar to MS Paint?,Which image editing Android app has layers and masks? (Similar to Photoshop for desktop and Filterstorm for iOS)?,0
Who or what gave Lucifer the mind to rebel against God?,Why did Lucifer rebel against God?,1
Can sexual reproduction in algae occur by similar sexual cells?,What could be few of Six sigma Deployment challanges?,0
What has Hillary Clinton actually accomplished in her political career?,What are Hillary Clinton's greatest achievements during her 25 years of political career?,1
Is Chipotle healthy?,What do people think about Chipotle Grill?,0
"How cold can the Gobi Desert get, and how do its average temperatures compare to the ones in the Atacama Desert?","How cold can the Gobi Desert get, and how do its average temperatures compare to the ones in the Taklamakan Desert?",1
Should I feel okay if my boyfriend wants a female roommate?,Should I worry that my boyfriend has a female roommate?,0
Any details about institute called IIFQ?,Where can I get best Oracle institute details?,0
How should we manage time?,How do I manage my time to get much done in less time?,1
What are the strongest majors in terms of job prospects and what are the weakest majors at Butler University?,What are the strongest majors in terms of job prospects and what are the weakest majors at Fordham University?,0
What's the best way to promote a music artist?,What are the places to work abroad?,0
"If you make it to the references and background check stage of the D.E. Shaw application process, how likely are you to get an offer?",Why is D. E. Shaw so secretive?,0
How is Masters in finance in Rochester institute of Technology?,How is Masters in management in Rochester Institute of Technology?,0
What is the difference between yakhni pulao and biryani?,What is difference between biryani and pulao?,0
How do you find your Walmart pay stub online?,Is it safe to have your Walmart pay stub online?,0
How much is iPhone repair for broken screen?,How much does it cost to repair a broken iPhone 6 screen?,0
Which movie site offers the more accurate ratings? IMDB or Rotten Tomatoes?,Are ratings by Rotten Tomatoes reliable?,0
What is your dream?,What is dreaming?,0
Why do dreams feel so real?,Why do I feel feelings so deeply?,0
Is it good to use JavaScript for back end development?,Is JavaScript good for back end web development?,1
What happened to Sanyukta after defeat of Prithviraj Chauhan?,What would have had happened to Indian history if Prithviraj Chauhan did not lose to Ghori in the second battle of Tarain?,0
What kind of music do you prefer?,What type of music do you like?,1
What is the easiest way to apply for permanent residence in England?,Which is the easiest country to give a permanent residency for Indians?,0
How does a girl feel after losing her virginity?,How do girl feel after losing virginity?,1
In which video games is it most feasible to implement the micropsi cognitive architecture?,Which video games have the most creative dialogue systems?,0
What I should write in clarify ing the problem while preparing the college cultural planning?,"Which changes in immigration, education, and employment policies for foreign students will take effect in the first six months of Trump's presidency ?",0
Why would Donald Trump make a good president?,Will Trump will make a great POTUS?,1
Who is above Odin in Norse mythology?,What is Norse mythology?,0
What is the process for an Indian to get an admission in MIT?,What is the process of admissions for Indians who want to get into MIT?,1
What is the difference between a digital signature and an electronic signature?,What is the difference between a digital certificate & a digital signature?,0
Which is the greatest city to live: Chennai or Hyderabad?,Is Hyderabad a good place to live?,0
What are some good photography websites?,Where can I find a good photography website?,1
Does fixing anterior pelvic tilt increase height?,How can you increase your height?,0
What are the best links to download any software easily?,What is the best free software site to download any software easily?,0
What is the mean by net neutrality?,What is net neutrality?,1
What was the rudest thing you've ever seen?,What is the rudest thing you have ever done?,0
What is the picture that makes you speechless?,How do I make my pictures private?,0
Can I take antidepressants without doctors prescription?,Can I take sleeping pills in the UK without any prescription?,0
Doctor Who (2005-present): How much does the cast of Doctor Who earn per episode?,How much do you earn a year and what do you do?,0
How can I treat bug bites on my lips?,How do you get bug bites on your eyelids? How should they be treated?,0
"Do babies also think? If yes, then what do they think?",Do babies think? If so what do they think about?,1
What are the best companies for a civil engineer?,What are the best companies to get if you are a civil engineer?,1
How do I get more views on my YouTube Videos?,How do I get more traffic to my YouTube videos?,1
How do I improve RAM performance of my Redmi Note 3 smartphone?,What are the major improvements in Redmi Note 3 Android 6.0.1 update?,0
What is the average salary of a charted accountant?,What is the monthly salary of a chartered accountant?,1
What are geological and coastal features?,Is geology a hard major?,0
Where can I found custom made commercial lounges in Longueville?,Where can I get very affordable price for commercial sofas and lounges.in Chatswood West?,0
What MP3 or AAC bitrate is equivalent to a cassette tape’s sound quality?,Why do we use ITU-T telephony codecs in VoIP rather than music codecs like mp3 or AAC when they can offer better quality at the same bitrates?,0
How is the marking scheme for sessionals at IET Lucknow?,"How do I identify Branch PAN number, I need to update State Bank Of India, Vindhyachal Bhavan Bhopal PAN number?",0
Which AS Levels subjects should I take if im going to a university majoring in film-making?,"I am a student who is going to 11th , taking PCM . Which subject should I prefer as optional, Physical Education, Computer's or something else?",0
How can I develop my patience?,What is the best way to practice patience?,0
I have a barren land and it has become a liability. I am willing to rent it to a mobile communication tower company. How can I start my procedure?,What is the procedure to get a mobile signal tower constructed on my barren land in India?,1
"Can a foreign citizen open a savings bank account, in India?",Can one open a savings bank account in SBI any where in India?,0
What is the matlab code for baker map?,How can I understand MATLAB code?,0
What is >> and << in JavaScript?,What is Javascript in PHP?,0
What exactly is it about the female body that we find so beautiful?,What do you find beautiful about the female body?,1
What is the difference between subject and object?,What is the difference between objective observation and subjective interpretation?,0
Do bridges move?,What is Bridge of Spies based on?,0
Why do we need reservation in India?,Does the Indian government need to reform reservation system?,1
How many Super Bowl rings does Eli Manning have and what games do they represent?,What does Super Bowl XLVII do to Peyton Manning's legacy?,0
Apartments Bad Kissingen?,Is epidural abscess always accompanied with inflammation of durameter?,0
How is the chemical formula for silicon determined?,How is the chemical formula of zinc determined?,0
How will the H1-B visa process change due to a Trump presidency?,Can a H1-B visa holder with approved I-140 change jobs more than once after his/her sixth year?,0
Is it worth paying for an OK Cupid membership? Why?,I bought an Xbox 360 but I didn't pay yet for my gold membership. Do I need it to connect to the EA servers on FIFA 15?,0
Joomla!: How can I include IP sepecific landing page feature in my website?,How can I add a landing page to the same main domain as a website?,0
Should I learn Polish or Hungarian?,Why should I learn Polish?,0
Is Spring Framework worth learning?,Is Spring Framework has a great future? And is it worth to learn?,1
Why are 100 feet road and 80 feet road in Bangalore called so?,Why is 100ft road and 80ft road in Bangalore called that?,1
"Who is better, Liverpool or Manchester United?",Who will win: Manchester United or Liverpool?,0
Why is Donald Trump not on Quora?,Why is Quora against Donald Trump?,0
Who designed the concept of Open brand?,Who are the best freelance logo / brand designers working today?,0
Does the 2000 note have a chip inside for its tracking?,Is it impossible to damage the embedded chip in the 2000 Rs note without damaging the currency value?,1
A number of people have warned for my behaviour to teachers (I mean I appear to be insulting them according to them). What can I do recoup my flagging image in my class due to this?,"I spoke out a swear word to a girl in my class cause I was angry and now shes complaining to class teacher, what must be done?",0
What is latest website design?,What do you think about my latest website design?,0
Who is Shane Dawson?,Who is Shane Dawson? What is his before and after?,1
What is the difference between an advisory body and statutory body?,How can I get a toned but not bulky body?,0
Would there even be anything to do on the internet without net neutrality?,Would the internet be destroyed if we list net neutrality?,1
Why does my SanDisk 8GB memory card show only 7.42 GB of usable space?,"I have ordered a 16 GB Samsung MicroSD Card from Snapdeal, but it’s showing the space of 14.9 GB out of 16 GB. Should I raise a complaint to Snapdeal?",0
What does it mean when your left eye twitches?,Why does my left eye keep twitching involuntarily?,1
Why do people watch anime?,Why don't people watch hyouka the anime?,0
How can one improve mathematics?,What should I do to improve my mathematics?,1
Shall I believe in black magics?,How we can believe black magic?,1
What caused Sweden rape statistics to rise significantly in the past years?,What are the causes of Sweden's rape epidemic?,0
What is the meaning of Procol Harum's 'A Whiter Shade Of Pale'?,What is the meaning of song Whiter Shade of Pale?,1
What are the master's programs that have strong research groups on augmented reality/virtual reality in Canada?,What are the master's programs that have strong research groups on augmented reality/virtual reality in the US?,0
Why is the economy so important?,Is Indian economy is a strong economy?,0
I don't know if I am in love with my best friend. What do I do?,I am in love with my best friend. What should I do?,0
What is the angle when time is 1 50?,What is meant by slope 1:50?,0
What is an Impact Factor for a journal?,What is the Impact factor of IJECT?,0
What is the difference between Test Plan document and Test Strategy document?,What's the difference between documentation and API reference?,0
What should I do in the last 2 months for JEE Mains?,How do I crack JEE main in a month 2016?,0
How common is it for people to undergo significant personality changes in one year when they turn from PhD student into professor?,How common is it for people to undergo significant personality changes in one year when they turn from undergrad into PhD student?,0
How can I increase my communication skills?,How we improve our communication skills?,1
What are ways to make money online at home?,How could I make money online?,1
Where can you watch Death Note II: The Last Name dubbed in English?,Where can you watch Death Note dubbed in English legally?,0
Why are iPhones costly?,What is it like to work in psiog/cyence startup?,0
Is modular furniture popular?,Is custom modular furniture popular?,0
"If I block a number on my phone after sending them a message, can they still see the message?",Can I see messages from a number I have blocked on my iPhone?,0
How many medals will India win in Rio Olympics?,How many medals will India win in 2016 Olympics?,1
Are IQ estimations based on SAT results accurate?,Which is the most accurate IQ test on the internet?,0
Who is the most corrupt Indian prime minister till date?,Who is the most corrupt prime minister in India?,1
How did you learn java?,How do I learn Java internals?,0
What are the pros & cons of demonetization?,What are the pros and cons of banning and replacing ₹500 and ₹1000 notes in India?,1
How do I install and start up C programming language?,How and where do I start learning C programming?,1
How do I self masturbate?,What are the best ways to masturbate?,1
"""Which is correct, """"Monday to Friday"""" or """"Monday through Friday""""?""",One person gets a week off on Saturdays and Sundays while others get off on Mondays and Tuesdays. Is that a correct sentence?,0
What existed before existence?,What existed before space and time?,1
"""What is so special about the number """"108""""?""",What is so special about 108?,1
How can I make curly hair grow faster and longer?,How can I make my hair grow faster?,0
Why can't I die?,Why don't I die?,0
How much will it cost to make an app like Snapdeal?,How much does it cost to make an app?,0
Why was James Madison suspicious of factions?,Was James Buchanan a good president? Why or why not?,0
What will be value of 1 Rupees 1947 GEORGE VI KING EMPEROR coin?,People say 1 rupee has lost its value. What are the ways by which I can invest my 1 rupee?,0
What are some good tips for writing an informational essay?,What are the best tips for essay writing?,0
How does asexual reproduction in snakes work?,How does asexual reproduction work?,0
How will Trump's winning US- elections affect India?,How will Donald Trump winning the election affect India?,1
What are the requirements to be considered for the United States Air Force and how do these requirements compare to Turkey's?,What are the requirements to be considered for the United States Air Force and how do these requirements compare to India's?,0
"What are the best aspects of living in Maturin, Venezuela as a young adult?",What could the first world countries achieve if they mutually abolished almost all military spending (only keep special forces to fight terrorism)?,0
What is your main objective of life?,Do you know what you want in life?,0
What do you think the functions of the prison?,Do you like Chinese animation?,0
"Where can I buy rave or edm clothes in New York, not online?",Some document contains middle name Kumar?,0
How did Beautylish get traction?,Does San Francisco have beautiful girls?,0
Is there a website where I can watch Broadway musical videos for free?,Where can I watch the Broadway musical the Producers?,0
"How can I make my handwriting neat, clean and fast?",What makes a handwriting cute?,0
Why are most people on Quora liberal?,Why does it seem that the majority of persons using Quora are politically liberal?,1
What is an Agricultural Engineer?,What is agricultural engineering?,0
Is Donald Trump an isolationist?,Is Donald Trump antifragile?,0
What is the minimum age required for getting pan card?,How much time does it takes to get a PAN Card number?,0
What are your three wishes?,Can you tell me any of your 3 wishes?,1
How can I eat 100 120 grams of protein per day cheap and healthy?,What is the cheapest way to get 100 grams of protein per day?,0
How do compounds and mixtures differ?,How do mixture compounds and molecules differ?,0
Is ammonia covalent or ionic? Why?,Howforefingers attracted to each other when we join you hands?,0
How do I get rid of pimples permanently?,How do I get rid of pimples on my face?,1
How do I loose my lower belly fat?,How do I lose lower belly fat if I'm already underweight?,0
What is one of the best short stories?,What are some good short stories?,1
What is the biggest thing in the world?,Which is the biggest thing in the world?,1
What super powers would you like to have?,If one superpower could exist what should it be?,0
What is the formula for acceleration?,What is the formula to calculate acceleration?,1
How should I categorize superpowers in my story?,"What is there to do in San Jose, CA during the winter (without too many people)?",0
How is the life of an engineering student?,How is the life of engineering student?,1
What do rockstar think of when posing for pictures?,Why don't you answer simarjit instead of removing topics?,0
"What is the interview process for Software Engineer- Applications in ZS Associates, Pune? What is the salary they provide to the Software Engineer?",How much does a software engineer earn in Brazil? What is the cost of living there?,0
How did trump win the presidential election?,How did Donald Trump won the 2016 USA presidential election?,1
Where can I get comprehensive written advice in Sydney for any property transaction?,Where can I get necessary advice for any property transaction in Sydney?,1
"I m a 3rd year CS engineering student,now I realized that i am interested in Biology.So should I go for medical or complete my engineering?",I completed my btech civil engineering in May 2013 and I got placed in Consolidated contractors international company and I got my location as Kazakhstan but till now I didn't get call letter from them so now I'm in a big dilemma that I should wait for call letter or I should do M.tech?,0
What benefits to give to companies if they sponsor us?,"Is it true that IT companies really give calls to people if they get a high enough AMCAT score? If so, what is that score?",0
How can long distance relationships be successful?,Do long distance relationships ever work out?,1
Reddit (website): What subreddits have the most readers?,Reddit (website): What is the origin behind the name subreddit?,0
What are dog able to taste compared to us humans?,I read that grapes are toxic to dogs. My dog can eat grapes and it is no big deal. Is this normal?,0
How does banning 500 & 1000 rupee notes solve black money problem?,Would banning notes of denominations 500 and 1000 help to curb the black money in system?,1
How can we survive on Mars?,How will we survive on Mars?,1
Is watching Netflix outside the US via VPN legal?,Can you watch Netflix with VPN?,0
Why do rainbows form? How are they formed?,What are the colors of the rainbow and how is a rainbow formed?,1
How can I become a YouTuber?,How do I become an YouTuber?,1
What are the different types of pit bulls?,How can you identify a Gotti / Razor’s Edge pit bull?,0
Do DC Pandey's objective questions vary with the book's edition?,Is optics and modern physics from dc pandey a good book to buy (2016 edition)?,0
What are some things new employees should know going into their first day at Earthstone Energy?,What are some things new employees should know going into their first day at Ring Energy?,0
How much money in US dollars is 1 crore rupees?,How much money does it take to print a 1 dollar bill?,0
What is it like to have a vacation home?,What's it like to own a vacation home?,1
How is student life in BITS Pilani DU?,How is student life at BITS pilani?,0
Which app can be used to monitor websites visited by devices connected to same WiFi network?,Is the product key/serial number of a device sent to the admin when it connects to the wifi network?,0
How many people die per day?,How many people die each day?,1
Why is it New Year on the first of January?,Why new year is celebrated on 1st January?,1
What are the healthiest and best tasting types of salt you can buy that are mined and not chemically processed or extracted from the sea?,Where online can I buy reasonably priced sea salt?,0
What do you think about ISRO working on space shuttle instead of building one like Soyuz when space shuttle is clearly expensive and not safe?,Need help in getting track list for this new year trip to Goa?,0
What are important topics in gate CSE?,What are the important topics gate CSE?,1
What are the class timings of coaching institutes in kota?,What is the cost of a hostel/PG in Kota?,0
What is TCS iAssurance?,What is tcs?,0
"I'm never tired at night but then I have difficulty to wake up in the morning, what can I do about this?",My boyfriend gropes me in his sleep all night. Is this normal?,0
What are some minor offences punishable by caning in Malaysia and Singapore?,What is your opinion of either Malaysia or Singapore?,0
How do you purposefully sprain your ankle?,What does it feel like to have a sprained ankle?,0
What should I do before I write my book?,What should I write a book about?,0
Should Indonesia adopt a dual citizenship system in the future?,What is the future of Indonesia's economy?,0
Which is the best city in India?,What is best city in India?,1
"What is the cheapest, painless, easiest way to commit suicide?",What is the best way to die?,0
How can I start afresh on my birthday?,How do I start afresh on Quora?,0
How can I increase my English fluency?,How do I speak English like celebrities?,1
How does basalt form?,How is basalt formed?,1
Can people die from bulimia?,How many people suffer from bulimia?,0
How old does a movie have to be to be called a 'modern classic'?,What are the old bollywood movie cliches that are now missing in our modern day cinema?,0
Does Mark Zuckerberg intend to run for president in 2020?,Is Mark Zuckerberg planning to run for the president in future?,1
Did anyone notice the inequality of standards put on Hillary compared to Trump?,What do BR Portuguese or Europeans PT speakers think about Mineiro accent/dialect?,0
What is the best thing to do when you get bored?,What are some interesting things to do when bored?,0
How do I find angles from GY-80 sensor with AVR?,Comlete guidance mains exam specially gs paper for cse xam?,0
Camping: Where can I buy a luxury tent?,Where can I buy luxury tents?,1
How can I recover a file I deleted in my local repo from the remote repo in Git?,How do I deploy a git repo from Windows to a remote Unix server?,0
Where can you find out what needs to be improved if your question was marked for needing revision?,What makes a question on Quora needing improvement?,1
Why can't India get more medals in every Olympics?,What is the valid reason for India only getting a few medals in the Olympics?,1
What if the internet were not invented?,What would modern society look like if the Internet was never invented?,1
What is it like to be a Hindu in Pakistan?,What is to be a Hindu in Pakistan?,1
What's the best plan to lose weight?,"What's the best, most effective tips for losing weight?",1
Could George W Bush and Tony Blair be tried for war crimes?,"Why weren't George W. Bush, Dick Cheney and Tony Blair charged with alleged war crimes for invading Iraq?",1
When Was the first time you did something for the last time?,When was the last time you did something for the first time?,0
"Why does Twitter sometimes say this tweet is unavailable, but you can still click through to the tweet that is linked?",How long does Twitter keep tweets?,0
Does citric acid contain amino acids?,How are amino acids and fatty acids different?,0
Can you get high in the slightest bit if you accidentally ingest a few microscopic specks of weed?,Can you get high eating a few specks of weed accidentally?,1
"Why the new edition of comic book like nag Raj, chacha choudheri, doga captain dhruv etc has stooped publishing?",What is the best way to stop being squeamish towards blood?,0
Which foreign country did you visit first?,"If you are to travel the world, which countries would you visit first?",0
What is the mind?,What is really the mind?,1
Who is a psychopath and who is a sociopath?,What's the difference between a psychopath and a sociopath?,1
How do I get 5k followers on Instagram?,What are the best ways to get more followers on Instagram?,1
"""What are some character traits that start with """"i""""?""",What is a character trait you wish you didn't have?,0
How can I get a list of my Gmail accounts?,How do I get a list of all my Gmail accounts?,1
What is the best laptop under Rs.60000 in India?,What is the best laptop under 60000 Indian Rupees?,1
Can hamsters eat honey? Why or why not?,Do hamsters eat nuts?,1
What is web designing?,What is web design and web development?,0
Do employees at Mallinckrodt have a good work-life balance? Does this differ across positions and departments?,How can I selfstudy for KVpy SX?,0
Who was Vlad the Impaler?,How did Vlad the Impaler die?,0
How do I decide on what to do with my life?,How can I decide what to do in with my life?,0
How do you see the world in the next 5 years?,Where is the world headed over the next 5 years?,1
How do we know whether someone is lying to you?,How do I know that a person is lying to me?,1
What is Uniform Civil Code and why Muslims are opposing it?,How do Indian Muslims react about an uniform Civil code?,1
What can I do to stop my boyfriend from drinking and smoking?,My boyfriend wants me to help him stop smoking weed. What can I do for him?,0
How do I install xposed framework on rooted android device?,Is there any way to install android 5.0 on a rooted device?,0
"What is the way to use different kinds of pencils, such as 1h to 9b?",What tools are used to carve pencil lead?,0
What is the meaning of M/S usually written before a company or shop name?,Why did Richard Branson name his company Virgin?,0
What would happen if there was a zombie virus on the death star?,"In Star Wars, why do you need a Death Star?",0
How do you stop a Terrier/Border Collie mix from destroying your furniture?,How can I stop my dog from humping my furniture?,1
What is nuance?,What are some of the nuances of profits?,0
"""What is the best short answer for """"why should I hire you""""?""","""What are the best answers for """"Why should I hire you?""""in a cool way?""",1
I'm a mechanical engineering student. What skills should I possess after completing my B.Tech?,"After completing B.Tech in mechanical engineering, what job secured course should you take?",1
What material should I use for the JN0-380 exam?,What material should I use for the 312-49v8 exam?,0
What is the best way to find flats or pg rooms in Mumbai?,Which is the best way to find PG in Mumbai?,1
What are the best GMAT coaching institutes in guwahati?,Which is the best GMAT coaching centre in Ahemdabad?,0
How does the ranking of answers on Quora work?,How does Quora determine the order in which answers to a given question appear?,1
What films were so bad they destroyed the actors' careers?,Which A-list Hollywood actors have yet to make their best career film?,0
How could I gain weight in a healthy way?,How can I gain weight on my body?,1
Is it a good idea to move in with someone before marrying them?,Should I move in with someone before I marry them?,1
Why do organizations extend deadlines for applications?,"Do college accept application submitted before deadline but writing supplement after deadline in common app? If not, will a direct call or mail work?",0
What is the brief comparison of KMC in Manipal and Mangalore?,"Which one has better hostels, KMC Manipal or KMC Mangalore?",1
Why do we need neutral wire?,Can a device work if the neutral wire is cut?,0
What are the best ways to learn French?,What is an easy way to learn French?,1
What is the difference between yoghurt and curd?,How does bean curd differ from tofu?,0
Have cavemen been scientifically tested?,Have mythical creatures been scientifically tested?,0
Is acetylene a carcinogen?,Why is benzene a carcinogen?,0
"What was the significance of the battle of Somme, and how did this battle compare and contrast to the Battle of Riyadh?","What was the significance of the battle of Somme, and how did this battle compare and contrast to the Battle of Smilevo?",1
What is the most probable cutoff of KVPY SA 2016?,How was your KVPY sa 2016?,1
How will demonetization of ‎₹1000 and ‎₹500 notes will help curb the rampant black currency in India?,"How will demonetising ₹500 and ₹1,000 notes help reduce corruption in India?",1
Why do dogs bark during mid night?,Why dogs bark more at nights?,1
"Where is the Baraka River located, and how does it compare to the Colorado River?","Where is the Baraka River located, and how does it compare to the Where is the Baraka River located, and how does it compare to the Volga River?",0
How can I lose facial fat quickly?,How do I get rid of facial fat easily?,1
What is the best way to prepare for UPSC?,How should I start my preparation for the IAS exam?,0
What is the square root of 36?,How do I simplify a nested square root (a square root with a square root)?,0
Is India's life better than Canada's?,Is the life of a doctor in USA better than that of one in India?,0
How many known viruses can infect humans?,How do viruses infect people if they're not alive?,0
What is the difference between a stock and a share?,What is the difference between a stock market and a share market?,0
Where can I buy very incredible and most amazing cupcakes in Gold Coast?,Where can I get an unique taste for cupcakes in Gold Coast?,1
What's your favorite John Maxwell book?,Where can I find raw data on crowdfunding websites?,0
Why does Quora hate Donald J Trump?,Why is Quora against Donald Trump?,1
What is a good reason to open multiple Demat accounts for trading in Indian markets?,Which bank is the best option to open a Demat account in India?,0
Why did the American South states object to Abraham Lincoln and leave the Union?,Would Abraham Lincoln be elected today?,0
Is design important to start ups?,Why is inclusive design important in start ups?,0
What does the Chinese word “loong” mean?,"""What does the Chinese word """"煥森"""" mean?""",0
Can eating sweet potatoes increase body weight?,Does eating sweet potatoes increase body weight?,1
Which book is best to learn networking?,Which is the best book to learn Python (both basic and detailed)?,0
How shall I prepare for AIIMS 2017?,How should I prepare for aiims 2016?,0
What happened to spinning a space station to produce artificial gravity?,"""Why don't we make a space station that spins to create """"gravity"""" using centrifugal force?""",0
How did the US acquire over 80 trillion financial assets in spite of a persistently low national saving rate?,"We've thought about evil geniuses ruling the world, did we ever contemplate an evil charlatan ruling the world?",0
What is web and how does it work?,What is web services and how it works?,0
How do I avoid a DDoS attack?,How can you prevent DDOS attacks?,1
What can cause a yellow jelly discharge?,What are the causes of a yellow jelly discharge?,1
"""What does """"symmetric under exchange"""" mean with respect to spin?""",Why Salinity of the ocean increase as we move poleward?,0
Will Adrian Lamo teach me how to hack?,Why won't Adrian Lamo teach me how to hack?,1
How do I charge a Motorola Bluetooth headset charger?,How can I connect two Bluetooth headphones to a laptop/tablet?,0
How can lose 29 pounds in 2 months without affecting my health?,What are some diet regimes I can do to lose 29 pounds in 2 months?,1
Are there examples of life sciences orgs achieving results in drug discovery via machine learning that wouldn't be possible without machine learning?,How would you build a drug discovery system using machine learning?,0
Does you hate hipsters? Explain why or why not.,How can I beat my opponent in election for a Club President even if he is better than me?,0
How do we live a meaningful life?,How do I lead a meaningful life?,1
How can I learn to play the guitar by myself?,What are some ways to learn how to play guitar?,1
How can I date strangers?,How can we date with strangers?,1
Are there any mammals that can survive on their own after birth?,Are there any start ups out there that have learnt to write code from scratch and then gone on to build their own app?,0
What is the easiest way to open the .isz file?,What are some ways to open .isz files?,1
What are the most interesting products and innovations that Jones Energy is coming out with in 2016?,What are the most interesting products and innovations that Stone Energy is coming out with in 2016?,0
How many keywords are there in Eiffel programming language in the latest version?,How many keywords are there in BASIC Programming Language in the latest version?,0
What is the current carrying capacity a 100 kva distribution transformer?,What do you mean by KVA for transformer?,0
Do you think moon landing was fake?,Is the moon landing fake because the astronaut suits are different in the images?,1
"How is the masters in Human Centered Computing program at UMBC (in terms of research, faculty, department, availability of on campus jobs etc)?",What is the difference between a master's program in these two courses - Human-Centered Computing (HCC) and Human-Computer Interaction (HCI)?,0
Why are psychopaths always attractive?,Is it possible for a psychopath to be in love?,0
Why does graphite stick to paper? How does it happen?,What happens with the atoms of graphite when someone is writing in a paper?,1
Who are best questioners on Quora?,What is the best question to question on Quora?,0
How would Jon react if he knew the Throne is really his?,How would Jon react if he knew if he is the heir to the Iron Throne?,1
Where can I learn to invest in stocks?,Finance: Which is the best way to learn about stocks?,1
What is one thing you plan or want to change in your life?,What is that one thing you want to change in your life?,1
What are some arguments in support of electing Donald Trump?,What are some reasonable and logical reasons to vote for Donald Trump?,1
What does it feel like to be famous?,What does it feel like to be formerly famous?,0
How do I delete my questions off Quora?,Can I delete all the questions I asked on Quora?,1
What is constructor in c#?,What is constructor in C?,0
Where can I watch Dragon Ball Super (English dubbed) on the TV?,Which TV channel shows Dragon ball GT and Dragon Ball super in English?,0
What is an SUPW project in ICSE?,How should I prepare and present my project for ICSE 10th class?,0
"I am curious. What ethnicity are you, really?","""What are some key reasons why """"Buckwild"""" is scripted?""",0
What are the best hacking movies?,"""What are some of the best """"hacking"""" movies?""",1
How do I explain the concept of subconscious to someone who doesn't know it?,How would you explain the concept of individualism to someone who's new to it?,0
How many keywords are there in A.P.L. Programming Language in the latest version?,How many keywords are there in the Ruby programming language in the latest version?,0
What are some ways to develop ego in an animal?,How can I develop an ego?,0
"I am in a long distance relationship. I cannot get my boyfriend to talk to me, yet he spends a great deal of time on Quora. What do I do?",How do I respond when the girl I like tells me that she is already in a long distance relationship and not very happy but cannot leave her boyfriend?,0
My parents won't let me go out with a friend unless an adult is there with us. Are they overprotective or am I overreacting?,How competitive is the hiring process at CytRx?,0
Why is the Fargo series claimed to be a true story?,How much of the TV series Mad Men is based on true story?,0
How should I solve this question in limits?,How do I solve this limit question?,0
What is the initial and final velocities for upward motion of object?,What is the initial and the final velocities for upward motion of object?,1
What is the future aspect of an iOS developer?,What is the future for iOS Developers?,1
Do animals make mistakes?,"Do animals, other than humans, make mistakes?",1
"""Which conclusion will make homosexuality more accepted in society? - """"it is caused by biological factors"""" or """"it is caused by environmental factors"""".""",Why is it sometimes difficult to use the Internet in Russia?,0
"Beyond his coding skills, how is Adam D'Angelo qualified to run a website like Quora?",What things Adam D'Angelo learned after founding Quora?,0
What costs more in an action movie: traditional real stunts or CGI effects?,"What are things in movies you don't expect to be CGI, but that typically are?",0
What are internet speeds like on planes?,What is your internet speed?,0
What is Oracle PeopleSoft?,What does Oracle PeopleSoft do?,0
Why can't a Ram mandir be built in AYODHYA as soon as possoble?,Should we build a Ram Mandir in Ayodhya?,0
Does therapy really work?,Is psychotherapy effective?,0
"What is the best medical university to study medicine in Ukraine, Europe and why?","Which university is one of the best universities to study medicine in Ukraine, Europe?",1
Where do I find a simple to understand solution on how to lose weight?,How should one change their diet to lose weight?,1
How do you know which things should and should not say in a conversation?,Some people know how to give less priority to the things which make them sad and they seem to be happy always. The other kind experience all emotions in life with equal priority and they aren't the happiest people on Earth. Which track of life should one pursue to have a meaningful happy life?,0
"Would you be suspicious of Trump if he rolled back sanctions against Kremlin, with no apology from Kremlin?",What is the best Data Science program in France in your opinion?,0
Will AAP win Punjab Assembly Elections 2017 ?,How many seats could the AAP win in the Punjab Assembly elections 2017?,0
What is meant by Advisory Services in asset management industry?,How can NFC be used for asset management?,0
What is the difference between 'return false' and 'return' when attempting to exit out of a function?,What's the difference between event.preventDefault() and return false in jQuery?,0
Can I get married?,Can you get married on Quora?,0
Why have ads been added on Quora?,Why are there no ads on Quora?,0
I have lost my PAN card and I also forgot my PAN number. What is the procedure to reissue a PAN card?,I have lost my PAN card. Should I reprint the PAN card or apply for a new one?,0
How do people come up with ideas to make programming projects?,How do I come up with programming project ideas?,1
"""When someone says """"That's a terrible feeling"""" vs """"I know that must be a terrible feeling"""". What's the difference to you guys?""",I hurt my girlfriend during sex and now I feel terrible. Any girls know what you'd want a guy to do?,0
What can delay your period besides pregnancy?,"What are some causes of missed menstrual periods, besides pregnancy?",1
What are some uses of a Petri dish?,What is a petri dish?,0
Am I gay if I fall in love with my friends?,Why do I fall in love with my friends?,0
Which is the best IT company in india to work?,What are the best IT companies in India to work for?,1
What is a Pitbull/Shar Pei mix?,What is the temperament of a Lab/Pitbull mix?,0
How does a boy feel when he put his penis inside vagina?,How does a man feel when his penis is inside a vagina?,1
"What is the typical rent for an apartment in a safe area of Sunnyvale, CA?","What is the weather like in Sunnyvale, CA in the month of July?",0
What adventure activities are there in Singapore?,What are some adventurous activities to do in Singapore?,1
What topics have recognized topic biographies? What are the rules about topic-specific bios?,Recognized Topic Biographies (Quora feature): Why do some upvoter names appear in bold in some of the answers?,0
"In America, do the men in your family kiss when saying hello and goodbye?",How can you explain the function of a car crusher?,0
Is annotary.com dead for good?,Is Answerly.com dead?,0
What skills should I learn before searching a software developer job in Java or Web Development?,In what order should I learn Java web development technologies?,1
If we are three person in first AC than we get a cabinate of 4?,"""If I book a first class AC ticket from IRCTC, do I get a """"coupe (for 2 people)"""" or a """"cabin (for 4 people)""""?""",0
"In the novel Pride and Prejudice, why is the William couple called Sir William and Lady Lucas, but not Mr. and Mrs. William?",What happens to all the characters in Pride and Prejudice after the novel? Did Elizabeth and Darcy have children?,0
What is the actual source of gravity?,What is the source of gravity?,1
What is the role of the European Central Bank?,What are the functions of central banks?,0
Why do some girls in India wear a black thread around their ankle?,Why do people wear a black or a red thread around the waist?,0
Why are so many Tamilians supporting Jallikattu ?,"Why can't bulls be used for mating purposes only, if Jallikattu is banned?",0
After doing MCA should I work as help desk?,What is the scientific name of this plant?,0
How do I change the default font for composing emails in Windows 10 Mail app?,How do you change fonts in Windows 10?,0
Covert Operations: Is there anything secret about the Indian military?,Which are the world's top 10 covert operations?,0
How many planets are there in the solar system?,How many asteroids are in the solar system?,0
What is the procedure to transport a motorcycle by train in Indian Railways?,How do you transport a motorcycle via train?,1
Slavery: How many people in the US are descended from slave owners?,"In the US, how many Black Americans are descendants of slaves, relative to those who are Afro-Carribbean or African etc?",0
What are some chemical properties of nonpolar covalent bonds?,Bliding in pregnancy?,0
What are some amazing facts about the Indian Railways?,What are some amazing facts about Indian Railways compared to foreign railways?,1
"What are Arab stereotypes about the Chinese, Japanese and Koreans?","Who are some famous figures of mixed Korean, Japanese, and/or Chinese descent?",0
What are the best gas station cigars?,What gas station has the best bathroom on Highway 5?,0
"""I sent a message on messenger, and it says """"sent"""" it wont deliver. They've been online and it still says """"sent"""" Does this mean they didnt get the message?""","I messaged someone on Facebook messenger and it just says sent, not delivered. We're not friends on Facebook if that makes a difference. Will they get my message?",0
What are some tips on reading books faster?,What are some tips to read books faster?,1
Where can I donate my blood to needed person In noida ?,Can blood from the same blood group from an Asian person be donated to a Caucasian person?,0
How can you get rid of stretch marks created by losing weight?,How can we remove stretch marks from stomach?,1
Why endoscopy is done?,What is endoscopy?,0
Is graphology a reliable method or a pseudoscience?,Is graphology a science? Is it possible to understand the past and character of a person using graphology?,0
What is the fastest way to lose weight successfully?,How can I lose my weight quickly ?,1
How many MB's do I waste while watching a 40-minute episode of The Flash?,"What is a TV show that hooks the viewer from the first episode, a show which many have not watched?",0
Cat minimum percentage required in gradudation to get a call from iim?,What is differce between inter religion and intra religion?,0
Is there good scope after completing AMIE?,What is the scope of Pharm.D. in the US after completion of the course in India?,0
Can I make my answers anonymous on Quora?,How can I write an anonymous answer on Quora?,1
Should I become a percussionist?,What is a percussionist?,0
How can I overcome social anxiety?,How do I overcome social anxiety?,1
Does using apple cider vinegar for weight loss cause any side effects?,How do I use apple cider vinegar to lose weight?,0
What's the most effective way to bribe bouncers at night clubs?,Is it weird to go to a night club alone?,0
Forgot my Facebook password and email password. How can I log into Facebook?,I forgot my Facebook email and password how can I log in?,1
What is rooting of mobile?,What is root mobile?,1
What are the most interesting products and innovations that Boston Beer is coming out with in 2016?,What are the most interesting products and innovations that Boston Scientific is coming out with in 2016?,0
What is the best laser tattoo removal place in Delhi?,What is the best tattoo removal equipment available today?,0
What happens with a past curfew ticket in court?,Why do people think that the officer will not show up to court for a speeding ticket?,0
How can I get an internship at IISc?,How can I get an internship in iisc?,1
What are some good and affordable paying guest accommodations in Mumbai?,"In Mumbai where can I get an affordable rate for rent as paying guest with all facility like AC, WiFi, cupboard, attach bathroom etc?",0
Does Riak support Apache Spark?,How can handle Apache Spark distributed data?,0
How does the online invoicing software work?,What are the benefits of the online invoice software?,0
How do I join the Indian Navy after Engineering?,What do you have to do to join the Indian Navy after engineering?,1
Why doesn't Quora support emoji?,Why does Quora not have Emoji's?,1
When will Quora support multiple languages?,Will Quora use other languages?,1
Is spring or fall (autumn) the best time to visit Japan?,Visiting and Travel: What are the best reasons to stay away from Japan?,0
What are the most expensive Yu-Gi-Oh cards?,What are the most expensive Yugioh cards?,1
Can any country (like China) ever sustain long term growth without innovating and just copying successful American companies? We shouldn't follow them?,"""Zynga (company): Did Mark Pincus ever say to an employee """"I don't fucking want innovation, you're not smarter than your competitor. Just copy what they do and do it until you get their numbers,"""" or anything similar?""",0
Politics: What is Hasbara?,What is it like to work as a Hasbara employee?,0
"What would be the top 10% bay area salary for PhD with 7 years experience, in different technical fields?","For an IITian, is 135k in SF Bay area a below market salary? I am a software engineer with 10 yrs experience.",0
What is the scope of an MBA in operational management correspondence learning?,What is the scope in doing MBA from operations management?,1
My girlfriend is 39 years old and had sex with over 100 men should I be concerned?,What disqualifies you from joining the coast guard?,0
How do identify antibiotic medicine to a comman man?,Will exit polls for every state be released before any official election result?,0
"If I jump rope for five minutes, how many calories will I use?",What's the best way to jump rope?,0
Why are brain cells similar to the universe? Is it just a coincidence or is there any significance in this similarity?,Does the adult human brain create new brain cells?,0
How can I improve my English speaking ability?,How can improve my English speaking?,1
What is the easiest way to earn money from online?,How can I earn money online from home only?,1
How can the far reaches of the unobservable universe be expanding at faster than the speed of light?,Is expansion of universe faster than the speed of light?,1
What is the difference between 多少 and 几 in Mandarin Chinese?,What is the difference between Chinese and Mandarin?,0
What has Barack Obama done that gets so many people angry?,Do some people really believe that Barack Obama is the antichrist?,0
Which is the best place to start bharatanatyam dance learning in Pune?,I am an iOS/Android app developer with 2 years of solid experience. What are the best ways to monetize my skills part time?,0
Why was the Wild West called the Wild West?,What is the origin of the phrase 'Wild Wild West'?,0
Scope after bsc maths from DU?,Is it possible to connect the reward centre of our brain to logic?,0
What are the important topics to be prepared for the CAT?,What are the important topics for CAT?,1
How can one become a proofreader or an editor for books?,How does one get a job as a film editor?,0
What would be an excellent book about motivation?,What are the best inspirational books that you ever read? And how were they inspiring?,0
Which was the religion followed in Western nations before the arrival of Christianity?,Which religion did the Western world follow before Christianity?,1
How do I get invitations to the show 'Comedy Nights with Kapils'?,How can I see the Comedy Nights with Kapil live show?,0
Why does Quora prevent me from asking anonymous questions?,Why am I blocked from asking anonymous questions on Quora?,1
What conditions cause you to refrain from filling out online registration forms at sites?,Why do patients have to fill out the registration forms when they don't know how to answer the questions?,0
Metallica (band): Why do people consider Lars Ulrich a bad drummer?,Which band other than Metallica exploited the E minor chord?,0
How do I speak English properly and confidently?,How do I speak fluent English with confidence?,1
What are some interesting areas of communications that I could do undergraduate honors thesis in?,What are some interesting areas of sociology that I could do undergraduate honors thesis in?,0
How should I deal with my ex-GF who is threatening to file a false case against me if I don't accept his BF in my company?,If a police officer threatens you to file a false case against you can a voice recording of the incident be used in court?,0
"What's the difference between gyros, shawarma, döner & kebab?",What is the difference between Kebab and Tikka?,0
"""What real-world mythology were the Seven Gods of Chaos from the """"Hellboy"""" movie based?""","What are some famous, surprising movies that were based on the real stories?",0
Which one is a better place to study an engineering: in HKUST or in India?,What should everyone know about engineering in India?,0
Which are the best NMAT coaching institutes in Mumbai?,Which is the best IIT coaching institute in Mumbai?,0
What is the difference between demonetization in India and Venezuela?,What is the time difference between India and America?,0
What is the meaning of eye symbolism in Satanism?,"""Is the illuminati symbol (the """"all-seeing eye"""" inside of a pyramid) satanic?""",0
What do you do if you have diarrhea when you're 25 weeks pregnant?,What do you do if you have diarrhea when you're 39 weeks pregnant?,0
Is world War 3 currently happening?,Has the third world war started?,1
Is it normal to fall out of love?,How do I fall out of love with someone?,1
How do I gain confidence?,What is the best way to gain confidence in everything you do?,0
"Women, would you date or feel attracted by a man who is shorter than you?","As a female, would you date a man who is shorter than you?",1
How can I stop feeling so inferior to others?,How do you stop the feeling of inferiority?,1
"What are the laws of getting a green card due to marriage in US, how do they compare to the green card laws in Canada?","What are the laws of getting a green card due to marriage in US, how do they compare to the green card laws in Japan?",0
How would scrapping Rs 500 and 1000 notes affect the real estate sector?,How does the declaration that Rs 500 and Rs 1000 notes would not be accepted as valid transactions affect real estate in India?,1
Can eating boiled egg or omelette cause bird flu?,"Can flu cause depression, and if so, how?",0
What do architects do?,What does a c++ architect do?,0
Is nihilism a self-defeating philosophy?,How do you (anyone) justify Nihilism?,0
Why isnt OF2 an oxide?,Why isn't OF2 an Oxide?,1
Was Shiva the first prophet of Islam?,How many prophets of Islam were there?,0
Which is the best place for engraving glasses?,Which is the best place for engraved glasses?,1
What is crimping compression lugs and how it is useful?,What is crimping compression lugs?,1
Where do you see yourself in next 20-30 years from now? Do you believe that you will be there?,Can you predict your life 20 years ahead of now?,0
What is the easiest time of day to go to the gym?,What is the best time to go to a gym daily?,0
Can a person donate blood after getting a tattoo?,Why can't people with tattoos donate blood?,0
Who should be the hero of your life?,Who is the hero in your world?,0
Should I learn Emacs or Vim?,Are there more Emacs or Vim users?,0
What are the best aspects of working at First Financial Bank?,What are the best aspects of working at First Financial?,0
I'm studying 1st year mechanical engineering in a private college. Should I try to clear JEE Mains?,What's the best way I can try my hand at sales for the 1st time while studying engineering in college?,0
Are there any hidden costs in the zero brokerage office search service provided by LeaseKey (leasekey.com) in gurgaon/NCR?,Are there any hidden costs in the zero brokerage warehouse search service provided by LeaseKey (leasekey.com) in Gurgaon/NCR?,0
If I am going to marry a girl should I ask her about her virginity?(asking her about it before marriage and i am a virgin),"While going for a marriage, is it wrong to ask a girl about her virginity?",0
Is ionic equilibrium hard for JEE?,100 billlion eagles attack an American Fort from all directions. Would the Fort lose?,0
How can I book 4 tatkal tickets?,How do I book a tatkal ticket for sure?,0
Why am I bad at maths?,Why am I so bad at Maths?,1
"In 'The Scarlet Letter', why was Chillingworth called a leech?",What is a series of books called?,0
How do lose weight with healthy way?,What are some ways to lose weight fast?,1
What is the worst start up business idea that you have ever heard?,What is the worst possible business idea you have heard of or seen?,1
What is chronic fatigue syndrome?,How is Chronic Fatigue Syndrome treated?,0
What do psychology studies say is the ideal height for women to have in terms of physical attractiveness?,What is the ideal height for a man to have — in terms of being happy with his own height?,0
How will the health sector and insurance sector in India after banning 500 and 1000 rupee notes?,Will the ban on 1000 and 500 rupee notes affect the UP and Punjab election?,0
How can I lose weight safely?,What can I do to lose 20 pounds?,1
How do I become Subdivisional Magistrate through UPSC or State psc? Do all state conduct exam for SDM selection?,How can I become subdivisional magistrate through UPSC or state psc? Do all state conduct exam for SDM selection?,1
Which is the most important thing in life?,What is the most important thing in life? And why?,1
What’s your creative process?,How has technology altered your creative process?,0
How can I transfer money from one bank to another?,Where do Indians waste most of their money?,0
What's the difference between earthing and grounding?,What is difference between earthing and grounding?,1
Which African country got independence last? Why?,How did china got their independence?,0
Why does Ernest W Adams disable comments?,Why does Ernest W. Adams always disable comments?,1
What would be your New Year resolutions for 2017?,What are some of your New Year's resolutions for 2015?,0
What causes people to commit suicide?,What causes the mind to generate the idea of committing suicide?,1
Is RPG-7 still a viable anti-tank weapon with the development of new tank technology?,How effective would an RPG-7 have been against WWII era tanks?,0
How can I raise my self esteem?,How do I raise my confidence level?,1
How would you define your perfect partner?,How do you define perfection?,0
How does it feel to be a refugee?,Where do the most dangerous fish live?,0
Why do wealthy Americans tend to vote Democratic?,What causes American votes to tend to go back and forth in voting Republicans and Democrats?,0
Should you treat people fairly?,Why should you treat people fairly?,1
What is it like to have a Punjabi girlfriend?,What it's like to have a Punjabi girlfriend?,1
I had sex on the 17th day from my period. I have a menstrual cycle of 28 days. What are the chances of getting pregnant? How can I prevent myself from getting pregnant after 7 days?,Is there chance to get pregnant on the 14th day after your period?,0
What is a good prank lyric text to text to a friend?,What song would be great to do a lyric prank on your best friend?,1
What is the best poetry you have ever read?,What are some of the best poetry writing that you have read?,1
Who is PETA & why are they so keen in stopping jallikattu?,What are the jobs for MBA grads in PETA India?,0
What are great movies to watch in 2016 and why?,What are the top 10 movies of 2016 (any genre)?,1
Why was Friends (the TV show) so successful?,What is the TV show Friend Korner about?,0
Why should I buy the Tesla model 3?,Why shouldn't I buy Tesla Model S?,0
How do the best Super Smash Bros. players practice?,How do the best Super Smash Bros. Melee players practice?,0
"If I have glasses with a high prescription, which glass will de-emphasize the strange look you get from high prescription lenses?",Is the difference between glasses with prescription lenses and glasses with plain glass lenses readily noticeable?,0
How do you stop missing someone?,How would I stop missing someone too special?,1
Who is a better Person for office Hillary of Donald?,Who is better among Hillary Clinton and Donald Trump?,1
What is it like to be in a mental hospital?,What would it be like in a mental hospital? What kind of things would happen?,1
Is France safe to visit?,How safe is it to visit France now?,0
Why doesn't anal sex feel pleasurable to me?,My boyfriend wants to have anal sex with me; will it hurt or feel good?,0
How can I control my bad feelings and emotions?,How can I control my emotions?,1
What are some examples of unique skills that are worthwhile to posses?,Why is Pakistan not returning land east of the Durand Line to Afghanistan as per the 1893 treaty?,0
How do you do a tête de mouton hairstyle?,How do I describe this hairstyle?,0
I want to start selling digital art I made in Photoshop. How can I make sure the colors come out how they look on screen & high resolution?,I have around 800 screenshots of resolution (320x480) in a folder. I want to cut out top 25 pixels from each of them and make them of resolution (320x455). How can I do this using a Photoshop script or any other automated procedure?,0
What European medical schools are recognised by the GMC in Britain?,How old is too old to start medical school?,0
What does it take to create a social media android app?,How would I start a social media app?,1
What is tetanus shot?,When should you have a tetanus shot?,0
How did Donald Trump become president?,Why did American people elect Donald Trump as their president?,1
Is transmission fluid the same as power steering fluid?,What is the best transmission fluid for a Dodge?,0
What are some unusual tips for weight loss that worked for you?,What are some weight loss tips that actually work?,1
What are abiotic resources? What are some examples?,What are some examples of abiotic resources?,1
Has there ever actually been an international Jewish conspiracy?,Has the international Jewish conspiracy been disproven? Or is it real?,1
"Clinton’s confidant, James Carville, says that the FBI is now in cahoots with the KGB to sink Hillary's election. Can this be true?",Why do people think Hillary Clinton's FBI investigation was rigged?,0
Is Mexico in danger of becoming a failed state or at the brink of civil war? (2017),Is America heading towards another revolution or civil war?,0
Why is the iPhone 6s so expensive?,Why is the iPhone 6 so expensive?,1
What's the difference between a guy saying sweetheart/honey and things like babe/baby?,What does it mean if your guy friend (who likes you) calls you babe?,0
"What was the significance of the battle of Somme, and how did this battle compare and contrast to the Battle of Nanshan?","What was the significance of the battle of Somme, and how did this battle compare and contrast to the Battle of Singapore?",1
How do I remove pimple spots on my face?,How can I get rid of my acne?,0
How do I reverse a linked list in C?,How do you reverse a linked list?,0
How do I repair my relationship after I cheated?,How can you repair your relationship after you cheated?,0
Should the Indian education system be changed?,How can the Indian education system be changed?,0
What can I do to get an interview at Google?,What is the best way to get an interview with Google?,1
How are the campaigns in Age of Empires II: Forgotten Empires different from those in Age of Empires II?,What is the best attacking civilization in Age of Empires II?,0
"Chess: Who was better, Fischer or Kasparov?","Which is a better game, chess or checkers?",0
"I gained knowledge about human psychology, but got set back in my career development. Was this a waste of time?","I have been working for close to 2 years in a software MNC. I was in the development team. Somehow 2 months back I was transferred to QA domain. Initially it was a great boredom, but I have started enjoying my work as of now as a QA. I am really confused should I choose QA or dev as career ahead?",0
What is the best tool for photo editing?,What is the best software for photo editing?,1
Do you use sex toys?,What is Jio welcome offer?,0
What happens when you mix sodium chloride and barium nitrate?,What happens when silver nitrate is mixed with barium chloride?,0
Is the Nissan Skyline GTR illegal in the U.S.?,In what U.S. states are HID lights illegal and why?,0
Why does Islam spread more widely than any other religion in the world today?,What made Islam spread around the world faster than any other religion?,1
When and how to start preparation for cat if I am in 2 year b.tech?,Why am I alienating all my friends?,0
Why did the old imperialism was practiced?,What is old imperialism?,0
What are some of the effects of education can you find on a society?,What are the effects of education on society?,1
What is Arash known for?,"""Is this statement in c++ logically right """"cin>> int c;""""?""",0
What is the application of RLC Circuit?,How can I find the time constant of an RLC circuit?,0
How can I get money easily?,Live: How can I earn money easily?,1
Why do I get severe cramps during my menstrual period sometimes?,Why do you get cramps when you get your menstrual period?,1
What are some uses for a lathe machine?,What is a lathe machine?,0
What are some of the unknown facts about Virat Kohli?,What are some of the best stories about Virat Kohli?,0
Why do I always feel like something stuck in my throat?,Why do I always feel like something is stuck in my throat?,1
Does a product manager need engineering experience?,I come from a Technical background. Can I land a job as a Product Manager?,0
How do I know what to salvage from my old PC?,How do I know what is worth salvaging from my old PC?,1
"What according to you, is the meaning of life?",What is the sense of life?,1
Why would you recommend a novice real estate Investor get their real estate license?,Why should a novice real estate investor get a real estate license?,0
Is it possible to use 4G sim in 3G phone?,"Will the Airtel 4g SIM card work in 2G phones? If not, will it at least work in 3G phones?",0
"Who would a big IT company like Google, Microsoft, or Amazon prefer hiring, a Btech + MBA student or a Btech + Mtech/MS student?",Which company hires executive mba students?,0
How do I study faster and more efficiently?,How we can study faster?,1
How should I start my preparation for GRE?,"""""""How to start """" preparing for GRE?""",1
How do I deal with being sick over Christmas?,How can I fake being sick?,0
How do I become successful in life?,How do I get success in life?,1
Why is it impossible for physicists to understand in a double slit experiment it is the dark matter that waves?,Is there evidence of the dark matter every time a double slit experiment is performed? Is the dark matter what waves?,1
Which is the best Business starting from $200?,What small scale business can I start with just $200?,1
Are there any conspiracy theories that are probably true? Any conspiracy theories that turned out to be true?,What conspiracy theories have been proven?,1
Where does photosynthesis occur in plant?,Why are humans not capable of photosynthesis?,0
How dangerous is that weight loss surgery?,Is weight loss surgery safe?,1
How could we improve education in Thailand?,How can we improve education in Thailand?,1
How do people with very few views become Top Writers on Quora?,How are top writers selected by Quora?,1
How do I get webdesign projects?,How do I forgein projects in webdesigning?,0
What is the Ace Elite prepaid card routing number?,How do I get the routing number to my ACE elite account?,1
What are some whatspp hacks?,What are some hacking hacks?,0
How sure you are of your parenting?,How can I be sure?,0
How many total centuries will Virat Kohli score before he retires from cricket?,How was Virat Kohli introduced to cricket?,0
Why do autistic people have difficulty with understanding sarcasm?,Why don't autistic people and aspies understand sarcasm?,1
"If our eye was a camera, how would you describe it?",How would you describe the human eye if it was a DSLR camera?,0
What is the Cold Chain Movement?,What is cold chain?,0
Does an MBA from IIM ABC or ISB increase your chance of being successful in life?,I have been working with a state run bank for past 6+ years. I also have an MBA degree in (e-business). Does it makes sense to go for full time one year mba from IIM or ISB?,0
What has Russian media been reporting recently?,What is unbiased news reporting?,0
What do we learn from the Bible about the anger of God?,What do we learn from the Bible about the anger of man?,0
Who would win a war between Vietnam and India?,Who would win a war between Vietnam and Thailand?,0
What is the technology stack used at instagram?,What is Tumblr's technology stack?,0
What is the best Online Development bootcamp?,What is best online coding bootcamp 2016?,1
What do Indians think about Mahatma Gandhi?,Indians: How much do you like Mahatma Gandhi?,1
How did Donald Trump win your vote?,Why did American people elect Donald Trump as their president?,1
How can a hacker/programmer make lots of illegal money in a few days?,Distribution of Wealth: Can the poor be handed out lots of money to make them rich?,0
What does the Indian Ocean floor look like?,What does the floor of Atlantic Ocean look like?,0
What's the cheapest way to ship a large package to Europe from the US?,What is the cheapest way to ship books from India to germany?,0
How physically demanding is dog sledding? What does the sport actually entail? What is actually required?,Why do dog sled mushers not sleep with their dogs in extreme conditions?,0
"Who is most likely to be President of the United States on January 20th, 2017?",Who will be president of the united states?,1
What are the main differences between hydraulic and pneumatic? Why are hydraulics more widely used?,Why are air compressors used in bore wells? Why are hydraulics not used?,0
"If some companies drug test employees for menial jobs, why isn't the US Congress and Senate being drug tested randomly with the results publicized?",Should Members of Congress undergo random drug testing?,0
"How can I physically attract very world class, successful and wealthy women?","How can I approach and entice highly intelligent, successful, wealthy people I admire to join my nonprofit's cause?",0
How can I improve my English writing skills by myself?,How can I improve my English vocabulary and writing skills?,1
How do you go about writing a novel?,What are some good tips for writing a novel?,1
How can I love a girl?,How do I get over a girl I love?,0
"""New Jersey is mocked as being """"the armpit of America."""" Is this mockery deserved? Why or why not? Is New Jersey ugly?""",When is it going to start to be warm in New Jersey?,0
I have got a rank of 13K in the Telangana EAMCET. In which college can I expect a seat?,"I got 1696 in the AP EAMCET, and I belong to the OU Region Engineering College. My OU rank is 625. Can I expect a seat in AP?",0
Should India also adopt a one child policy like China?,China recently claimed that its one child policy was a success. Should India also adopt a one child policy? And does such a policy violate human rights in any manner?,1
What if India bans import of all Chinese products?,Why India is not baning import of China made product?,1
I love boy who younger then me 4year?,Where can I get professional air conditioning installation service in Turramurra?,0
"As Godzilla has been designated a protector of mankind, in the 2014 film, should Kong be made a villain?",Has there ever been a series of films as scary as The Omen and it's sequels?,0
What can I learn in 5 min?,What can I learn in 2 mins?,0
What set of exercises will burn belly fat in a month?,What are some exercises to decrease belly fat?,1
What is your favorite ost from Ashita no Joe?,How do I input end to end encryption on my Android phone?,0
How are databases used?,Why are databases used?,0
If a phone is in Airplane Mode will alarms still work?,"If I turn my phone on Airplane Mode, will I receive any SMS messages that were sent to me, when I turn it back on?",0
How does it feel to have sex?,What does vaginal sex feel like?,1
What are some great suggestions to gift my girlfriend for her birthday?,What would be the best gift for my girlfriend on her birthday?,1
What are some tips for starting a WordPress blog?,How do I start a WordPress blog?,1
Why do people ask questions on Quora that can easily be answered by Google?,Why do people ask questions on Quora that are easily answerable via a quick internet search?,1
Why is Dark Souls 2 considered the weakest of the series by so many players?,"I get easily offended and end up fighting, and realising that Iater I regret. How do I overcome this?",0
What is the ideal salary rate a person needs to earn in order to live in New York City?,How much money do I need to move to New York City?,1
Why Filipinos are so proud of themselves? =/,Why are Filipinos so proud?,0
What's the difference between a soft tail and hard tail motorcycle?,Where is the headlight switch located on a non-U.S. motorcycle?,0
How much does an indian cost guard assistant commander earn in a month?,How much Indian coast guard assistant commandant makes in a month?,1
Where can I buy a fake driver's license online ?,Where can I buy a fake driver's license online?,1
"If we send humans to Proxima Centauri for exploration, what is an effective way for each generation to stay on mission through the 18000 year journey?",What would be a good script for a movie that could scientifically motivate an entire generation to explore ecology and stewardship for the Earth in new ways?,0
Which is the best commerce college for M.Com in Madhya Pradesh?,Which is the best commerce college for B.Com in Madhya Pradesh?,0
What are some inspirational books for students?,Which are the most inspirational books for students?,1
"""What is the first letter of a five letter word meaning """"fake"""" or """"not genuine""""?""",Which word has 100 letters?,0
What happened to ibeatyou.com?,What happened to Dragonballx.com?,0
How did Genevieve Goings meet her husband?,I'm going to meet my girlfriend after a long time. What should I gift her that can bring a smile on her face?,0
Advertising and promotion for fashion product?,What if I don't wear retainers? My teeth were hardly crooked before braces. I don't want to wear the retainer.,0
What subtle signs did you first notice when your antidepressant started working?,What positive things did you notice when your antidepressant started working?,1
What would happen to me if I was holding a (metal) fork and stuck it into a standard wall outlet? What would I feel?,What would happen if I plugged a wall socket into itself?,0
Where is the best place to buy International Business Class Air Tickets?,Where can I get best deals and offer for international air tickets?,0
What would be the best way of studying organic chemistry?,What is the best way to study organic chemistry?,1
How genuine were the business leaders and celebrities in their criticism of Trump prior to his election victory?,"Anyone has an idea about samsung J5570 tv model? Confused between buying this samsung tv worth almost 50k or a cheaper micromax, Vu etc?",0
What are some ways to get rich?,How can I get very rich?,1
How many satellites has Pakistan launched?,Can we develop a plane to launch a Satellite?,0
How much of a difference to the orchestra does the conductor make?,Do orchestras need a conductor?,0
How do I control one emotion after triumph?,How did you forgive someone who hurt you very deeply?,0
"""What exactly """"PACKAGING"""" is all about?""",What is helwett packaging?,0
Who is considered the greatest leader in the world history?,Who is considered as greatest leader in history?,1
How can I tell my crush I like her?,Should I tell my crush I like her?,0
What should you do when eating has become maybe only joy in life?,Why do grown adults say that you could do what you truly want in life only when you are young?,0
What is the coefficient of [math]x^n[/math] in [math](1 + x + 2 x^2 + 3 x^3 + \dots + n x^n)^n[/math]?,What is the value of [math]1! + 2! + 3! + \dots + 100![/math]?,0
Is Python case sensitive or case insensitive?,Is PHP case sensitive or case insensitive?,0
How does it feel being single even at 22?,How does it feel not having a boyfriend/girlfriend?,0
Is it necessary to purchase the new (latest) edition of the GRE book or can I continue with the 2010 (Kaplan) version available to me?,Where can I get latest edition CIA exam review PDF?,0
What should be the first programming language learned to develop games?,What programming languages/softwares do I need to learn to design games?,1
How does GLONASS compare to GPS?,"Which is better, GLONASS or GPS?",1
Can I get out of my lease for a manufacturer's recall?,Can I get out of my car lease for a manufacturer's recall defect?,1
What’s your biggest regret in life?,What's your biggest regret in life?,1
Why do so many people ask questions on Quora instead of searching the answers on Wikipedia?,Why do people ask basic questions instead of searching them?,1
How do I improve my reading speed?,What is the best way to improve reading speed?,1
Why do some cars have their engines at the front trunk while others at the rear trunk?,Can I change a front wheel car into a rear wheel drive?,0
What is the difference between intrapersonal and interpersonal conflict?,How can I silence my thoughts?,0
"What is the worst book ever written, but famous?",What is the worst book ever written and published?,0
How can I prepare for bank jobs?,What kind of exams are conducted for bank jobs and when? How do I prepare for it?,0
What company provides the best SEO services in India?,Which is the best SEO services company in India?,1
What are exothermic reactions? What are some examples?,What are exothermic reactions? What are their uses?,0
"Are phosphorus, locomotive, gas, and incult brands related to garments?",How some of the original branded garments can be seen selling around the narrow street shops at much subsided prices in big cities?,0
What are the secrets behind the Gold Rush TV show?,"How many camera men are killed annually filming reality TV shows like deadliest catch, ax men, gold rush, etc.?",0
Why are shortstops so often right-handed instead of left-handed?,"By changing a left-handed person to right-handed, will there be change in their character?",0
Is it fair to say that David Shaw created D.E. Shaw just so he could make enough money to fund his research interests?,What do Jimmy Wales and David E. Shaw think of each other?,0
How can I record sound from headphones?,How would I directly record the sound from my headphones?,1
After completing bachelors in telecommunication engineering what can we study at masters level in engineering except telecom engg.?,I study telecommunication engineering. What skills do I need to have before completing college?,0
How do I stop my American Staffy/Kelpie mix from biting my stuff?,How do I stop my dogs from biting my stuff?,1
How often can I take steam on face in summer season? I have acne prone skin.?,Why is witch hazel so good for acne prone skin?,0
What are the factors that affect prices of gold and silver in the commodity market? What does it have to do with the depreciation or appreciation of the rupee?,Commodities: What factors affect the price of copper?,0
What are the differences between WBS and MBS?,How different is the role of financial controller and CFO?,0
What social media strategy would give the best results?,What is the best slideshare presentation on social media strategy?,0
Which PLC is most commonly used?,What are the most commonly used PLC's in industries.?,0
The remote device or resource won't accept the connection problem in Windows 8.1. How do I solve this problem?,Why do some apps not connect on windows 8.1?,0
Why is Yahoo not working? How can this be fixed?,Why is the Yahoo homepage not working? How can I fix it?,1
Why do people ask questions on Quora while They can get all the answers by Googling?,Why do so many people on Quora ask stupid questions they could find answers to if they spent less than 5 minutes on a search engines?,1
How do German kids feel when they learn about what Hitler did in WWII?,How do Germans treat their WWII vets?,0
What are the best ways of Investments for beginners?,What are good ways to invest as a beginner?,0
What is the biggest lesson that life has taught you?,What is the best lesson that life has taught you?,1
What are typical commission ranges for referral partners for Enterprise B2B SaaS?,What are some specific examples of customer referral programs at large and more enterprise SaaS companies?,0
What should be done to cure the intestinal swelling?,What are symptoms of intestinal swelling?,0
What should I talk about when I hang out for the first time with a girl?,What is the best way to impress a girl?,0
What should I do at the age of 14?,What should I do at age 15?,1
What are some of the best business ideas in India?,What are the best business ideas for rural India?,0
‘It is only knowledge produced with difficulty that we truly value.’ To what extent do you agree with this statement?,“It is only knowledge produced with difficulty that we truly value.” To what extent do you agree with this statement? Address two areas of knowledge,1
Who won final debate?,Who won the third Trump-Clinton debate?,1
What is the regression coefficient?,What are partial regression coefficients?,0
"If President Donald Trump is a narcissist, then what is the personality of Melania?",What do you think Melania Trump really thinks of Donald?,0
How do I uncover my landing pages?,What is an HVAC system?,0
How do I increase the vocabulary?,How can I increase English vocabulary?,1
Why is it recommended that new mobile phones be charged 8 hours before use?,Why is my mobile phone charging very slowly?,0
What are some things humans are born knowing how to do?,Why are humans forced to do things?,0
"What is the difference in quality between: BD, HD, 720p and 1080p?",How High-Definition (720p or 1080p) prints are uploaded using torrents over the internet?,0
How do I get admitted in university of VASSA in masters of electronics?,Can I get admitted to University of Alberta?,0
Has Quora deleted the Anonymous feature?,Why can't I ask a question anonymously?,0
"""Why does Quora do this """"marked as needing improvement?""",Do people see questions that are marked as needing improvement?,1
What are the top IT companies who use .NET framework?,How do I write a program into the .NET framework that can be used for a program language under .NET?,0
How can I get free uk number to get Google text?,English essay global warming?,0
How often do porn stars actually have an orgasm on camera?,Do porn stars actually like what they do?,0
What is the difference between scp and rsync?,"How are BSD, Unix, and Linux different?",0
Where is the best place to get a full body massage in Singapore?,Where can you get a real Thai massage in Singapore?,0
What are some good mortgage brokers in Texas?,What are the top 3 mortgage brokers?,0
Which are the best Hollywood comedy movies that won no Oscar?,Which are the best Hollywood comedy movies?,0
What does a civil engineer do?,What is a civil engineering do?,1
What are you going to do now that Trump has won the US presidential election?,"Should I start packing, now that Trump won the presidency?",1
What is the easiest and painless way to commit suicide?,What is the cheapest method to commit suicide?,1
How do people with high IQ think?,What can people with a high IQ do that people of a lower IQ have difficulty with?,0
What is the trick to maintaining long distance relationships?,How does long distance relationship work?,1
How can we improve our emotional intelligence? What are the benefits?,How can I develop emotional intelligence?,1
What is macupdate.com?,What is zombo.com?,0
What's the destiny of PHP?,What is destiny?,0
Where should I invest my money in stock market?,Should I invest all my money on the stock market?,0
Should I let my girlfriend hang out with a guy she slept with while she was dating her ex?,My girlfriend claims she cut off her guy friends (as she made me do the same for my lady friends) but with her ex she told me she would hang out with guys behind his back. I read a text from one of her friends saying he was at her house but she claimed she was going to tell me. Am I getting played too?,0
Online sell commission?,What if a stock market crash happen suddenly right now?,0
How do I record my keyboard?,What is the best way to record a keyboard?,0
What is effective mass?,What is the effect of mass on satellites?,0
Is time travel to 2010 possible?,How is time travel possible?,1
What types of companies are investing heavily in digital marketing?,What types of activities are involved in digital marketing?,1
What are the fees for iOS programming in Hyderabad?,What is it like to do an MBA in colleges that offer the program for a very low fee?,0
"What hotel in Deolo Hills Hill-station would be safe for unmarried couples, without the harassment of police, hotel staff, and moral police?","What hotel in Aritar Hill-station would be safe for unmarried couples, without the harassment of police, hotel staff, and moral police?",0
What country has the highest female to male ratio?,"If there were 105 males for 100 females in every generation, what would the ratio be after 100 generations?",0
How do we make money online?,What's the easiest way to make money online?,1
Why doesn't Craigslist show images on default?,How does Craigslist flag ads based on images?,0
What are the benefits of enrolling in a Duke of Edinburgh award?,Duke of Edinburgh Award Scheme: What do I need to do to prepare for sleeping rough?,0
What are some recommended movies a person should watch?,Are there any good movies to watch?,1
"Can I take multivitamin tablet after eating one apple? As multivitamins are not supposed to take in empty stomach, so I decided to take it with apple.",Can I take Advil on an empty stomach?,0
"What are some examples of Filipino traditions and beliefs, and how do they compare and contrast to those of Mexico?",What are some Filipino traditions?,0
How does one become rich in 2015?,How do I become rich?,1
Why do women put their feet on the dashboard?,How long are your feet?,0
Can you please name an example of historical figures who stills persists and works towards his or her goals in the face of difficulties lying ahead?,"If you were in the middle of an embarrassing scandal, are your friends those who can't resist grinning when they see you or those who just keep a blank face and stare at you?",0
What are some real life examples of Karma?,What are the best instances and examples of karma?,0
"On Amazon, how do you delete your order history?","""How can I get the user's order history using """"Login with Amazon""""?""",0
What are the basic things an electronics engineer should know?,What are some things in engineering everyone should know?,0
How could I use both Ubuntu and Windows in my laptop?,How can I install ubuntu alongside my windows 10 laptop?,1
Which is the best laptop I can buy in india for Rs.25000-30000?,Which can be the best laptop under 30000?,1
How does imbalance cause an unbalanced body to the point where disease is triggered?,What does treating illness symptoms through drugs have to do with medical wisdom for knowing how sickness is cured?,0
How do I get sayhi app promotion code?,What's a good place to find online coupon codes?,0
"When I wake up in the morning daily, my penis is erect and tight. Why does it happens? Does it happen to all the men?",Why do I keep choking in my sleep?,0
What should I do when I feel very lonely?,What should a person do when they are feeling lonely?,1
Is trichloroacetic acid or tribromoacetic acid the stronger acid? Why?,Why HI is stronger acid than HF?,0
"What is the difference between cappuccino, latte and espresso?","What are the main differences between a latte, a cappuccino, a mocha, and a macchiato?",0
Why do Quorans ask questions for which authentic answers are obtainable faster and easier through Google?,Why do people ask stupid questions on Quora that could be easily answered by Google?,1
What are the reasons behind nuclear energy being non-renewable?,Why is nuclear energy considered renewable?,1
How do I chat with a girl?,How do I engage in chat with a girl?,1
What is the most interesting thing that ever happened to you?,What is the most interesting thing that happened to you?,1
Is it weird for two friends of either gender to shower naked together?,Should sisters be showering together?,0
Why can't I copy text from a PDF file?,How do you type text on a PDF file using Adobe Reader?,0
"Should I visit Ubud, Bali during the rainy season?","Is it worth visiting Ubud, Bali during rainy season?",1
"""Is """"The Tale of Princess Kaguya"""" movie considered a Magical Girl?""","""Is """"The Tale of Princess Kaguya"""" considered a Magical girl movie?""",1
Does circumcision has any medical benefits?,What are the benefits of circumcision?,0
What is the best thing about your religion?,What's the most interesting thing about your religion?,0
What exactly is a bank bailout and how do banks end up needing one?,How do you succeed in the collectible toy business?,0
What does the symbol of alpha particle represent?,What does the British lion symbol represent?,0
Why do Muslims don't accept that they are Indians first and why they always talk they are minority and wants special reservations?,Does US actually undermine movement for freedom and democracy by using it as an exuse for warmongering?,0
What is the value of c in terms of a and b if 2^a = 3^b = 6^c?,Is it sinful to be attracted to women that wear sports shoes (sneakers)?,0
Why does smoking make you lose weight?,Can cigarettes make you lose weight? Why or why not?,1
How does the process in which Japanese grow watermelon differ from the process Koreans use?,How does the process in which Japanese grow watermelon differ from the process Greeks use?,0
How do you stop negative self-talk?,How do I stop negative self talk from ruining my academic life?,1
What the purpose of life on earth?,What is the purpose of life? Why are we here?,1
What chemical engineer can do that others can't?,What is chemical engineering?,0
How do we bake cake in microwave oven?,How do I bake cake in microwave?,1
What is a good song to do as a solo on the violin?,What are some good songs with a violin in them?,0
What would nerve endings look like to the naked eye?,Why do the nerves in my eyes jump? How should this be treated?,0
What are some tips on making it through the job interview process at Lexington Realty?,What are some tips on making it through the job interview process at Agree Realty?,0
Does the population of a country affect its development?,How is the population of a nation counted?,0
I want to do suicide? Tell me the painless method for that.,What is the most painless way to commit suicide?,1
What is the best way to meet new people?,What are some of the best ways to meet new people?,1
What do U.S. parents think of Betsy DeVos?,Who is Betsy DeVos?,0
What should I do to become fat within a month?,How can I loss 12 kg weight in 3 month?,0
What is Jimmy Wales's favorite TV show?,Television Series: What is your favorite TV show and why?,0
How will the ban of 500 and 1000 rs notes will affect land prices?,What will be the impact on real estate by banning 500 and 1000 rupee notes from India?,1
How can I get my lost iPhone IMEI number back?,"How do I recover my lost iPhone 4s, using the IMEI number?",1
What are the key differences between edge-triggered and level-triggered interrupts?,If all interrupts are disabled then how will I find out whether the interrupt has been raised or not by using software.?,0
Who was the most powerful sultan in ottoman empire?,History: When was the Ottoman Empire most powerful?,0
How do I become an ambassador?,How do people become ambassadors?,1
What is banned in Iran?,Is secularism banned in Iran?,0
When is the the right time to have sex?,When is it OK or when is the right time to have sex?,1
How can I learn English at home?,How do I learn English at home?,1
What should I do after graduating with a BSC in biotechnology?,What should I do after bsc biotechnology?,1
Do animals have emotions and feelings?,Do animals have emotional intelligence?,1
What are the causes of red itchy bumps on my foot?,Is it true that in Ireland the rent contract expires after 4 years?,0
Could we accept Video games as an art form?,Are video games art? Why or why not? What are good examples?,1
"""Dvija literally means """"twice born"""". Why are the three castes Brahmins, Kshatriyas and Vaishyas included in """"dvija"""" category?""",Are Marathi Kokanstha Brahmins open to inter caste marriages?,0
"In statistics, what is a type 1 and type 2 error?",Does 1/4=2/8 in statistics?,0
Do narcissists end any relationships themselves?,What is it like trying to get a Narcissist to truly see themselves for who they are?,0
Who is Buddha?,What is a Buddha?,0
What is the condition of alcohol ban in Bihar?,Will the alcohol ban in Bihar do any good to the state?,0
What are the most common lies told by a Software Developer?,What are the most common lies told by programmers?,1
How can I remove certain questions/answers from my feed?,Why am I not able to remove Questions/Answers from my feed?,0
Why is alternating current better for long-distance power transmission than direct current?,Why will the current be at the maximum EMF when load power factor is zero in the alternator?,0
Can I live on 300 calories a day to lose weight?,If I lose more calories than I eat will I lose weight If I eat 1000 calories a day?,0
Will the suit ever be replaced as the standard of formal dress?,"""Are """"dress boots"""" considered formal business attire?""",0
How do I find H-1B visa sponsors for 2017?,How can you outsource the process of sponsoring a new H-1B visa?,0
How can I become a race car or F1 driver?,"If I was a billionaire, could I become a Formula 1 driver?",1
Where and how did smoothies originate?,Can I put cough syrup in a smoothie?,0
"What is your opinion of the new James Bond film, Skyfall?",What is the name of that loud song played in the Skyfall movie when Javier Bardem comes to kill Bond in a helicopter?,0
How can I lose weight at age 55?,How do I lose 5 kg weight within 7 days?,1
Why did China oppose India in nsg?,Why China opposes India's NSG membership?,0
How would India Pakistan relations be 50 years from now?,What will India-Pak relationship be like 50 years from now?,1
How do I check Google Chrome history after it was deleted?,How do I retrieve my deleted history from Google chrome?,1
"""Why does my """"@icloud.com"""" email send but not receive mail?""",How do you fix Yahoo Mail that is not receiving email?,0
What are common facial features of Israeli people?,What are common facial features of Arab people?,0
"Really, Everything is happens for the reasons.?",Why do religious people say everything happens for a reason?,1
"Is it possible that everyone else is just an imitation of consciousness, and I am the only real conscious being in existence? What would this imply?",How do you prove that I am not the only person in the Matrix and everyone else is just a computer program?,1
How will I know if I ate chicken that was too raw?,What should I do if my dog ate a chicken bone whole? How harmful is it?,0
How can I make a promo video for free?,How do I make video with Taxt and images online for free?,0
What are your favourite types of dogs and why?,What's your favorite type of dog?,0
How does it feel to know you're going to die in few months?,How does it feel when you know you're going to die in few days?,0
What gaming console to buy in 25k and also a good monitor with it?,What is the scope of getting a job after completing MS in aerospace engeering from Canada?,0
When and how did time begin?,"According to science, how did time begin?",1
What is the weirdest thing you have ever walked in on your child doing?,What is the weirdest or funniest thing you have ever done when your brain wasn't co-operating?,0
What is the average height of Indian man and woman?,Does the average man accept to marry a woman stronger than him?,0
When is surge pricing on Uber generally in effect in Queens and how high does it go?,"When is surge pricing on Uber generally in effect in Portland, OR and how high does it go?",0
Who are the most underrated Indians?,Who is the most underrated Indian P.M.?,0
How to redeem points from app trailers on iPhone?!,How do you redeem points from app trailer?,0
"Why are Actors praised most for a movie, why not the rest of cast too including Producers, Writers, VFX team, Camera crew and Stuntmen?","""Documentaries: In the movie The Act of Killing, why is one of the producers and a number of the camera-men recorded as """"Anonymous"""" in the credits?""",0
What were top 10 local made Filipino movie or drama that foreigners must not miss it?,What are the 10 must see action movies?,0
What are some unexpected things first-time visitors to Maldives notice?,What are some unexpected things first-time visitors to Pakistan notice?,0
How does one use Bootstrap with Angular2 with Typescript?,What's a good JS framework to use instead of Angular2?,0
What are the most followed and most discussed Quora topics till 2016?,What were the most followed topics on Quora in 2016?,1
How do I add a picture to my question on Quora?,How do I insert a picture in Quora?,1
Why isn't DELTA FORCE acknowledged officially?,Why isn't Delta Force officially acknowledged or given recognition for their service?,1
He loves me. Found out he liked someone else. Says he doesn't anymore. Wants to marry me but don't feel like I'm enough for him. Should I forgive him?,"I like my guy friend but he likes someone else who I don't think likes him. He has no idea I like him, but I know he doesn't like me. What do I do?",0
How can you track a person by their cell phone number?,How can you track and identify phone number owners?,1
What are the best earphones under 1k?,Which is the best earphone under 1000 INR?,1
Who are considered the biggest star faculty members at Princeton?,Who are considered the biggest star-faculty members at Stanford?,0
How long does it take to get Xanax out of your system?,How long does a Xanax stay in your system?,0
What can be the best gift for a friend(girl)?,What is the best gift for a best friend (girl)?,1
How do I overcome the feeling of missing someone?,How do you overcome the feeling of missing someone badly who means alot to you?,1
Which are the best SIP to invest in India?,Which Best SIP plan in india for investement purpose?,1
"What will come next in this series 63, 54 61, 94, 18 __?","What comes next in the following sequence: 61, 52, 63, 94, and 46?",0
What are the basic computer tricks that everyone shuld know?,What is the basic computer knowledge that everyone should know?,1
How do the women of The Walking Dead deal with their menstrual cycle?,What are the phases of the menstrual cycle?,0
What is the best way to commit suicide?,What is the easiest way to commite suicide?,1
Can you get high from walking past a room where someone is vaping marijuana?,"If my brother is vaping weed in his room and I walk past his room, will I get high?",1
"I'm 24 years old, is it too late to learn music? How can I know if I'm talented or not?",Is it too late for me to be a programmer if I am already 28 and have no computer science background?,0
What's the difference with UDP implementing the three way handshake and TCP?,How does one decide between TCP and UDP?,0
What are reviews of the Mass Effect tabletop RPG?,What is the last mission in Mass Effect 2?,0
How do you take out time to read?,How do I take out time to read books?,1
Can Anyone plz. tell me the is there trusted unpaid freelancing site?,I am planning to buy a under construction flat in Pune who can I know the property is valid in terms of land etc?,0
Why is Brexit bad for the British Pound given the recent weakness in the Pound (Feb 2016)?,Why is Brexit bad for the British Pound given the pressure on the Pound since Brexit?,1
What will be the impact of recent power shift in BCCI?,Is Lalit Modi the biggest culprit of the BCCI or is he a victim of the internal power game within the BCCI?,0
Do black guys like Asian girls as in Pakistan?,Do Asian girls like black guys?,0
"If the Sun disappeared, would the Earth continue in its orbit for 8½ minutes?","If the sun blew up, how long would it take for the earth to go out of orbit?",0
Is Priyanka Chopra US citizen?,Is priyanka chopra actually famous in the US?,0
Who is the best Call of Duty player in the world? How did they get so good?,How do I get my Call of Duty 4 level back after I reset my PC?,0
How do I study more efficiently on tough subjects?,How do I study faster and more efficiently?,1
How can I make my Quora feed interesting again?,How do I make my Quora feed interesting again?,1
When will the US election results be announced?,When will the results of the European elections be announced?,1
What are the best ways to preserve very old negatives on glass?,What is the best way to preserve old pictures?,0
What is the difference between the cerebral cortex and the cerebrum?,What does the cerebral cortex control?,0
"Why weren't George W. Bush, Dick Cheney and Tony Blair charged with alleged war crimes for invading Iraq?",Are George W. Bush and/or Tony Blair war criminals?,1
Which are the best restaurants/pubs in Hyderabad to watch the IPL matches?,Which is the best restaurant/pub in Hyderabad to watch IPL matches?,0
My mother has brown eyes and my father has blue eyes and yet I have green eyes. How is that possible?,Is it possible for a blue eyed mother and brown eyed father to have a child with blue eyes?,0
What's the most valuable credit or certification I can get by simply passing an exam?,Who will win in England VS Scotland FIFA World Cup qualification (UEFA)?,0
Do you think Kolkata needs a better public library with better infrastructure along with a kids section to encourage reading?,"To wealthy people with kids: if your kids attend(ed) a magnet public school, do you feel as if you're taking undue advantage of something?",0
Are there any college treasure hunt riddles?,I want to host a treasure hunt in my college fest. How can I make it interesting for all the teams participating?,0
Why should Apple buy McLaren?,Why is Apple considering buying carmaker McLaren?,1
"What is it like to attend the International Institute Of Professional Studies, Ranchi for international students?","What is it like to attend the International Institute Of Professional Studies, Ranchi?",0
What are the easier ways to buy goods from china online and get them in Nigeria?,Which of the sellers on aliexpress are ok to buy goods from?,0
What are the final year subjects of MBBS?,What is the subject of practical courses in mbbs 1st year?,0
What documents are required for newly married girl applying for fresh passport in india?,I applied online for a fresh passport. The address I submitted is different than the address mentioned in all of my documents. Is that an issue?,0
What's wrong with my car if I can smell gas while I am driving?,How much gas does a car burn per hour while idling?,0
How can I start to writing a novel?,What is the best way to start writing novels?,1
How can I become the world's richest person?,Who is the richest person in the world?,0
What's the absolute easiest way to commit suicide?,What is the most effective way to suicide?,1
Why do I read sentences over and over again while reading a book and how can I avoid this?,I fall asleep very quickly while reading. What causes this? How can I avoid this?,0
What is the primary demographic difference between Republicans and Democrats?,What's the difference between Republicans and democrats in USA politics?,1
Does charging iPhone from iPad charger affects the battery?,Does charging an iPhone with an iPad charger decrease battery life?,1
What is the craziest thing your girlfriend have done for you?,What is craziest thing your girlfriend did for you?,1
What's the best place for a bachelor party in Mumbai?,What are the best pizza places in Mumbai?,0
"""What's an alternative way of saying you're """"looking forward"""" to talking to/seeing someone in business emails?""",What makes you open an email? What makes you look forward to receiving an email from someone – particularly if they’re a company?,0
How do I enhance my English?,How can I improve fluency in English?,1
What do you think of the move of banning 500 and 1000 rupee notes in India (Nov 2016)?,What do you think about ban on Rs. 500 and Rs. 1000 currency notes?,1
"Does it make sense to study Mathematics at undergraduate level, then MIS in graduate school, and then a second Master’s or PhD in economics?",How many solar panels do I need to produce 1300 kWh?,0
How is the picture of our Milky Way galaxy taken from the outside if we are inside the galaxy?,"What is the most likely death of the Earth? Is it the Milky Way and Andromeda galaxies colliding, or is it the sun dying and expanding?",0
What will be the complete cost and breakdown of water dispenser for 20 ltr from China to India.if its deliver directly to warehouse in India?,What is the significance of drainage gallery in a dam? Where it should be placed in the dam?,0
How can I increase my height I am 5'2 and 13 years old?,Does height increase after 18 years?,1
Why do some people hate atheists?,On what basis do people choose to be atheists?,0
What's the difference between a MILF and a cougar?,How does it feel to be a MILF?,0
Is it possible for a pap smear to delay your period?,What are some useful tips for a beginner Linux user to understand that will help them for the rest of their life?,0
"""Is """"do you go?"""" grammatically correct?""","""Is """"Go You"""" grammatically correct?""",0
How do I add more details to Quora like this site used to?,How can I add more details when I am submitting a question?,1
What was the worst advice you have ever received?,What is the worst advice anybody has given you?,1
Can the president run for two non-consecutive terms?,"If President Obama could have run for a third term, would you have voted for him?",0
Should I write an apology to my ex?,Should I write an apology letter to my ex girlfriend?,1
How could China be a threat to India?,Is China a threat to India?,1
What the type of mosquito that transmits dengue virus to humans? How does it transmits the virus and how can it be prevented?,Are there organisations doing social impact tourism in India?,0
How does your religion influence your life?,How has religion influenced the law?,0
How is the value of 0! 1?,Why and how is 0! =1?,1
What does @ mean as an emoticon?,Emoticons: What does “:/” mean?,0
How will the new currency notes of denomination 500 and 2000 curb black money?,How will issuing of new 2000 Rs notes help curb black money and corruption?,1
Where are the best free Illustrator symbols libraries?,Where's the best place to buy Adobe Illustrator?,0
How can I make my SD card as a default storage for the WhatsApp media?,"I recently bought ASUS Z00VD or ZenFone GO, I tried to set the default storage into my SD card but nothing happen. What should I do?",0
How did God have time to create the universe before time even existed?,Was it possible for God to create the universe if the time did not exist before the big bang? If there was no time before could God be out of time?,1
What's the real story of the 1937 Massacre of Nanjing? I know it turned out bad for China and Japan started it. Why did it get so ugly?,Why did Japanese soldiers commit such atrocities as the Nanjing Massacre?,0
Is Nintendo's Switch worth buying if I have Xbox One?,Should I get the new Xbox One S?,0
How can I improve my English speaking and listening skills?,How can I improve my English speaking skills?,0
"My browser keeps freezing, how can this be fixed?",Why do all my programs keep crashing? How do I fix this?,0
Would you buy a car online?,Would you buy a new car online?,1
Which is better: broadband or wireless internet connection?,Which is the best internet connection? wired or wireless and give reason for your choosed internet connection.,1
Are you attracted to freckles?,Do you find people with freckles attractive?,0
How do l reduce belly fat in one month?,"What are the best ways to reduce and eliminate belly, abdominal, and thigh fat?",0
What are the best comments on a guy's profile picture?,What is the best comment for your crush’s picture?,0
From which year should we start the preparations for GATE?,In which year one should start GATE preparation?,1
What are all the govt jobs for mechanical engineering?,What are the government jobs for a mechanical engineer?,1
Which is the best film industry in India and why?,What are some Indian movies which every Indian must watch?,0
How many singers have or have had a five (5) octave or greater voice range?,What is the normal range of the human voice (in octaves)?,0
Why is carbon dioxide considered a gas?,Why do sodas use carbon dioxide as the carbonating gas?,0
"What is the comparison for the sample complexity in joint probability distribution, naive Bayes and the Bayesian network?",What is normal probability distribution?,0
What are the safety precautions on handling shotguns proposed by the NRA in Florida?,What are the safety precautions on handling shotguns proposed by the NRA in Hawaii?,1
Do the Swiss and belgians hate each other?,What is it like to be lonely your whole life?,0
Why is drug addiction a major issue in panjab?,Jee motivation?,0
What is principle of PMMC?,What is principle?,0
Where is the cheapest place to buy vitamin B-12 near or on University of Washington campus?,Where is the cheapest place to buy vitamin D near or on University of Washington campus?,0
What are the reasons an unmarked car would pull someone over?,Can police stalk me before pulling me over?,0
Is shape of Filipino consciousness is natural?,Is the Filipino consciousness natural?,1
The Flatiron School says they can discontinue their Learn Verified program without owing a refund to participants (learn.co/tos). Is that accurate?,"Trying to decide between Firehose Project, Viking Code School Flex program and Flatiron Learn-Verified? What would be the best choice and why?",0
"""Breast feeding: At what point (when) in history did """"we"""" begin to substitute human milk with animal milk and have any studies been done on this topic?""",Certified Pre-owned 2015 Maserati Ghibli S AWD With 1700 miles for 56k USD in USA. Is it a good Buy?,0
Can prisoners run for president?,Will Charlie Baker run for President?,0
Why don't I want my baby anymore?,Why do I want a baby?,0
My Codeblocks is not finding any error and showing the black console window on build and run. What should I do?,"While installing Windows 10, an error has occured and now it is showing 'please insert Windows disc', and it is not opening. I don't have a Windows disc. What should I do now?",0
What is the best way to get into the Star Wars universe?,What is the best order to watch the Star Wars series?,0
How do I delete someone off Facebook Messenger?,I deleted a friend on Facebook. How can I delete the same person on Messenger?,0
Why do brake discs of bikes have counter bore for bolt head?,Why do fixed gear bikes have no brakes?,0
Where and how did surrealism start? Why did it start?,When did surrealism start?,1
What are the top 20 most unscrupulous and corrupt multi-nation corporations in the world?,R15 for city rides and touring?,0
Has Arnab Goswami rejoined Times now?,Is Arnab Goswami back on Times Now?,1
Why is the Japanese economy still struggling?,What are your views on the Japanese economy?,0
"""Do Australians use the term """"sheila"""" in normal conversation?""","""What does the Australian term """"sheila"""" mean?""",1
Does Quran support triple talaq?,What is triple talaq?,1
What will be the effects of demonitizing 500 and 1000 rupees notes in Indian economy?,What will be the consequences of 500 and 1000 rupee notes banning?,1
Does the Great Firewall of China work?,How effective is the Great Firewall of China?,1
What are some creative ways to introduce oneself (spoken and written) without sounding cheesy or drab?,What are some well thought out or creative ways for the movie industry to capitalize on piracy without using its current legal (or illegal) methods?,0
How do you decide what career is best for you?,How do you decide which career suits you best?,1
What are the best GMAT coaching in Delhi/NCR where I can get all the facilities?,What are some of the best coaching institutes for GMAT in Delhi/NCR?,1
"Is Allah, God only for Muslims?",Why do the Muslims think Allah is a God?,0
How do I get rid off from porn addiction?,What is the most effective way to break a porn addiction?,1
Did King Arthur really exist?,Was King Arthur truly a man?,1
What is difference between a amphibious assault rifle and a assault rifle?,What is the difference between a rifle and an assault rifle?,0
"In India, is calling oneself a Muslim, the same thing as being communal?","Which is better, being a Muslim in US or being a Muslim in India? Why?",0
What is the rate of acceptance into McKinsey's MD Fellow program?,Why does NYUAD have a very low acceptance rate?,0
Where can I download movies for free now?,Where can I download movies for free?,1
How can I improve my writing routine?,What are some ways to improve your writing?,0
Is there some painless way to suicide?,What is the quickest and less painful way to commit suicide?,1
What is the best way to remove hard water stains from clothes?,Can I add vinegar to my clothes washer to remove the hard water stains to the clothes?,0
Did ESPN2 cancel NBA Tonight?,When will NBA lockout end?,0
Can we get admission in iit through tcs?,Is online coaching is better to prepare for neet?,0
"I want to work in the United Nations. However, I know their jobs are hard to get, is there something I can major in that will get me a UN job but still a good job in the meanwhile if I don't get in right away?",How to get to work for the United Nations? What do I study?,0
What do vegetarians think about non-vegetarians?,What do vegans think about non vegetarians?,1
Is prank calling illegal in California?,Why is prank calling illegal?,0
What are Ferrero Rocher chocolates?,What is the best way to eat Ferrero Rocher chocolates?,0
"""Why doesn't the moon orbit from the """"top"""" of the Earth to the """"bottom?""""?""",How many domen in in dear stockings?,0
How easy is it to transfer to a different team in Google in a different country?,How did you get a job at Google or Facebook?,0
What is the process to register a website as press media in India ?,How many of you believe in GOD? If so how spiritual are you?,0
What does it mean if my bone density is 3 times higher than average?,How do I choose curtain?,0
How can earn money quickly?,How could I make money now?,1
"""How can I solve this probability question? """"There are 500 misprints in a book of 500 pages. What's the probability that a given page will contain at most 3 misprints""""?""",What is the probability that the Wiki Game will be possible for any 2 pages within 3 spaces? 5 spaces? An arbitrary number?,0
"""Does Hillary Clinton's 9/11 collapse due to """"overheating"""" raise further health concerns?""","Does Hillary Clinton have health issues we, as voters, should be concerned about?",0
Is it worth upgrading from Nexus 4 to Nexus 5x?,Is it worth to buy Nexus 5X?,0
"Is it easier to live off hunting and fishing in Alaska, Florida, or the Bahamas?",How much warning would we need to avert an extinction-level meteorite?,0
Which are the best questions ever asked in Quora?,Which question should I ask on Quora?,0
What are the best cardio exercises for skinny people that have lower belly fat?,How can I reduce my Belly and tummy fat?,1
Which are some of the best romantic movies?,Which one is the best romantic movie?,1
Can I use VR headset for Moto M?,Is my paragraph too disjointed?,0
How can I find someone who loves me as much as I love them?,How can I find someone who loves me?,0
What are the differences between the GRE and the SAT?,"What are the differences between the GRE, GATE, SAT, and IELTS?",0
Is there a way to see deleted Instagram photos?,How do you see all previous deleted posts on Instagram?,1
Will ww3 ever happen?,How close to WW3 are we?,1
Did Steve Jobs actually invent or was he just a great marketing genius?,Was Steve Jobs really a great inventor or just a good marketing strategist?,1
How to download visual-studio professional 2015 with all features for offline installation?,Do you think Americans should start caring for their online privacy under Trump's ruling?,0
What are the most amusing differences between British English and American English?,What is Google's On-Site interview like for a software engineer?,0
Are conspiracy theories ever true?,What are the best examples of conspiracy theories that turned out to be true?,1
What physically does it mean (current lag voltage in an inductor) and why?,What physically does it mean that current is lagging voltage in an inductor?,1
Why aren't sniper rifles fully automatic?,Can I shift the position of elevator in upper floors?,0
How do I build a focus and work ethic like Elon Musk?,How can I train myself to focus and be work ethic like Elon Musk?,1
What do you think about Modi government banning 500 & 1000 currency note from 9th November?,What do you think about the Indian Government policy of not circulating INR 500 and INR 1000?,1
What is the best thing any one has ever done for you?,What is the best thing someone has ever done for you?,1
How are tissues formed in the circulatory system?,How is the circulatory system structured?,0
Who is Harley Quinn and Joker's daughter and what is her story?,Was Harley Quinn always crazy and eager to fall for someone like the Joker? Why?,0
Is GDP a good measure of economic growth? Why or why not?,What are some limitations of measuring GDP?,0
What are Indonesia's largest industries?,What are the largest issues that Indonesia is currently facing?,0
Do any official copies of the original 1977 version of Star Wars exist?,"In the original unaltered versions of the Star Wars trilogy, when was Anakin first mentioned by name? In ROTJ, on Dagobah? Or before? Had that name already been leaked to fans by then?",0
Who is Donald Trump's base? Why is he popular? Why are people voting for him? Why do people like and support him?,"Why Donald Trump is famous, whereas the people hate him, and what are your foreign policy?",0
"Any advice for having a cat, in terms of dealing with odd (cat's poo smell), in the condo where the air exhaust system is not very powerful?",What is it like to live in UAE as a western expat?,0
What is the best YouTube channel for kids?,Which are the best youtube channels for kids?,1
Is it safe to take castor oil at 37 weeks pregnant?,Is it safe to take castor oil at 35 weeks pregnant?,0
Where is a good place to buy an external hard drive in Romania?,Where in Hungary is a good place to buy external hard drives?,0
Why do fusion reactions release more energy than fission?,Why do fusion nuclear bombs release much more destructive energy than a comparable fission device?,1
"If I hit a car I couldn't see while driving at night because the driver failed to turn the headlights on, who would be at fault?","If a driver opens his car door into the path of an oncoming biker, and the biker hits the door, is the driver legally at fault?",0
How do I pass the 1Z0-425 exam?,What is the best way to pass the 1Z0-430 exam?,0
What are the legal separation laws in PA and how do they compare with the ones in Washington?,What are the legal separation laws in PA and how do they compare with the ones in Oregon?,0
How do I can get more qualitative grapes from grapefruit agriculture?,Why are grapefruits so called if it doesn't look like a grape?,0
What's a good brunch place on the Peninsula?,What is the best place for a Sunday brunch in Mumbai?,0
What are some good and cheap hotels or hostels within walking distance of the train station in Venice?,What are some good and cheap hotels or hostels within walking distance of the train station in Ljubljana?,0
Which character do you think will die in Game of Thrones Season 7? Why?,Which characters do you think will be killed off in Game of Thrones season 6?,0
Will India declare war against Pakistan?,What stops india to declare a war against Pakistan?,1
"What are some of the important misinterpreted, distorted or twisted facts of Indian history?",What are some distorted facts about indian history?,1
How can I improve my communication skill and English proficiency?,How can I improve my English in a very short time?,1
What percentile is required for admission to an IIM?,What is the minimum percentile for any of the IIM?,1
What is like for many poor people in America?,What work is like for many poor people in America?,0
How do i start my TOEFL preparation?,How do I prepare for the toefl exam?,1
What are some tips on making it through the job interview process at Ross Stores?,What are some tips on making it through the job interview process at Stage Stores?,0
Is time travel a paradox in and of itself?,Why is time travel a paradox?,0
What are the major stereotypes people have about British Virgin Islands and to what extent are they true?,What are the hardest adjustments to make when visiting British Virgin Islands?,0
What is the hardest truth you find in your life?,What is the best truth you found in your life?,0
How do I start a stock market?,How do I start trading as a newbie in stock market?,0
Why is the total energy of the universe zero?,Is the total energy of the universe zero?,1
What is an example of judicial power?,My wife fled the country to evade her court obligations. Is there any benefit for me to show up to court in her place?,0
Which is the difference between stock markets and stock exchange?,What is difference between stock market and stock exchange?,1
Why does Shadow the Hedgehog skates instead of running?,What sort of cage should you get for a pet hedgehog?,0
Why is it that the ISIS are targeting France from last two years?,Why are Islamists targeting France so aggressively in recent years?,1
What is your Uber rating?,What's Uber T?,0
Will the iPhone 6 be the most technologically advanced phone on the planet so far?,Is the iPhone 6 safe as far as the SAR is concerned?,0
What should I do if my dog is throwing up yellow/white liquid/foam?,What causes a dog to throw up white liquid?,1
How can you build a online travel marketplace?,How do I build an online travel website?,0
How does it feel to put your fingers inside a girl's vagina?,"If I finger and lick a virgin's vagina, is she still a virgin?",0
How do the Japanese people react when they are mistaken as being Chinese by Westerners?,"Height: Are Chinese people taller than Japanese people? If so, why might this be the case?",0
What the meaning of this all life?,What do you think is the ultimate meaning of life?,1
What should I expect from a fraternity initiation?,What are the pros and cons of joining a Fraternity?,0
Some people breed animals such as dogs for money. How do you feel about that?,Some people breed animals such as dogs for money.How do you feel about that?,1
"If you were granted one wish to come true, what would you wish for?","If you came across a genie who offered to make one of your wishes come true, what would that be?",1
Is it fine to have sex before marriage?,Dating and Relationships in India: Are most Indian females virgins before their marriage? How difficult is it to find a virgin girl to marry in India?,0
How can I decrease the brightness of Nokia Asha 302?,For how much can I sell my Nokia Asha 305 in Mumbai?,0
"If you burned some serious bridges with professors during graduate school, what are the chances that you can mend the burned bridges later on?",What are the most common reasons why academics burn bridges (or have fallouts)?,0
Are Species with tails have superior central nervous system than those without tails?,What is kernel learning?,0
How do I get inspired for studying?,Where can I get inspiration for studying?,1
Who can give me some legal advice on internet payment?,Who can give me some legal AID in internet payment?,0
How do I find/ ask someone to become a mentor?,How do I ask someone to be my mentor?,1
"""How can I mute """"popular on Quora"""" answers from my feed?""",How can I be popular on Quora?,0
Can you find someones Facebook account from an IP address?,Is it possible to find someones Facebook through an IP address?,1
What are the best free Chinese-English/English-Chinese websites for translation/dictionary?,"""What is """"hi"""" in Chinese?""",0
Are there any games like Robinson Crusoe?,Who is Robinson Crusoe?,0
Which game is better? League of Legends or Dota 2?,"Which is better, League Of Legends or Dota 2?",1
Why would celery cause stomach pain?,Why do carrots cause stomach pain?,0
What are good ways to get noticed in social networking sites?,How can I market my social networking site and get more users to use it?,0
How does Sauron's power compare to that of Morgoth?,"If Sauron was able to come back three times from basic destruction, why is Melkor/Morgoth not also present in the LOTR and able to do the same?",0
I am frustrated from my life. What should I do ?,"I'm frustrated from my life, what should I do?",1
Where will we go after our death?,Where do you go when you die?,1
What's the best way to get whiter teeth?,What are some of the best ways to get extra white teeth?,1
Do homosexual people get aroused by their own body?,Why is it considered gay for a guy to like and listen to female artist?,0
"Will feminists eventually die out, based on the fact that they tend to have fewer children?","In a conservative Christian family, is it easier to come out as gay or atheist?",0
Is it beneficial to drink green tea at night?,Can I drink green tea at night?,0
Life: Is closure overrated?,Closures: aren't they overrated?,1
What should I do every year on my birthday?,What should I do for my birthday this year?,0
How do I start a business now in high school?,How can I start a business in High School?,1
"""Is there an etymological relation between """"Jew"""" and """"jewel""""?""",What is the difference between a gentile and a Jew in The Holy Bible?,0
What is your honest opinion on feminism?,"What is your opinion on feminism, and why?",1
Should I opt for chemical engineering because I love chemistry?,Is it a good idea to take chemical engineering just because I like chemistry?,1
Is sex that important for life?,How much sex is important in life?,1
"Why is it that every time I ask Quora a question, it tells me to edit it, proofread it, or check its grammar?",Why does Quora ask me to edit every question I ask?,1
How does a salon remove acrylic nails?,How to get yellow out of acrylic nails?,0
Why does Mumbai airport have intersecting runways?,How many runway does mumbai airport have?,0
Is Monica Belucci related to Belushi families house?,I'm moving to Santa Monica from Sweden: What should I know?,0
"First Khloe, Now Ashley Graham Deemed Too Skinny?","What are the best aspects of living in Shunan, Yamaguchi, Japan as a young adult?",0
What is the best torrent site for TV series and episodes?,Which is the best site to download torrent?,0
What are the cities of the Outer Banks region in North Carolina?,What is there to do at the Outer Banks in North Carolina?,0
How do I catch my cheating partner?,How do I catch my cheating spouse?,1
What or how will you disclose information about area 51?,What is the secret about Area 51?,0
Where can 11 year olds volunteer?,What happens in the US if you are ill and don't have insurance?,0
What is a guy's thought process when he friendzones an attractive girl?,"""Why are """"bad boys"""" so attractive?""",0
"I am 19 years old and I am suffering from memory loss and physical weakness because of over masturbation, is there any way that I can recover?","""I don't excel at anything and I feel like I'll never be """"the best"""". Is that a bad thing?""",0
Is diabetes reversible?,"Can diabetes be reversed and if so, how?",1
"How safe is Papua New Guinea, and how does it's crime rate compare to Australia's?","How safe is Papua New Guinea, and how does it's crime rate compare to Bangladesh's?",0
What is the best way to go from Budapest to Vienna?,What is an economical way to travel in middle europe? E.g. Budapest or Prague to Vienna?,1
Which is best movie?,Which is best movie in history?,1
Who will win IPL 2015?,"Who is going to win IPL 2015, CSK or MI?",1
How do I gain weight in naturally way?,How do I gain healthy weight without eating junk?,1
What frustrates you about the future of digital manufacturing?,What frustrates you about the future of digital biology?,0
"Should I go to Columbia, UPenn, or Dartmouth?","How do Yale, Princeton, Columbia, Brown, and Dartmouth compare?",0
What causes acid rain?,What is acid rain?,0
What is the fees of sp jain bba global program?,Is doing global bba from SP JAIN worth the cost? Is it good? Does bba from SP JAIN has any advantage?,0
Where can I hire a hacker?,Where can I find a qualified hacker?,1
How do I get a scholarship to study abroad?,How do I get scholarship for studying abroad?,1
Formula 1: Was the animosity between Ayrton Senna and Alain Prost in the documentary Senna (2010) exaggerated?,What could Ayrton Senna have possibly done to avoid that fatal crash? Why was there a steering column failure?,0
"What is the full story behind the ban on media in Telangana, and what is going to happen?",What would happen if Pokémon GO was banned and punished as a criminal offence?,0
Where can I found local directories in Australia?,Which are some of the best places to visit?,0
Why are most airliners painted white?,Why are airplanes commonly painted white?,1
How can we control anger?,What should I do for controlling anger?,1
What's the difference between MATLAB and programming languages?,What is the difference between MATLAB and programming C?,0
At what point does ambition become a vice?,Every child will have ambition in life like what they want to become. I want to know whether all parents are promoting the aim of their children?,0
What are important things for people intending to major in dentistry to know about?,What are important things for people intending to major in history to know about?,0
How can I earn unlimited Uber rides in India?,What is the best hack for unlimited Uber rides?,0
If I block someone on Facebook can they block me back?,How do I block someone on Facebook who has already blocked me?,0
How could I improve my English?,How can I improve my spoken English?,1
How much helicopter shots MSD hit in his ODI career?,How do I hit big shots in cricket?,0
What type of punishment is given for censorship?,What type of punishment is given for libel?,0
What order should I watch DC movies?,What is the order of the Alien movies? Should I watch them in the order they came out?,0
Where can I watch suits season 5 for free?,Where can I download Suits season 1?,0
What is the difference between BA and BA (hons.)?,What should I do after completing my BA.LLB (Hons.) degree?,0
Is incognitovpn.com legit?,Is beggingmoney.com legit?,0
What are the ways to earn money?,I am unemployed what are some easy ways to make some money?,1
How old do I look to you? Honestly.,How old do I look?,0
Will there ever be a time when the world is unified with one language?,Will there ever become a time when the governments around the world realize that the 'War on Drugs' doesn't actually work?,0
How can I make a great content?,What makes a great content marketer?,0
Why can't India get more medals in every Olympics?,Why is India so bad at Olympics?,1
How has Quora made your life better?,"Has Quora made you better in any way? If yes/no, explain how?",1
"Is Return Path, the email deliverability company, worth the cost?",How much does Return Path's deliverability tool cost?,0
What is a list of Malayalam movies that are dubbed in Tamil?,"Why do Malayalam TV channels talk about Tamil and Hindi music and movies, whereas Tamil channels never play Malayalam songs or talk about Malayalam movies?",0
"Is there a roadside stand in the United States such as selling snakes, clothes and small jewelry?","Is there a roadside stand in the United States? Such as selling snakes, clothes, small jewelry.?",1
What is the meaning of living life?,What the meaning of this all life?,1
What is non-tail recursion?,What is tail recursion?,0
"""Is the statement, """"I'll do what I can"""" correct?""",Is the below statement correct?,0
"In football, why can't a player be offside from a throw-in? Why are throw-ins treated differently?",Why wasn't Luis Suarez's second goal not offsides? Was it because it went off an opposing player?,0
What is the best way to get laid?,How can you get laid in India?,0
What is the best way to lose weight and not gain it back?,What are the best ways to lose weight? What is the best diet plan?,1
"If every state in the U.S went to war with each other, who would win?","If every state of the USA declared war against each other, which would win?",1
How do I become a professor?,How do you become a professor?,1
"How is Bolivia's geographical location unique in the region, and how does its geography compare to Peru's?","How is Bolivia's geographical location unique in the region, and how does its geography compare to Panama's?",0
How can I stop my porn addiction?,What is the most effective way to break a porn addiction?,1
What universities does Liberty property Trust recruit new grads from? What majors are they looking for?,What universities does Camden property Trust recruit new grads from? What majors are they looking for?,0
Who is better Trump or Clinton?,Who will be a better president Donald Trump or Hillary Clinton?,1
What is it like dating an Australian woman?,What is it like dating Australian Women?,1
What do you think life is about in one word or two?,What is life in one word?,0
How does Fiverr make money?,What are the best gigs that sell on Fiverr?,0
Is Nitro Build Plus a fraud?,Is Dr. Oz a fraud?,0
What is cloud point?,What is a cloud?,0
Did Ben Affleck shine more than Christian Bale as Batman?,"No fanboys please, but who was the true batman, Christian Bale or Ben Affleck?",1
What is the best Bollywood movie in this year 2016?,What are the best Bollywood movies of 2016 so far?,1
Can you refuse amputation?,Is it true that oncologists refuse to be treated for terminal cancer?,0
Will WhatsApp on my older device be deactivated if I install WhatsApp in bluestacks?,Why ssbf cutoff and placement is less than sibm pune and banglore?,0
How have people become millionaires before 25?,How do I become a millionaire before the age of 30?,1
What is the latest technology in manufacturing?,What is the latest technology?,0
How is the word 'urban' used in a sentence?,How is the word 'temerity' used in a sentence?,0
How much does an NSA Researcher In applied mathematics make?,"Since NSA mathematicians cannot publish or speak about their results, how likely is it that the NSA has mathematical knowledge exceeding that of major research universities?",0
What is the best dictionary for Indian history?,Who were the best rulers in Indian history?,0
What is CIMA?,What is CIMA studies?,0
Would you get tired of having sex with over 20k women or would you keep going?,"If you could do it over again, would you have had lots of sex in college?",0
What will happen to international students in the US if Donald Trump becomes president?,What effect will Donald Trump's victory have on international students looking to study in USA?,1
How marriage and sex are different?,How different is sex before and after marriage?,0
Will the decision to demonetize 500 and 1000 rupee notes help to curb black money?,"With latest announcement of making Rs 500 and Rs 1000 notes invalid in India, is this step a checkmate to people who have black money?",1
What are some benefits in studying microbial ecology along with general ecology?,Why should we study ecology?,0
Which is a suitable inpatient drug and alcohol rehab center in Columbia County GA?,Which is a suitable inpatient drug and alcohol rehab center in Chattooga County GA?,0
What are the driving rules in Georgia versus Montana?,What are the driving rules in Georgia versus Idaho?,0
How do you delete your Yahoo email account?,How do you disable a Yahoo account?,1
What percentage of students clear IES (Engineering services Exam) in their first attempt?,How many attempts a general category student have for engineering service examination?,0
How can we get job in Canada?,How do I get a job in US or CANADA?,1
How do I watch The Accountant online?,Is there a free online streaming for live Cricket matches?,0
Is there any reason why we can't have a favourable economic relationship with the EU without being politically involved?,"Since we can't entirely understand the factors that affect politics, the economy, etc, how can we do research into these fields?",0
How can I get rid of ant problems in my house?,How do I get rid of ants from my house?,1
Are there any good fishing/angling spots in Pune?,Which are best places for fishing/angling in or around Bhopal?,0
What are some tips on making it through the job interview process at ACCO Brands?,What are some tips on making it through the job interview process at L Brands?,0
"""What is the proper answer to """"Are you legally authorized to work in Canada?""","Firefox Maximus 29er vs Btwin Rockrider 500, which one is better for long distance potholed road trip?",0
What is the agricultural function of plowing?,What is the function of a pre chopper on an agriculture baler?,0
How does one send an email to a university for questions?,How can I write a welcome email for a dental college?,0
"How can the drive from Edmonton to Auckland be described, and how do these cities' attractions compare to those in Montreal?","How can the drive from Edmonton to Auckland be described, and how do these cities' attractions compare to those in Vancouver?",1
Why do people ask others questions that they should be asking themselves?,Why do people ask less questions than they should?,0
"If you were to run fast enough around a tree, could you eventually catch yourself?",Why do fast bowlers run to bowl fast?,0
How do small company grow into a big company?,How can a small company grow big?,1
How was the KVPY SA 2016? What is the expected cutoff?,What is the expected cut off for KVPY SA 2016?,1
Can I get funded based on my startup idea?,How can I get funds for my business idea?,1
How do I get get information about a mobile number in India?,What would be the breaking point of the Electoral College?,0
Why doesn't Quora require a reason to ask a question anonymously?,Why doesn't Quora require a reason to be given with a downvote?,0
What is your favorite flavor?,What's your favorite Coffee flavor?,0
Can a permanent tattoo on the body be a reason for being medically unfit in a Civil Service selection?,What is the difference between the single pointer and double pointer?,0
Why don't Tamils go back to India and let Sri Lankan people live in peace?,Why doesn't India let Pakistan take half of J&K and let the people go into Pakistan?,0
What is the most important thing in our life?,What is most important thing in life? Can we categorize it?,1
How can I improve my spoken English?,How can I learn to speak English?,0
What purpose does music serve in films?,What alcohol was served in Jazz clubs? How did his go with the music?,0
What are some of the most technical questions asked in an interview?,What are the questions asked by an interviewer in technical interview?,1
What are the best things you learnt from your grandparents?,What is the best thing that you have learned from your mother?,0
Is morality hardwired into the brain?,Are concepts such as ethics and morality hardwired in the brain?,1
Which is the oldest living language in the world? How does it survive?,What is the world's oldest language spoken today?,1
Can we smell like alcohol without drinking?,Why do people like alcohol?,0
How do I select the best mutual fund to invest through SIP method? Which points shall I consider before investing in mutual funds?,How do you choose which mutual fund to invest in? Can anyone explain in detail all about mutual funds and selection strategy?,0
Who is Sonam Gupta and what's the scene behind it?,Who is the character in Avenger 2 in the post credit scene?,0
Which rice is good for diabetes?,Is walnut good for diabetes?,0
What is personal assessment of management skills? How are they used?,Which best between j5 prime and Sony XA dual?,0
How do you create a mod on hearts of iron 4?,How can I make a talking food mod for Sims 4?,0
"Who would win in a fight, Iron Man or Captain America?",Who would win in a fight between Black Panther and Captain America? Why?,0
Who is India's biggest enemy and why?,Who is the biggest enemy of india?,1
How do you gain discipline?,What is the secret of self discipline?,1
What is something you regret buying?,Did you buy something and immediately after regret it? What was it and why?,1
When will I get over my ex?,How do I forget my ex after everything we've been through?,0
What kind of work does an ET civil engineer do in power grid corporation of India limited?,Which PSU is the most preferred one among power grid and IOCL for a civil engineer?,0
Why Google is so bad in local?  It is hard to find good place if you do not exact name of the place. The same place might me mentioned many times in Google results with the same address and telephone. Why Google did not create good local search?,Why is it so hard for me to get over a relationship that was never going to work out in the first place?,0
What is the best wine you've ever tasted?,Which is the best wine you've ever had?,1
How do I learn the algorithms?,How do I start learning or strengthen my knowledge of data structures and algorithms?,0
A masters in English worth it from the UK?,"Is it worth doing Masters from University of Manchester, UK in Electrical(Power) engg?",0
What are best classified sites in Iceland?,What is the best classified site in Germany?,0
"If Hillary Clinton won the popular vote, why did Donald Trump win the Electoral College?",Why did hillary won the popular vote yet she lost the campaign?,1
Can Captain Marvel beat Superman?,"Who would win, Superman or captain Marvel?",0
Why does civic public communication and discourse seem so hollow in modern India?,Why is civic public communication and discourse so hollow in modern India?,1
When did you have your first kiss and how did it feel?,What is the story of your first kiss?,0
What universities does First Horizon recruit new grads from? What majors are they looking for?,What universities does First Solar recruit new grads from? What majors are they looking for?,0
Why are Royal Enfield bikes expensive?,Is a new Royal Enfield a high-maintenance bike?,0
What is the scope of dgital marketing?,What is the scope of technical marketing?,0
Which are the best movies of 2016?,What are your top 10 favourite movies of 2016?,1
"Even if I use a fuel of a higher octane number, my engine is already designed for a certain compression ratio. Why is higher octane used & how is it helpful?",What would happen if you put diesel gas in a car that takes regular gas?,0
What is the Personal Property Security Act and how is Nova Scotia's different from Manitoba's?,What is the Personal Property Security Act and how is Nova Scotia's different from Newfoundland's?,0
What is the best life changing decision you made?,What was the best decision you ever made?,1
Why was Quora down a few minutes back?,"Why was Quora down for a few minutes on April 5, 2015?",1
What makes Zeiss camera lenses better than lenses by other makers?,What makes takumar lenses so good?,0
Why did Jem and Scout call Atticus by his first name in To Kill A Mockingbird?,"""In """"To Kill a Mockingbird,"""" why do the children call their father Atticus and not dad?""",1
How do you earn money on Quora?,How do I make money through Quora?,1
How do I convert feet into miles?,How do you convert feet into centimetres?,0
"Following Donald Trump’s victory, do you ever wish that Obama had lost the presidential election of 2012?","In retrospect, do you wish Obama had lost in 2012?",1
How much does a pure wool pashmina shawl cost in India?,How much does a Rolex watch cost in India?,0
How do I emigrate to Australia?,What's the easiest way to emigrate to Australia?,1
What are some types of genetic drift? What are some examples?,What is an example of genetic drift?,1
Who is Ambrose Tung Young and why does he own a stake in MegaUpload?,How can someone contact Kim Dotcom?,0
Who needs money?,"I need money, can I get money?",0
"Ever since I was young, whenever I would experience nostalgia, I would always get a certain euphoric feeling accompanied by a quick dose of dizziness. Why is this?",Is nostalgia a pleasant feeling?,0
What are some things new employees should know going into their first day at Oriental Financial?,What are some things new employees should know going into their first day at Webster Financial?,0
What daily diet should I follow to gain weight?,Which foods help gain weight?,1
What's the best city in the world?,Which is the best city in the world?,1
How do satellites stay in orbits and avoid each other?,Why don't satellites crash into each other?,1
What are good research topics for Msc in IT?,What are some interesting research topics?,0
Why can't you return items bought on the Nintendo eShop?,I want adxl345 accelerometer. there are many adxl345 accelerometers with price ranges. Do they work same? . Can we write same code for all of them?,0
When do you get money with town script?,Under what legal circumstances is Quora obligated to revoke someone's anonymity?,0
What states of matter are fire and lightning?,"Matter is divided into 3 states: solid, liquid, and gas. What state does fire exist in?",0
How about using a MacBook for graphics software? Can it run Photoshop or Illustrator and AfterEffects without any problems?,Why is Photoshop often used for web design over Illustrator or InDesign?,0
I'm a Native American from Canada. I want to take a tour in Ireland next May Would it be safe if I went alone? It's my first time out of the country.,I have dropped a year as I have a burning desire to crack the JEE Advanced. I have time till next May now. How do I chart out a plan such that I can maximize my chances of cracking it?,0
Which unique banking app can be created for 2016? Unique ideas please,Is it good for country to have one unique bank for everyone?,0
What are the roles of men and women in when rain clouds gather?,Roles of men and women in when rain clouds gather?,0
What is it like to attend Williams College?,What has your experience been like at Williams College?,1
How is Earth's axis tilt measured?,How was the tilt of Earth's axis calculated?,1
What does abstract data type mean?,What are abstract data types?,1
What is the best lg tv service center in Hyderabad?,Which is the best service LG TV service center in Hyderabad?,1
Why is Donald Trump nasty and why do people actually like him?,Why do people continue to support Donald Trump even though he's so inconsistent?,1
What is meant by continuity versus discontinuity in infant development?,What is meant by PSW?,0
What's your favorite Motown classic?,Who is your favorite Motown song and why?,1
Why are there unsung heroes?,Who are some of the unsung heroes on Quora?,0
"Which is tougher to crack, a Google interview or a Facebook interview?","Which interview (phone and on-site) is tougher, Google or Facebook?",1
What is it like wearing a suit everyday?,Should I wear a bra everyday?,0
What is a suitable inpatient drug and alcohol rehab center near Lee County IL?,Which is a suitable inpatient drug and alcohol rehab center near Fulton County IL?,0
Why do the rich keep getting richer and the poor keep getting poorer in India?,Why is the gap between the rich and the poor getting wider?,0
What are the applications of derivatives and integration in real life?,What's the use of derivative and integration in real life?,1
How is india unique from other countries?,Why is India unique? What does India have that other countries don't?,1
I have forgotten my Facebook password and the number and email that was used in this Facebook account are also inactive and can't be used for recovery. Is there any other effective option available?,I forgot my Facebook password and email password. How can I log into Facebook?,0
Why America is a developed country?,How did the United States of America become a developed country?,0
Why do my antibiotics cause constipation?,Which antibiotics cause constipation?,0
How people learn to hack?,How can we learn hacking efficiently?,1
Which is best engineering college in madhya pradesh?,What are the Best Colleges for Engineering in Madhya Pradesh(M.P)?,1
"Do Mormons realize they preach no paid ministers, but the top 100 + get paid large corporate salaries?",Do Mormon mission leaders get paid?,0
What are the new inventions in world?,What are the new inventions which are required in this world of today?,0
Can there be 30 days in February?,Why does February have 28 days? Why 29 in leap years?,0
"Where can I buy Bitcoins in Lagos, Nigeria?",Is Hillary Clinton for or against e-Verify and similar systems?,0
In what legal jurisdictions is a recorded oral agreement sufficient to act as a legally binding contract?,Why do commercial contracts need legal binding?,0
What are some of the best documentaries?,What are some of the best documentary movies?,1
What are some of your favorite Christmas traditions?,What is your favorite Christmas tradition?,1
What is the best black Friday deal for this year?,What are the best Black Friday deals and discount coupons?,1
What is CPT code 99212?,Is CPT is really easy?,0
I am a 35 year old divorced and childless woman. I am giving up on life. Any last suggestions?,"As a 31 year-old woman heading towards divorce, how can I begin to rebuild my life again?",0
What is vacuum lamps?,What is vacuum?,0
How do I remove malware from my PC?,How do I remove malware from a browser?,0
"Why is India so poor, has India ever been rich before?",Why do the rich keep getting richer and the poor keep getting poorer in India?,0
Is there any online job for a 15 years old?,What are some online jobs for a 15 year-old?,1
Can height be increased after age 21?,Will I be taller even after 21?,1
Do roaming charges apply on internet usage in India?,"Is the internet usage low in India? If yes, then why?",0
What are some of the best books to prepare for the quantitative aptitude test?,Which is the best best book of quantitative aptitude?,1
Which department in a bank has the most growth?,Which is the best job field in mechanical engineering? Which one has a good growth opportunity?,0
What was the IIT-JEE AIR of Shiraz Minwalla?,Is Shiraz Minwalla the Sachin Tendulkar of Physics in India?,0
What are some modern examples of government corruption in France?,What are some modern examples of government corruption in Greece?,0
Which branches are available for student on his GATE PI score in iits and nit? Which branches of mechanical allows students on GATE PI score?,I scored 45.07 in GATE 2015 with a mechanical GATE score of 480. Which NIT can I get and which branch?,0
"Clitoral and vaginal orgasms, how will you differentiate?",What is the (significant) difference between clitoral orgasm and vaginal orgasm?,1
How do I grow wild onions in my lawn?,Why are wild onions growing in my lawn?,0
Why can't we make artificial blood?,Why we can't make artificial blood?,1
Where can I find beautiful and luxury hotels in Ranikhet?,Where can I find luxury hotels in Ranikhet?,1
What is firefoxpatch.exe?,What does Javac.exe do?,0
How much tax can be refunded for a teaching assistant in graduate school?,How can I earn the biggest tax refund in 2017?,0
What are the symptoms of borderline personality disorder?,What are common symptoms of borderline personality disorder and is it better or worse to get a diagnosis?,1
Why do all of my questions get ignored on Quora?,Why are my questions not answered on Quora?,1
"What is the difference between the Army and the Marines, functionally speaking?",What are the differences between The Army and The Marine Corp?,1
What's your new year resolution for 2017?,What is your New Year’s Resolution(s) for 2017?,1
Why do some humans have allergic reactions to cats? What is the science behind cat allergies?,What can be done to increase transactions on the bank accounts?,0
"Which is more important, photosynthesis or cellular respiration?",What are the similarities and differences between photosynthesis and cellular respiration?,0
How can I remove vocals from a song to make it instrumental?,How do I remove vocals from a song?,1
Is it possible to increase from a 2.5 GPA to a 3.5 in 2 semesters?,Can I increase my GPA from 5 to 9 in 3 years?,0
What's the difference between static and constant variable?,Why are static variables used in C?,0
What is the best idea of a birthday present you have done for someone?,What are some good ideas for a birthday present?,0
Is Steve Bannon a bad guy?,"If the recent fake political news stories are ever sourced, how many of them will tie to Steve Bannon or Brietbart News?",0
What is the one thing you will never do again?,What is one thing you will never do in your life?,0
What is the most legal way my friend can participate in an orgy or swinging?,What are the reasons why a guy who loves a girl very much won't freely communicate even after asking him to feel free and talk out?,0
Should guys ask out girls or do girls ask out guys?,Do guys like it when girls ask them out?,0
Which is the best earning business in India with less investment?,What is the best business idea with surefire profits and less investment?,1
How can I apply for jobs (in India) that will require wearing a suit everyday?,Is the President required to wear a suit and a tie for the job?,0
What are important things for people intending to major in physical education to know about?,What are important things for people intending to major in physics to know about?,0
What is the procedure to get a study visa for Germany?,What is the procedure to get a tourist visa for India?,0
Is there a reservation quota for defence personnel in IIMs and other good colleges for MBA in India?,Which are the best reputed MBA colleges in India?,0
Is Bitter Yuck effective at stopping dogs from chewing furniture?,What is the best way to stop a dog from inappropriate chewing?,0
Why is cracking your fingers good for you?,How can I help the world notice the benefits of biodiversity?,0
How can you get out in cricket?,Will India be able to defend their title at the ICC Cricket World Cup 2015 Australia?,0
Why do some consider it rude to place your elbows on the table?,Why is staring not considered rude in India?,0
What are the main components of a computer system?,What are the main components of a computer?,0
Is sitesmatrix.com a scam?,Is freescore.com a scam?,0
How can I become a more courageous person?,How do I become a courageous person?,1
How is the life of a female IAS officer?,What is the life of a female IAS officer?,1
What are the topics which are required for placement in Directi?,What are the topics necessary for a CSE student for placements?,0
How would I increase my height aftr 18?,How can you increase your height?,1
What is the selectionprocedure for RBI?,What is an RBI?,0
What is Halloween tradition?,What are some great Halloween traditions?,0
How do I find the meaning of my life?,How can I find meaning in life in my 20s?,0
Is it possible to connect 2 different brands of WiFi security cameras together onto one account so I can see them both?,I have two Instagram accounts. I want to switch usernames between them and change one of them. Is this possible?,0
Can I send or receive money with unverified Paypal account?,Can I use an unverified Paypal account to receive payments?,1
Does Bernie Sanders still have a chance to become elected?,Does Bernie Sanders have a chance at becoming president?,0
How do I find the 5th highest salary in sql?,"How do I find the first, second, and third largest marks obtained for a particular subject in mySQL?",0
Prevent reverse polarity on analog signal wire?,Why is cocoa butter used as sunscreen?,0
Will there be a nuclear war between India and Pakistan?,"What will be the disaster effect, if nuclear war breaks out between India and Pakistan?",1
Is it possible to find out the real IP address of a Tor browser user?,What is the best Thrilling movies in recent past?,0
Does Mick Jagger live in London?,"How safe is Purley, London to live in?",0
How do you factory reset a Toshiba laptop?,What is the correct procedure to perform a factory reset on a Toshiba laptop?,1
What is the difference between a ballpoint pen and a gel pen?,What is the difference between a ballpoint pen and a rollerball pen?,0
What is best mobile app?,What are the best mobile apps for banking?,0
How do the tourist attractions on the Scandinavian Highlands compare to attractions in Bulgaria?,How do the tourist attractions on the Scandinavian Highlands compare to attractions in Luxembourg?,0
Can we drink sugar cane juice while dieting?,How do sugars from cane and beet sources differ?,0
Is there infinite energy in zero point energy and infinite virtual particles in vacuum energy? Is this a real or just a mathematical thing?,"Saying there is infinite energy in zero point energy and infinite virtual particles in vacuum energy, is this a real or just a mathematical thing?",1
What is the best laptop to buy under 25000INR?,Which are the best laptops under INR 25000 in Indian market?,1
How can you learn faster and effectively?,How can I learn at a higher speed?,1
What does stress feel like to psychopaths?,Do psychopaths feel stress?,1
What is the best place to drink a beer in Vaxjo?,What should I do if my mother says I am the cause of her depression?,0
"What are the cheaper, better alternatives to MailChimp?",What are alternatives to MailChimp that are less strict?,0
How can I get back my hacked Instagram account?,What's the best way to hack an instagram account?,1
Why there is no significance in chnge in entropy and internal energy for solid or liquid?,My girlfriend is B12 deficient. She experiences dizziness every morning. Is it safe for us to have sex and for her to orgasm?,0
How did WWII affect college admissions?,When do colleges start sending admission letters?,0
Are Pakistanis upset about losing East Pakistan to Bangladesh?,How Pakistanis feel about losing Bangladesh?,1
What are effective ways on saving money as a college student?,What are effective ways of saving money as a student?,0
Is Mark Zuckerberg intelligent or just smart?,Is mark zuckerberg smart?,0
Where can I download free solution manual for Principles of heat and mass transfer by Incropera?,How do I download the solution manuals for free?,0
What are the favorites things you like to do in sex?,What are your favorite things?,0
What's the reason India fails in Olympics?,Why can't India get more medals in Olympics?,1
What has the Hubble Space Telescope discovered?,How is the Hubble Space Telescope powered?,0
"Why would somebody text me first, but then deliberately ignore my message for hours when I reply?",Does a woman who replies to my text messages immediately sound desperate?,0
"How many books should one read in a week, month or year?",How many books do you read a month?,0
Why can't we cross the users from which by mistake we have asked the answer and later add on the other user on Quora app?,Should I send my email to apply for a job with screen shots via a stored procedure to the employer?,0
What are the major projects for Electrical Engineering students using MATLAB?,What are the major projects for Electrical Engineering without using MATLAB Program?,0
What does the Quora community think of Trump's statement that he will only accept the results of the election if he wins?,Would Trump be overthrown if he wins the election?,0
Which state in Japan speaks pure Hindi?,Which state in France speaks pure Hindi?,0
What are examples of solutions and suspensions?,What are some examples of suspension?,0
Which presidential candidate is better: Trump or Clinton?,Who will be a better president Donald Trump or Hillary Clinton?,1
How do you think demonetisation will affect Indian economy?,How will the demonetization of Indian currency affect India's economy?,1
What are the safety precautions on handling shotguns proposed by the NRA in Mississippi?,What are the safety precautions on handling shotguns ?,1
Why does Batman vs Superman use the same soundtrack as The man of steel?,"So now that Zack Snyder has announced that Batman and Superman will be united for the Man of Steel sequel,What do you think the plotline will be?",0
Is time an illusion created by man?,How is time an illusion?,0
What does it mean when you have your menstrual cycle for two weeks?,Is it normal to have a menstrual cycle for two weeks? Why or why not?,1
How do you prevent packages from being stolen from your front door?,How do you prevent packages from being stolen?,1
Is there any relation between dreams and reality?,Why do we dream? What is a relation between dreams and reality?,1
"""God said to Adam & Eve, """"eat of the fruit and you shall surely die"""". Why didn't they die after the fruit consumption?""",Why didn’t Adam and Eve die after eating the fruit of good and evil as God instructed them?,1
"If Donald Trump wins the Presidency, what would you do?",What would you do if Donald Trump became POTUS?,1
Top 10 Indian movie?,What is cut off for npti Faridabad?,0
Can you just list some best sad songs in Hindi?,Which are the 5 trophic levels? How do they differ from each other?,0
If god is all powerful can he make a rock so heavy he cant lift and if he cant lift it is he so powerful?,Can God create a rock so big that even he cannot lift it?,1
How can I find investors for my tech startup?,"Where can I find investors for my startup, and can I believe to their engagement?",0
Why is the study of law important?,Why should I study law?,1
Who is best hockey player of 2015?,Who is the best hockey player of all time?,0
How do I know if someone is checking my last seen on Whatsapp?,Is it possible to know if someone saw my WhatsApp profile?,1
What is your review of Fantastic Beasts and Where To Find Them (2016 movie)?,What is the review of Fantastic Beasts and Where to Find Them movie?,1
What are the type of engineering?,What are the types of engineering?,1
Is Stevie Wonder really blind?,Is Stevie Wonder married?,0
Are there Asian Jews?,Why did the Nazis hate Jewish people to the point of committing genocide?,0
How much data does Google share with site owners re: personal block list extension submissions?,How much is Bing's market share? When will it be equal to Google's?,0
"Mathematics: If 17^200 is divided by 18, then what is the remainder?",How do you divide decimals when there is a remainder?,0
What are the biggest lessons you have learned in the corporate world?,What was the greatest lesson you learned in the corporate world?,1
What is the future of instrumentation and control engineering in India?,What is the future of an instrumentation and control engineer?,0
What is the evolutionary reason for teeth to have nerves?,Why do teeth have nerves?,1
Is Buyforex.com helpful?,Is there a minds.com help page?,0
How can I change my family?,How do I find truth for myself when I am constantly learning new subject matter on a day-to-day bases?,0
What contribution do astrophysicists give to the common public?,What is the average amount a state contributes to public college education?,0
"If the center of a uniformity dense sphere experiences zero gravity, how come the centers of stars and planets are such high pressure enviornments?","If gravity is infinite at the center of a black hole, how come it does not absorb the entire universe (I mean is infinite)?",0
How do I know if I have PCOS?,How do I know I have PCOS?,1
"How safe is Papua New Guinea, and how does it's crime rate compare to Bolivia's?","How safe is Papua New Guinea, and how does it's crime rate compare to Afghanistan's?",0
What is the difference between platinum and platinum-black?,Why are platinum group metals (PGMs) so dense?,0
How do I stop being jealous over other people's success and creativity?,How can I stop being jealous of other people's success?,1
"Can someone give me the formula for a cheap, high winrate Yogg-Saron Druid deck?",How do you counter a C'Thun deck?,0
Should I carry a power bank (external battery) in airplanes?,Is carrying phone battery power bank a girly thing?,0
"""If America is the """"world's best country"""", why are there still people who can barely afford healthcare? Wouldn't it be better if healthcare was free?""",Which EU countries have the most affordable healthcare?,0
How can I visualize the complex exponential function?,How do I visualize a complex exponential function?,1
What are personification sentence examples?,What are examples of personification of life?,1
What is the relationship between genes and DNA?,What is the relation between genes and DNA?,1
Food Safety: How bad for consumption is an avocado that has gone brown?,Why does military food taste bad?,0
What is the exact difference between abstraction and encapsulation?,What is the difference between abstraction and encapsulation?,1
How can I recover my emails from my Gmail account?,How can I keep all my emails separate from 2 Gmail accounts?,0
Which topic is a must to follow on Quora?,Which topic is your favorite to follow on Quora and why?,0
What are the biggest film festivals in the world?,What are the major film festivals in the world?,0
"How can I ask someone, very politely, to reply to my email?",What should I do if I have a very important question to ask but someone doesn't return my email?,0
"""What is the psychology behind the """"opposites attract"""" theory?""","""Is the psychology, """"opposites attract"""" true?""",0
What can I do to know what's on my subconscious mind? Are there methods to know it?,How do you know if you're using your conscious mind or your subconscious? And how do you properly communicate with your subconscious mind?,1
How do I pass CISA?,How do I pass CISA exam?,1
What does confidence mean?,What does confidence really mean?,1
What is rural management? Why is it important?,What is rural knowledge management?,1
What is the difference between interesting and fascinating?,"Would the USA change its name if it conquered Russia, China, or any other large country on another continent?",0
What would you like your greatest accomplishment to be?,What is your greatest accomplishment to date?,0
Are you guys voting for Hillary Clinton or Donald Trump?,Donald Trump or Hillary Clinton?,1
What are some ways to grow taller during puberty?,Is there any way to grow taller during puberty?,1
What are some things new employees should know going into their first day at Abraxas Petroleum?,What are some things new employees should know going into their first day at Evolution Petroleum?,0
What would happen if sound travelled at the speed of light and light at the speed of sound?,What would happen if sound traveled like light and light traveled like sound?,1
Why do people watch the news?,Why do we watch news?,1
What are the career options available if I pursue M.Designing after a B.Tech in Electrical engineering?,What are the career options after electrical engineering excluding joining the MNCs?,1
Getting stuck in friend zone? Can I still get her back as boyfriend by patiently waiting ? She said she don’t have chemistry. What can I do.,Why does dte not allowed to 2015 Gate students with positive score for admission of M.E & M.TECH 2016-2017?,0
Why is Apple considering buying carmaker McLaren?,Why is Apple interested in acquiring McLaren?,1
"What is the relationship between Materials Science, Materials Engineering, and Chemistry?",What is the difference between material science/engineering and engineering science/physics?,0
What is the best android app for free music without using the internet?,Where is the best place to download music making app for android like pro tools or FL for free?,0
How is momentum magnitude calculated?,How is the magnitude of acceleration measured?,0
What is chlorophyll and how does it help the plant?,What does chlorophyll do?,1
Can you make money from YouTube?,How do people earn money from YouTube?,0
Can I get pregnant 3 days after period if I bled for not even a full 3 days?,Can a woman get pregnant three days into her cycle?,1
What are the major stereotypes people have about Thailand and to what extent are they true?,What do the Chinese like about Thailand?,0
How can I increase my English fluency?,How can I learn English well？?,1
Could someone explain me Ron and Hermione love story?,Why don't Hermione fall in love with Harry?,1
Which companies comes under applied mechanics MTech course?,Which companies come for placements in the IITD for the applied mechanics MTech course?,0
What motivates you everyday?,Is it bad to be too emotional and sensitive?,0
What are the most popular online payment methods in Israel?,What are the most popular online payment methods in the USA?,0
What would the world be like if the Nazi Germany had won WW2?,What if Germany won WWll?,1
How does Donald Trump's win affects Indian students preparing for graduate studies in US?,How would Trump presidency affect Indian students in the US?,1
What are the top-five books that changed your life and why?,What are the books that changed your life?,1
How do I disable quick settings in lock screen for Moto g te?,Does mathematics cutoff really matter for NDA?,0
Do you like your parents?,How much are you like your parents?,0
Can you solve this riddle?,Can you solve these riddles?,0
What is the Japanese stand on the South China Sea dispute?,Should India side with Vietnam or China on the South China Sea dispute?,0
"Is America likely to go to war with Syria, and by extension Russia, if Hillary Clinton wins the election?",Why would Hillary Clinton start a war with Russia?,1
What's the best way to deal with a lying co-worker?,How do we deal with negative co-workers?,0
Why does February have 28 days? Why 29 in leap years?,What are the historical reasons as to why February has 28 days?,1
How do you forgive?,How can I forgive?,0
Why do many Quora users ask questions they could look up online?,Why do so many people ask things on Quora that they could just as easily Google?,1
Why do I always feel alone?,Why do I feel alone sometimes?,1
How do amphibian heart chambers interact with each other?,What is the heart structure of an amphibian?,0
Where is the best place to get great but cheap tattoos?,Where are the best places to get tattooed cheaply?,1
"What if Russian Tsar Nicholas II would have had a healthy, non-hemophiliac son?",Is Black Widow (Marvel) a descendant of Tsar Nicholas II?,0
What kind of genetic tests are now available to the consumer?,In what kinds of situations is genetic testing useful?,0
What tools Facebook uses for application lifecycle management?,Is there any good Facebook page management tool? Paid or Free both are ok,0
How did you learn to speak English?,What's the best way to learn English?,1
What countries have names that are officially preceded with the word 'the'?,What are all the nine letter country names?,0
What should be the best resume title for a BTech fresher?,What should be the best resume title for b.tech fresher in electronics and communication?,0
How do I know If I'm really in love?,How do you know if your partner really loves you?,0
Which is the best romantic fiction novel you have read?,Which is the best fiction novel you have ever read?,0
What does it take to be a good coder?,How can I be a better coder?,1
"I hate the new Quora interface, who can I give feedback to?",How do I contact and give feedback to Quora?,1
What is the difference between cinematography and the screenplay of a movie?,What is the difference between a screenplay writer and a dialogue writer?,0
What is father biology?,What is biology and who is the father of biology?,0
How do I find myself a job?,How can I find a job?,1
Who is Shahrukh Khan?,Who is Shahrukh Khan of Hollywood?,1
Was the war between United States and Japan the same war as Nazi Germany against the Allies or were they two different wars? I'm confused.,"""Who are """"Seinfeld"""" characters and how do they interact with each other in the series?""",0
How safe is it to take 90 mg of codeine? What are the health concerns?,How safe is it to take 90 mg of Adderall? What are the health concerns?,0
Why thumb impression is used in place of signature by illiterate?,Which thumb impression is used by illiterate in place of signature?,0
How do I leave addiction of watchng porn?,What is the truth behind the Holodomor incident relating to Stalin? Is it true or fabricated?,0
"With what accent does King Julian of Madagascar, the animated film, speak?",What is the accent that Matthew McConaughey speaks?,0
Is it possible to hack a bank account?,"How could one hack a bank account, using a cellphone, in South Africa?",0
How can I hack someone else's WhatsApp account from a different place?,How can I hack someone's WhatsApp account?,1
Why are Iranian people so religious?,Do you consider Iranian people as religious? What is your source?,1
"Why do we need these lines in football like the D-box,center circle,and everything? Give explanation to all details in fifa?",Why is India so bad at football?,0
"Events (leisure): What's the difference between a conference, a trade show, and a convention?",Events (leisure): What are the major engineering trade shows in the US?,0
What is it like working with Pivotal Labs as a client?,What's it like to work at Pivotal Labs?,0
What is your favorite Chinese food?,What Chinese dishes can I try out first?,0
Hey could youplease provide me a good tutorial for learning lex and yacc tool?,Can an Indian Common man buy stocks in S&P 500 and Dow Jones?,0
How do I prevent myself from getting shocked by static electricity in winter?,"Why do I get a slight electric shock every time I get off my car, especially during winter?",0
How does touching snow cause inflammation of the lungs?,"How can standing in the rain or thick mist cause pneumonia, lung inflammation or fluid in the lungs?",0
How do you check an AT&T balance?,How can you check your AT&T balance online?,0
Is it wise for an Indian student to take admission in National University of Ireland Maynooth for Msc in Computer Science Software Engineering?,"Which one should I go for National University Galway, Ireland (MS Software Design and Development) or Dublin City University (MSc in Computing)?",0
Why is Hillary Clinton worse than Donald Trump?,How is Hillary Clinton a better choice than Donald Trump?,1
How is the “gl” in Italian pronounced?,"""In Italian, how do you pronounce """"hello""""?""",0
What is a secret which you would not tell anybody in real life?,Can you share a secret on here anonymously but not in real life?,1
Is buying a fitness tracker a good idea?,Should I wait to buy a fitness tracker until more features are included?,0
What are the best K-Pop songs for coffee time?,What are the best pop songs?,0
How do I improve my communication skills in one month?,What should we do to improve communication skills?,1
How do I find out subject of emails sent from a forgotten Hotmail account?,How do I verify my Instagram account if I've forgotten the password of my email?,0
What is the difference between classical and quantum physics?,How is quantum physics different from classical physics?,1
In what ways do developed countries help developing countries economically?,What are some examples in which developed countries have helped developing countries economically?,1
Is Quora generally not welcoming of conservative points of view?,Do Quora users tend to be more liberally biased than the population as a whole?,0
What is the difference between automobile and automotive?,What is different between automobile and automotive?,1
What would happen if Earth lost its gravity for like 5 seconds and gained it immediately after 5 seconds?,What would happen if the Earth went into a zero gravity state for 10 seconds?,1
How are javascript arrays implemented internally?,How do you sort an array in JavaScript?,0
What are the advantages of flexography?,What is flexography? What are the advantages and disadvantages?,0
How can I go from a 2.5 GPA student to a straight-A student?,I am a student with a 6 on 10 GPA from an average branch at the IIT Delhi now going onto my final year. Is it possible for me to get in HBS?,0
Does Moto g4 plus heat?,Is moto g4 plus VR capable?,0
"Who is a better singer, Udit Narayan or Kumar Shanu? And why?",Who was the better singer of the Misfits?,0
What is difference between variance and standard deviation?,What is the difference between variance and standard deviation?,1
Is Azad Kashmir justified?,What is Azad Kashmir?,0
Should screenwriters receive more credit in films?,Who is the best screenwriter in the film industry?,0
Who invented Facebook?,Who invented the Facebook?,1
"Is the US Constitution considered to be a living document? If so, why?",What makes the US Constitution a living document?,1
How can you tell who's who when everyone is wearing a burqa?,I like civil engineering but I was more attracted by the wages of financial industry.What should I do?,0
What would Jake Williams rather be? A fox or a wolf?,What fox breed is Jake Williams?,0
"""Do Australians use the term """"sheila"""" in normal conversation?""","""How did the Australian term """"sheila"""" originate?""",1
How do I understand Cartan sub algebra?,How do I react if my parents are not cool with me having a girlfriend? They ask a lot of questions about it very doubtfully and peep into my fb.,0
"""What is a synonym for """"as a result""""?""",What are some synonyms for told?,0
What universities does Sonic recruit new grads from? What majors are they looking for?,What universities does Groupon recruit new grads from? What majors are they looking for?,0
What is it like to study EECS at Carnegie Mellon?,Can I apply for a Master's Degree in EECS at MIT with B.S. in Computer Engineering and get accepted?,0
How many products are sold on Amazon category wise?,How do I send products to be sold on Amazon from Sri Lanka?,0
Can I die from lack of sleep?,Can someone die from lack of sleep?,1
I have forgot my Amazon account password and there is no option to reset it. What should I do?,I forgot my Samsung account password. How do I remove my Samsung account?,0
Friends (TV series): Is Lisa Kudrow really a good guitarist?,Which TV series is as good as friends?,0
How is the Jio sim working for free?,Why are Jio Sims free?,1
When will I know I found the one?,"""How do you know if you have found """"the one""""?""",1
"Are there any ex-muslims who used to be a formal Islamic scholar, like Christianity's Dr Bart Ehrman and Dr Jerald Dirks?","I am sorry as I have very limited knowledge about Islam but would like to know, apart from preaching Islam and increasing its number, are there any famous Muslims who have been part of big innovation?",0
How can I truly live well as a student in medical school?,How do I keep going when feeling like quitting medical school?,1
How do you take a screenshot on a Samsung laptop?,How is a screenshot taken on a Windows laptop?,1
Who is the most overrated Indian cricketer? Why?,Who is the most overrated Indian Cricketer?,1
Have you ever seen UFO?,Has anyone seen a genuine UFO? What was it like?,0
Is it bad for a 14 year old to pee blood?,What causes blood in urine?,0
"How cold can the Gobi Desert get, and how do its average temperatures compare to the ones in the Sahara?","How cold can the Gobi Desert get, and how do its average temperatures compare to the ones in the Atacama Desert?",1
What were some of the most successful rebrandings?,What are the most successful rebrands?,1
Can time travel ever be possible?,How can I travel time?,1
How do I effectively teach the kids to read?,What is the best way to teach your baby to read?,1
Is trump the anti Christ?,Do some people really believe that Barack Obama is the antichrist?,0
"Personal Astrology Prediction: DOB: 01 Oct 89, 6.55 am, Mumbai. Is anythin good in my life? How will be married life & career, can I make big business","I am 27 years old and all my friends are way ahead of me in career and life. I am still not able to get anything. I always seek motivation everytime.. its a hard feeling to even express. My dreams are big. But ofcourse there is a time limit for that, I badly want to achieve it, but may be I have no good and expertise people around me to guide me.. I really don't feel like going out and hanging out because I think I will myself not enjoy anything unless I achieve my goal first.  How can I achieve my goals, what makes a person persevere nice if he doesn't have any good friends and mentor in life? Can any one answer me please",0
What is the meaning of our life?,What is the meanings of life?,1
Why don't you cry?,Why do you cry?,0
What are some of the good universities to study cosmology or astrophysics?,What are some good colleges for an MBA in Bangalore? How is IFIM?,0
Which are Malayalam super hit movies 2016?,Who is earning most in super hit movies?,0
"What is the weather in Orlando like on June, and how does it differ from the weather in September?","What is the weather in Orlando like on June, and how does it differ from the weather in December?",0
Do you have any advice for an adult who starts learning piano for the first time? (Without any prior experience),Is it possible to learn a fairly complex song on the piano without any experience?,0
I have recently made a song named Patriot and I want to make it viral. What are some methods to do this?,I am a 30 year old MBA graduate working in the IT industry. Have over 5 years of work experience. I am highly dissatisfied with the work I am doing. I don't want to continue in this industry. I like photography and writing. What are some suggestions on how I can make a career out of it?,0
Should I ask a girl out I haven't seen in a while?,What should I say to ask a girl out?,0
What are the best mobile interactive agencies?,What are the best Mobile App Re-Targeting networks? (For a Mobile Game),0
Is chino an offensive term in spanish?,Should I learn Spanish?,0
What should I include in my graphic design portfolio other than university assignments?,Can I take Hortonworks data platform certified developer exam second time?,0
What is the syllabus for BComm students applying for MA history entrance in Delhi university as there is a separate paper made for students who are not from the history stream?,I am History Honours third year student. I want to pursue MA in History from a good college from noth India only. What are the options?,0
Which exercises can boost you enough to lose 30 pounds in 1 month?,What is the best diet to lose 30 pounds in a month?,1
What is the easiest way to save myself from unemployment?,How can I save myself from going crazy?,0
What are the best substitutes for butter when baking?,What can you substitute for eggs when baking?,0
How to I reset my DISH remote?,How can I reset a Dish Network remote?,0
"Def my_fun(i): values = [] values.append(i) return values my_fun(5) print (my_fun(3)) why getting only [3] and not [5,3]?",What are the functions of production and operations management?,0
What is the procedure for getting admission in an MS in RWTH Aachen university 2017?,What are the admission procedures for Indian applicants at RWTH Aachen University?,0
"What hotel in Ananthagiri Hills Hill-station would be safe for unmarried couples, without the harassment of police, hotel staff, and moral police?","What hotel in Panhala Hill-station would be safe for unmarried couples, without the harassment of police, hotel staff, and moral police?",0
Why is the 24th amendment important?,What is the purpose of the 10th Amendment of the US Constitution?,0
Why did prophet Muhammad marry 6 year old girl? Why dint he think to adopt her? Keep calm and answer.,Why did prophet Mohammed married a six year old girl?,1
Can we get supernatural power from meditation?,Is it possible to gain supernatural powers through meditation?,1
Can we kill a black hole?,Can a black hole die? Why or why not?,0
What was Abraham Lincoln's definition of democracy?,Abraham Lincoln: Why is the Gettysburg Address so memorable?,0
What is daily accounting in an office? What is it that is prepared daily?,How do some people get paid daily?,0
Do you think the cinema has increased or decreased in popularity in recent years?,Which do you think the best cinema of china?,0
What are the most popular majors?,What is the most popular major in America?,0
Why is there a fake UN-backed Arbitration in Hague?,"Why is there a fake UN-backed Arbitration in Hague, although there are lots of fake things in the world?",1
How much does it cost to start an airline?,How much does it cost to make a cashless transaction in India?,0
How do you wash your hair?,How do you wash your hairs?,1
Which is the best business below 10 lakhs?,What is the best business with 10 Lakhs investment?,1
How reliable are MV Augusta bikes?,Are MV Augusta bikes reliable?,1
What is another way of saying 'if that's the case'?,"""Is there another way of saying """"take over for me""""?""",0
What is a plagiarism checker?,Which are the best plagiarism checkers?,0
Is it high time that Bengaluru is declared as union territory?,Can Bengaluru be created as Union Territory?,0
What's the difference between a liberal and a democrat?,What is the difference between a liberal and a conservative?,0
Why is China going to the Moon?,What does China want with the moon?,1
What does 4 days late on my period mean?,Why is my period four days late?,1
What is the difference between an Internet modem and Router?,What is the difference between a router and a modem?,1
How can we regrow hair naturally?,What should we do to regrow hair?,0
What is the best way to face job interview?,How can I face an interview?,1
How do I seem less intimidating?,How can I be more intimidating?,0
What if the US had annexed all of Mexico after the Mexican-American War?,How would history change if the United States annexed Mexico after the Mexican-American war?,1
How do I become a good blogger?,How can I become a good blogger?,1
"If given a chance to meet any celebrity, whom would you like to meet?",If you are given a chance to become some celebrity what will be your choice?,0
Why do we laugh when we get tickled?,Why don't we laugh when we tickle ourselves?,0
Linked representation of queue?,Are there any useful resources (preferably e-books/links) of unbiased representation of indian freedom struggle post revolt of 1857?,0
"How can I make a career start at a semiconductor company in Germany (for example as an intern) with a master's in electrical engineering and information technology (sensor system technology), which is not at all relevant to the fields like a master's in VLSI design and embedded systems?","I have done a master's (microelectronics/VLSI) and I am working in a top MNC (as a digital design engineer) in India for the last two years. Now, I would like to get a job in Germany in the same VLSI/chip design field. What is the right approach to get jobs in Germany?",0
Why do ships made of steel not sink?,Why doesn't a huge ship sink due to its own weight?,0
What should be my strategy to crack the IBPS PO exam in 3 months?,What will be the easy exam IBPS PO or TNPSC?,0
Technology: What are the best smartphones gadgets?,What are some of the best mobile gadgets?,1
"Which is better, Samsung or Apple?",Samsung or Apple. which is the better option of having a smartphone?,0
Why do we need initramfs/initrd to boot a Linux system? Can't we store all device and FS drivers directly into the Kernel?,Why do we need initramfs to boot a Linux system? Can't we directly store all device and FS drivers into the kernel itself?,1
What are the benefits of the egg white?,Is it bad to eat an egg white when I am trying to lose weight?,0
What's something you've built with your own hands?,What are some things that people have built with their own hands?,1
What are some good smoothie recipes for kids?,What are some good smoothie recipes?,0
What is the fastest way to reduce the redness in a sunburn and to even out weird sunburn lines?,Is it bad to peal sunburns?,0
What are some useful ZeroNet websites?,How do I make a website using website builder?,0
How can I use Email marketing effectively?,How do I use effective Email marketing?,1
How can I make quick money with limited skills?,"As a practising financial planner in India, how much have you been able to make in terms of advisory fee alone?",0
"What is the difference between reptiles, amphibians, and mammals?",What is the difference between amphibians and reptiles?,0
Will bulletproof coffee help me burn more fat?,Does bulletproof coffee work? Is it legitimate?,1
What are cancer cells? Why are they so dangerous?,What are cancer cells?,1
What happens to a question on Quora if it is marked as needing further improvement?,"""Quora keeps saying that my question was """"marked as needing improvement"""". What does this mean and how can I fix it?""",1
What are the key traits of mentally strong people?,Interpersonal Interaction: What is the quickest way to get people to trust you?,0
How is this database programming question solved?,Why do people like me even though I'm always quiet?,0
Where can I find a short script in Hindi for an audition clip?,Where can I download/view the dialogue script of an Hindi movie?,0
How do I set up my Wi-Fi router to use my college's (IIT Bombay) LAN Internet connection over Wi-Fi?,Delhi's IIT hostel doesn't have a Wi-Fi connection. Are there any hostels in any other IITs which have a Wi-Fi connection available?,0
What are some good names for a dolphin?,What are some good names to name a pet snake?,0
Can you create a nice story that explains how stock market works?,How would you explain how the stock market works to a layperson?,1
Xiomi 3s has low price so is it given specification are working properly or not should I purchase it considering its specification?,"Are breed specific dog foods by Royal Canin, Eukanaba, Pedigree, Hills Science any good at all? Many of these are priced high, but the ingredients are majorly corn, wheat, maize, etc. and the protein content is low as well. Is it worth the money or should I stick to N&D dog food only?",0
How do I stop terrorism?,How can we stop terrorism permanently?,1
What is a testicular vasocongestion?,How can a testicular vasocongestion be treated?,0
What were some mindblowing legal cases and arguments?,"Any examples of  the mind-blowing, awesome arguments given in the court of law by which the case turned around?",0
"I have forgotten ssc cgl password, what should I do now?",Can I crack SSC CGL 2017 if I start preparing now? Is SSC CGL 2017 pattern likely to get changed again?,0
"Is war between India and Pakistan,imminent?",Wil there be a war between India and Pakistan?,1
What are the best interview questions which needs a great presence of mind?,What are the best tricky interview questions?,1
How big does a land mass need to be before it's no longer considered an island?,Why is it that the only two ancient land mass groups (laurasia and gondwana) located at the same area on earth and not a single island located anywhere else?,0
How can I be memorable?,What is the best way to memorize?,0
Where do you see yourself after 5 years?,Where do you see yourself five years from now?,1
How can the effects of unemployment in India be reduced?,What are the effects of unemployment in India?,0
What do you think about when you cannot sleep?,What do you do when you cannot sleep?,0
"Why are all traffic light colors, one color?",Does any record of the family tree of Tamerlane (Timur)'s ancestors survive?,0
"As a new restaurant owner, would you open near your close competitor, a location with high customer traffic, or open a location with lower customer traffic, but without close competition?","How do you find a new restaurant open in your location, city?",0
What is the best framework to thinking?,What are some of the best frameworks for C++?,0
Is it ok to send a girl a poem (written by me) whom I met only once but want to date her?,Is it ok for me to date her?,0
What are capital expenditures? Where would they appear?,What are capital expenditures?,1
Why do stars form a perfect circle when you take a long exposure picture or video? Shouldn't they be scattered all over the sky?,What is the red star in the sky?,0
Why are so many people cheating in their relationship?,Why does people to cheat?,1
Is this heterochromia?,How rare are grey eyes with central heterochromia?,0
Is gift card money deducted before or after tax?,Does gift card money get removed before or after taxes during a purchase?,1
How expensive is to travel to Japan?,How much money is enough to travel Japan?,1
What is the difference between Worldpay and Stripe?,What is the difference between Mijireh and Stripe?,0
What is your JEE 'exam day' story?,What should we do on the day before JEE mains ?,0
What's the cost of iPhone in USA?,What is the cost of an iPhone?,0
What are the best mobile phone gadgets?,Which is the best smartphone 2016?,0
Why do so many Quora questions sound like high school essay assignment questions?,How many questions on Quora can be answered by a high school student?,0
What voice is below the subconscious?,"When people with schizophrenia hear voices, are they possibly hearing their subconscious talking (but obviously it is no longer their subconscious since they are now conscious of it)?",0
How can I concentrate in my daily studies?,How do I concentrate on my studies?,1
How do I move past my fear and learn options?,How do you move past fear?,0
Can you get an aneurysm from using your brain too much?,What foods must I consume in the morning to get the most from my brain?,0
What was the hardest video game ever?,Which music is played after every railway announcement in every Kerala railway station?,0
Do teachers pick favorites and give them better grades?,Do high school teachers ever fix grades for preferred students?,0
Should I eat a lot of candy before getting a tattoo because it has lots of sugar & carbs?,Is it normal to eat a lot when young?,0
What are some hot topic examples of research in the field of environmental law?,What could be the most interesting hot research topics in the field of Mathematics for an undergraduate?,0
What makes a great problem solver?,How does someone become a better problem solver?,1
"If I jump into a backyard-sized pool and get out again, the waves/ripples dissipate quite rapidly. Where does all that energy go?","When a person jumps into a pool and gets out again, the waves/ripples dissipate quite rapidly. Where does all that energy go?",1
How do you fix an LG TV turning off all by itself?,What's the main reason for a tv that won't turn off and what can I do to fix this?,0
How would you spend the last 24 hours in your life?,What would one do in the last 24 hours of one's life?,1
How do black holes disappear?,How do black holes die? Has it happened before?,1
Will the current tension between India and Pakistan result in a war?,What is the possibility of war between India and Pakistan due to terrorism?,1
What's an efficient way to overcome procrastination?,What are the best techniques that worked for you to overcome procrastination?,1
Are there any white people in Nigeria?,Are there white people in iran?,0
What advice would you give a 19-year-old going through an existential crisis?,What are some interesting life hacks?,0
Can you love someone without being in love with them?,Can you love someone without knowing that you love them?,0
Italy: What do Americans think about Italians?,I will be moving to the USA from Italy this summer. What do Americans generally think of Italians?,1
How do people from Republic of Ireland feel about Northern Irish people?,How are English people feeling now about the EU exit?,0
How can I overcome the habit of procrastination?,How can one overcome procrastination?,1
What was the biggest mistake you made in sales?,What is the biggest mistake you made in business?,0
"If a Dell laptop keyboard is not working properly, what can I do to fix it?",How do you fix a laptop keyboard that isn't working?,0
Why do we need to find boyfriend or girlfriend so earlier?,Why do we need a boyfriend or a girlfriend?,1
What are the best places to travel to in Europe?,What are some of the most amazing places to visit in Europe?,1
Will Reliance Jio enhance the efficacy of Narendra Modi Government's Influence Marketing Technique?,How many Jio SIMs can we take on one ID?,0
How can I recover my Instagram account if I don’t know the email or phone number I signed up with and have not linked to Facebook?,How can I obtain Google account if I don't remember the account or recovery?,0
What is your review of iOS 8?,What is your review of iOS 8 Extensions?,0
What's it like to talk to a Sociopath?,How does it feel to talk to a sociopath?,1
How do I move app in sd card from internal storage in redmi 2 prime?,How do I move apps in internal storage from SD card (Xolo omega 5.5)?,0
Should I remain friends with my ex?,Should I stay friends with my ex?,1
What is the best book to read about Chanakya?,What are the best books to read regarding Chanakya's life?,1
How much time required to learn c?,What are some examples of human enviromental interaction?,0
How can you get stationed in Germany after joining the US Army?,What do commissioned US Army Majors get paid?,0
Should Quora limit the number of characters for questions and answers?,Why doesn't Quora limit the length of the answers?,0
What is cotton gin?,What does a cotton gin do?,1
What is some Quinceañera guest etiquette?,What are your opinions about Mexico and Latin America?,0
What is the best book to learn about human behaviour?,Which is the best book to understand human behavior?,1
"What should be the name of our country, India or Bharat? How did we get the name India?","Which is better to call our country, India or Bharath?",1
What are a few bitter truths of life?,What are the bitter truths of life..?,1
Can I deposit money at a SBI branch which is not my home branch?,What are the Charges for Cheque deposit in Non Home Branch in SBH?,0
What can you eat on a 500 calories per day diet?,What if I only eat 300-500 calories a day a few months?,0
How can you earn a living on Quora?,How can I earn money on Quora?,1
"Are there any printing services like Society6 or redbubble which allow NSFW content, Erotic images, sexual imagery?",Are there any UK-based printing services for Hipstamatic?,0
What are some first world problems?,What are some first-world problems unique to India?,0
Were Jews black people?,Are there any Black Jews?,0
Is it possible to travel to the future?,How can we travel to the future?,1
What is your Top 10 books of all times?,What are your top 10 favorite reads?,1
How do I enable voLTE in my Redmi note 4G phone?,Does the Redmi Note 4G support dual SIM?,0
What would be the next step by Narendra Modi to eradicate black money?,What is next step after demonetization?,1
What is the most moving movie you have ever watched?,What is the most boring movie you have ever seen?,0
What did Ptolemy know?,Who was Ptolemy?,0
How do you become a solutions architect?,What are the steps for an IT undergraduate to become a cloud solution architect?,0
What are the legal separation laws in PA and how do they compare with the ones in Delaware?,What are the legal separation laws in PA and how do they compare with the ones in California?,0
What causes electronic components to fail?,Are electronics designed to fail?,0
How is the word 'crotchety' used in a sentence?,"""How is the word """"duplicity"""" used in a sentence?""",0
"""Do """"lazy eyes"""" get worse over time?""","""Do people with """"lazy eyes"""" see differently than other people?""",0
I am 35. Was making 6 figure pay? I have been laid off and feel like a failure. How do I get back to being successful?,"Some days I feel depressed, and I've been feeling like this on and off for years now. No matter how much I try, I can't get myself to cheer up. After a day or two, I feel normal again and am able to be happy. Is this depression? Should I see my doctor about this?",0
Is Sanskrit an Object Oriented language?,Is C an object-oriented language?,0
What are the licenses required to start an online grocery store with a warehouse?,What are the licenses required to start an online grocery store without a warehouse?,0
Simple analog multimeter diagram?,"What ride-sharing companies serve Westford, MA and adjacent towns?",0
"Can a stolen laptop be tracked? If yes, then how?","The department of corrections lost my medical history was on laptop that was unencrypted and stolen. And I wasn't told until a year later, can I sue?",0
What is the need of oxidation number?,What is the easiest way to find the oxidation number of a compound?,0
Which is a suitable inpatient drug and alcohol rehab center near Coweta County GA?,Which is a suitable inpatient drug and alcohol rehab center near Montgomery County GA?,0
Why are some European capital cities located inland right in the middle of the country?,Why are some European capital cities located right in the middle of the country?,0
What is the best spot for a vacation in the world?,Where is the best place to have a vacation rental?,0
"Given the nature of changing media, have you thought about having a YouTube series, and what advice do you have for YouTubers?",Should I invest jio reliance?,0
Why were there a series of movies in the 80's about hostile takeovers and Wall Street?,Which characters in The Wolf of Wall Street (2013 movie) are based on real people?,0
How do I reset my Gmail password when I don't remember my recovery information?,I was suddenly logged off Gmail. I can't remember my Gmail password and just realized the recovery email is no longer alive. What can I do?,1
Does people from any country other than Mexico immigrate to America illegally?,Hostel and mess fee in CDAC?,0
Why are Chinese so good at table tennis?,Why are the Chinese so good at table tennis?,1
"Is it wrong to be a Christian, Gay and Transgendered?",Do transgender people go to hell?,0
"""What does """"economic equity"""" mean? What are some examples?""",Which group can be taken in 12 th for taking up photography profession?,0
If God is all powerful can he make a rock so heavy even he cannot lift it?,Can god make a rock so heavy that he couldn’t lift it?,1
Did Luke surpass Darth Vader or did Vader hold back?,Did Darth Vader murder the Emperor?,0
What are the parameters to consider when designing a lifting mechanism for a cherry picker?,What parameter to consider when designing lifting mechanism of a cherry picker?,1
What are the pros and cons for buying a laptop in the open box section at Best Buy?,What is Best Buy's Open Box policy?,0
In Big 4 Audit - are you able to rise to partner if you start at 26? I've spent 4 years in investment banking and looking to switch.,"I have three years of work experience ie;16 months at a big 4 and about 21 months at a start up, I am looking for a change in my job now. My focus is to build a good profile for MBA applications, Should I apply to an MNC or a start up?",0
How good is a ThinkPad l440?,Should I go for a Lenovo Flex or a Thinkpad Edge?,0
Do women like being gang banged?,Do women want gang bangs?,1
Is transparent a color?,What is transparent color?,0
"What is the difference between Bluetooth 4.0, 3.0 and 2.0?","What are the main differences between Bluetooth 4.0, 4.1 and 4.2 in the Layers (Baseband, LMP, L2CAP, app Layer)?",0
Why do the replicants need to be killed in the movie Blade Runner? Why not just let them live 4 years?,What are some little known facts about the movie Blade Runner?,0
Have any of the survivors of the concentration camps ever met high ranking Nazi soldiers well after the war ended? If so what was that like?,What are some movies begin with the end?,0
How do I become a model in Mumbai?,How do I become a model?,0
"Does PayTM have a toll free customer care number? If yes, then have you ever spoken?",Does PayTM have a toll free customer care number?,1
Is it biologically good or bad to marry other caste?,Is it good or bad to marry other caste?,1
How do I take notes from books?,How should I take notes of the books I read?,1
Is it possible to not be able to fall in love?,Is it possible to purposely fall in love?,0
"What are the best universities for MS in mechanical with GRE 301 (V144+Q157),AWA 3.0 and CGPA 8.8/10 (SRM University) in terms of job opportunities?",What the economic problem has to do with pollution?,0
What is the average salary after getting a job in the geological survey of India through the UPSC exam?,What happens after one gets a job in the Geological Survey of India through the UPSC examination?,0
Will I lose weight if I fast?,Can I lose weight by fasting?,1
Is it possible to not be a citizen of any country?,Can I be a citizen of every country?,0
What are some good qualities of an entrepreneur?,What are the qualities of a good entrepreneur?,0
Should I buy an original PS4 or Slim?,What PS4 model should I buy ?,1
Who forged the long-form birth certificate allegedly belonging to Barack Obama?,What does Barack Obama's birth certificate look like?,0
How is Apple better than Samsung?,How is Samsung better than Apple?,0
What is western university like?,"What kind of university experience can I expect if I go to Western University? What can I expect if I go to my local school, Brock University?",0
What are some unexpected things first-time visitors to Laos notice?,What are some unexpected things first-time visitors to China notice?,0
"In Saul Bellow's Seize the Day, what does the final sentence mean?","""What does W.S.Maugham mean when he wrote the last full sentence in Chapter 46 of The Moon And Sixpence, """"I suppose it was.…..of a moral.""""?""",0
As a third year btech student what should I do to start preparing for ias exam?,I am in first year. In which direction should I start my preparation to clear for IAS exam?,1
How much revenue are Kiip developers making in 2015?,How much revenue are Kiip developers making?,0
